subject_id,session_id,epoch_id,label,data_provenance,ch0_delta,ch0_theta,ch0_alpha,ch0_beta,ch0_gamma,ch1_delta,ch1_theta,ch1_alpha,ch1_beta,ch1_gamma,ch2_delta,ch2_theta,ch2_alpha,ch2_beta,ch2_gamma,ch3_delta,ch3_theta,ch3_alpha,ch3_beta,ch3_gamma,imu_motion_magnitude,motion_contaminated
SYN-SUBJ-000,SYN-SUBJ-000-SESS-0,0,RECALL,synthetic,0.9352,1.0528,1.5678,0.96,0.165,0.9248,0.9442,1.6297,1.0794,0.2212,0.7865,0.896,1.0986,0.7395,0.6106,0.8895,1.4748,1.4865,0.8312,0.3,0.2153,False
SYN-SUBJ-000,SYN-SUBJ-000-SESS-0,1,RECALL,synthetic,3.5225,2.9945,3.2648,4.6592,2.2079,4.5977,3.7215,4.6652,4.4998,4.6341,3.3831,2.4313,4.0033,4.0003,1.8159,2.886,3.4023,4.6276,3.5926,1.9258,5.3763,True
SYN-SUBJ-000,SYN-SUBJ-000-SESS-0,2,RECALL,synthetic,1.3602,1.4839,1.7017,0.6156,0.3154,1.0468,1.2643,1.747,0.7406,0.5639,1.0856,0.9686,1.1674,0.9734,0.214,0.7733,0.8596,1.6148,0.9761,0.059,0.8611,False
SYN-SUBJ-000,SYN-SUBJ-000-SESS-0,3,ENCODING,synthetic,0.9955,1.6468,0.7257,1.2042,0.5736,1.2851,1.5709,1.4667,0.8887,0.8767,1.0072,1.4493,0.6963,0.9406,0.8342,1.1825,1.7506,0.3844,1.1561,0.6173,0.5006,False
SYN-SUBJ-000,SYN-SUBJ-000-SESS-0,4,ENCODING,synthetic,0.8409,1.8533,1.1955,1.1405,0.2288,1.0547,1.808,1.3051,1.5045,0.973,0.7162,1.343,0.8098,1.1595,0.6319,1.4298,1.5366,0.9907,1.1636,0.3861,0.7319,False
SYN-SUBJ-000,SYN-SUBJ-000-SESS-0,5,ENCODING,synthetic,0.9368,1.4515,0.9519,0.6531,0.0,1.134,1.8421,0.4723,0.5776,0.8567,0.7972,1.4327,0.6113,0.6779,0.6996,0.6031,1.9612,0.7984,1.035,0.5258,0.5539,False
SYN-SUBJ-000,SYN-SUBJ-000-SESS-0,6,NEITHER,synthetic,0.9986,1.2969,1.1307,1.05,1.0166,1.0393,0.9044,1.0064,1.3491,0.5081,1.1082,1.2773,0.8502,0.5467,0.5532,1.0358,0.8264,1.1962,1.1303,0.2296,0.7291,False
SYN-SUBJ-000,SYN-SUBJ-000-SESS-0,7,NEITHER,synthetic,1.1079,0.9247,0.9081,0.9171,0.0336,1.1045,1.0817,0.8445,0.9473,0.5915,1.233,1.0482,0.9082,1.1539,0.0186,1.2751,1.1881,0.9367,0.9675,0.827,0.2364,False
SYN-SUBJ-000,SYN-SUBJ-000-SESS-0,8,RECALL,synthetic,1.2098,1.0355,1.725,1.206,0.5663,1.1738,0.9603,1.5369,0.7092,0.0,1.2704,1.2967,1.4692,0.9498,0.3362,0.788,1.6083,1.2038,0.8292,0.4773,0.5842,False
SYN-SUBJ-000,SYN-SUBJ-000-SESS-0,9,NEITHER,synthetic,0.8926,0.8945,0.9618,0.4909,0.4544,1.0636,1.0175,1.1427,0.7843,0.7814,0.8619,0.9158,0.9445,1.2968,0.6586,0.7784,0.8915,0.9532,1.3497,0.4013,0.1309,False
SYN-SUBJ-000,SYN-SUBJ-000-SESS-0,10,NEITHER,synthetic,1.1591,0.8098,1.3602,1.2269,0.6002,1.811,0.9703,1.1335,1.0553,0.4229,1.5574,1.355,0.6285,0.8784,0.5855,1.1742,0.6413,0.4145,0.5018,0.4606,0.8171,False
SYN-SUBJ-000,SYN-SUBJ-000-SESS-0,11,RECALL,synthetic,0.9526,1.3865,1.7892,0.9307,1.0012,0.9715,0.8332,1.4443,1.1469,0.2683,1.2966,1.1571,1.2416,0.9745,1.0247,1.3151,1.0897,1.5143,0.9125,0.412,0.9798,False
SYN-SUBJ-000,SYN-SUBJ-000-SESS-0,12,ENCODING,synthetic,1.0929,1.3281,0.8941,1.0771,0.4844,1.38,1.2157,0.5235,0.8444,0.3554,0.9082,1.7278,1.1325,1.3374,0.214,1.3214,1.1675,1.0254,1.1619,0.8259,0.8841,False
SYN-SUBJ-000,SYN-SUBJ-000-SESS-0,13,RECALL,synthetic,1.2403,0.9765,0.9082,0.9908,0.6268,1.0265,0.8299,1.3445,1.0607,0.8668,0.7789,0.662,1.6744,0.9607,0.2904,1.1883,1.3055,1.4264,1.0257,0.3144,0.9185,False
SYN-SUBJ-000,SYN-SUBJ-000-SESS-0,14,RECALL,synthetic,1.0089,1.0289,1.306,1.1404,0.5026,0.7424,1.4189,1.6763,0.9366,0.3192,0.7823,1.2861,1.4418,1.0932,0.4323,1.1325,0.9494,1.6693,0.9326,0.6858,0.7285,False
SYN-SUBJ-000,SYN-SUBJ-000-SESS-0,15,RECALL,synthetic,1.1465,1.1017,1.4661,1.1094,0.3826,1.2356,1.052,1.0288,0.9218,0.2491,0.431,0.9649,1.3133,0.4247,0.7335,1.2853,0.8116,1.4116,0.868,0.719,0.6669,False
SYN-SUBJ-000,SYN-SUBJ-000-SESS-0,16,RECALL,synthetic,0.8037,0.9415,1.6035,0.4574,0.7629,0.7404,0.4939,1.3202,0.838,0.4716,0.9763,0.9175,1.7363,0.6589,0.3028,0.7148,1.0373,1.5424,1.2541,0.841,0.1697,False
SYN-SUBJ-000,SYN-SUBJ-000-SESS-0,17,ENCODING,synthetic,0.719,1.3994,0.6806,1.4914,0.8195,0.9988,1.793,1.0275,0.846,1.1669,1.1841,1.2511,0.7032,0.4776,0.6225,0.6246,1.3962,0.79,1.1466,0.7072,0.8927,False
SYN-SUBJ-000,SYN-SUBJ-000-SESS-0,18,ENCODING,synthetic,1.2835,1.6662,1.4212,0.8852,0.2149,0.4559,1.3813,1.0751,1.0708,0.1782,1.0462,1.3748,0.8993,0.9873,0.2083,1.1879,1.0943,0.4904,1.2204,0.3396,0.8615,False
SYN-SUBJ-000,SYN-SUBJ-000-SESS-0,19,RECALL,synthetic,1.0275,0.9846,1.8346,1.0085,0.1764,0.8383,0.8352,1.6596,1.0743,0.4485,1.1958,0.8463,1.4443,1.0236,0.8604,0.9538,0.8907,1.2169,1.1499,0.3315,0.4201,False
SYN-SUBJ-000,SYN-SUBJ-000-SESS-0,20,NEITHER,synthetic,1.0643,1.49,1.0415,0.7253,0.3481,1.1755,0.9043,0.5723,1.3144,0.6378,0.7116,0.9352,0.532,1.2101,0.3051,0.937,1.2637,0.6937,1.2174,0.5979,0.8405,False
SYN-SUBJ-000,SYN-SUBJ-000-SESS-0,21,ENCODING,synthetic,0.5954,1.0461,0.8625,0.6694,0.2771,1.2069,1.7115,1.0845,0.8608,0.4642,1.2006,1.3607,1.0421,1.1252,0.3398,1.2278,1.4994,1.1217,0.7357,0.4779,0.9519,False
SYN-SUBJ-000,SYN-SUBJ-000-SESS-0,22,ENCODING,synthetic,0.8966,1.6492,0.6222,0.9946,0.0,0.9943,1.6266,1.0531,1.0846,0.3222,0.6966,1.6559,1.3582,0.9944,0.3277,0.6541,1.3194,1.3262,1.2832,0.595,0.0257,False
SYN-SUBJ-000,SYN-SUBJ-000-SESS-0,23,RECALL,synthetic,0.9521,1.1815,1.3459,1.1335,0.4186,0.584,0.7207,1.4957,1.3644,0.3575,1.3382,1.1308,1.0593,0.9121,0.4492,0.6182,0.9032,1.8061,1.13,0.7385,0.4902,False
SYN-SUBJ-000,SYN-SUBJ-000-SESS-0,24,RECALL,synthetic,0.9991,0.6691,1.125,0.9075,0.2206,0.9125,0.3331,1.4212,1.4291,0.1992,0.9101,0.606,1.6379,0.9221,0.9636,1.0301,0.8853,1.616,0.8518,0.1436,0.379,False
SYN-SUBJ-000,SYN-SUBJ-000-SESS-0,25,ENCODING,synthetic,1.0539,1.4471,1.2359,0.8601,0.6312,0.916,1.9092,1.2107,0.7605,0.3165,0.9614,1.5922,1.2334,0.8041,0.4154,0.5885,1.6374,0.9342,0.9933,0.4086,0.2433,False
SYN-SUBJ-000,SYN-SUBJ-000-SESS-0,26,NEITHER,synthetic,1.2231,0.6751,1.0298,0.6091,0.6651,0.7891,1.3188,0.9535,1.167,0.5971,1.0908,1.2048,1.1898,0.9906,0.3189,1.0387,1.2597,0.8694,0.302,0.2769,0.1005,False
SYN-SUBJ-000,SYN-SUBJ-000-SESS-0,27,ENCODING,synthetic,0.9469,1.4423,1.1411,0.9445,0.3528,1.0587,1.602,0.8213,1.5579,0.2077,0.6599,1.6098,1.002,0.9173,0.7571,0.6284,2.1246,0.9706,1.4756,0.5477,0.4917,False
SYN-SUBJ-000,SYN-SUBJ-000-SESS-0,28,NEITHER,synthetic,1.0388,1.1125,1.0254,0.782,0.3965,1.1038,0.9736,1.0093,0.6384,0.5237,0.8054,0.7076,0.9397,0.5143,0.653,1.1914,0.965,0.7299,0.742,0.4406,0.2078,False
SYN-SUBJ-000,SYN-SUBJ-000-SESS-0,29,ENCODING,synthetic,0.3725,1.74,1.0688,0.8402,0.4316,0.6575,1.7862,0.9151,0.9905,0.4301,1.1764,1.6394,0.9042,0.9988,0.6733,1.0639,1.2558,1.0335,0.8218,0.6124,0.149,False
SYN-SUBJ-000,SYN-SUBJ-000-SESS-0,30,RECALL,synthetic,1.0962,1.1141,1.5437,0.8312,0.8671,0.7913,0.8915,1.7495,1.2473,0.2927,0.4101,0.6867,1.4775,1.0408,0.5129,0.7777,1.0697,1.4781,1.0878,0.9402,0.5752,False
SYN-SUBJ-000,SYN-SUBJ-000-SESS-0,31,ENCODING,synthetic,0.8657,1.4854,0.8034,1.3851,0.5834,0.6216,1.6453,1.1151,0.8988,0.1733,0.7971,1.4692,0.9841,0.8484,0.6622,0.7409,1.1455,0.7935,1.3156,0.3351,0.8136,False
SYN-SUBJ-000,SYN-SUBJ-000-SESS-0,32,NEITHER,synthetic,3.2837,4.4079,4.7648,4.6572,3.1226,4.3198,3.8256,3.07,2.8349,3.0681,3.0516,3.9462,2.9286,3.2952,4.1039,4.5561,3.2597,4.4313,3.4318,2.8394,3.0062,True
SYN-SUBJ-000,SYN-SUBJ-000-SESS-0,33,ENCODING,synthetic,1.0094,1.0649,0.9518,1.1104,0.3268,1.0428,1.3277,1.251,0.8589,0.5658,0.7942,1.4785,1.2955,1.2683,0.4764,1.1634,1.8283,0.8001,1.2402,0.213,0.3218,False
SYN-SUBJ-000,SYN-SUBJ-000-SESS-0,34,ENCODING,synthetic,0.9041,1.5957,1.2235,1.1373,0.2762,0.8609,1.8358,1.188,0.8516,0.9205,0.9461,1.4955,0.8611,1.1051,0.4499,1.1977,1.5299,1.3683,1.263,0.9233,0.0153,False
SYN-SUBJ-000,SYN-SUBJ-000-SESS-0,35,ENCODING,synthetic,1.3004,1.4969,0.8588,0.3309,0.6041,0.7755,1.9045,0.6909,0.5835,0.7753,0.5821,1.4193,1.1277,0.896,0.0645,1.0254,1.5298,1.2994,1.1255,1.2373,0.7468,False
SYN-SUBJ-000,SYN-SUBJ-000-SESS-0,36,RECALL,synthetic,0.5669,1.0038,1.0892,1.1001,0.5674,0.9599,1.0361,1.4401,1.0542,0.3112,1.1845,0.9878,1.7359,0.9129,0.3351,1.1339,1.2839,1.198,1.2334,0.1477,0.2322,False
SYN-SUBJ-000,SYN-SUBJ-000-SESS-0,37,NEITHER,synthetic,0.9832,0.9772,1.0127,1.1594,0.0,0.914,0.8467,0.7634,1.0608,0.1742,0.7918,0.8098,1.0652,1.0723,0.3407,0.7633,1.1688,1.0045,1.303,0.0,0.2952,False
SYN-SUBJ-000,SYN-SUBJ-000-SESS-0,38,NEITHER,synthetic,0.6232,1.4781,1.0038,1.0977,0.0,1.3283,0.7582,1.2469,0.5099,0.5075,0.7999,1.0347,0.8119,1.0481,0.655,0.9933,0.5516,0.9213,0.8554,0.7662,0.0394,False
SYN-SUBJ-000,SYN-SUBJ-000-SESS-0,39,RECALL,synthetic,3.5919,3.6669,4.42,4.8032,3.3115,2.6903,4.7613,4.3305,4.4297,2.2605,4.0989,4.2217,4.343,2.8848,2.7017,3.3882,4.4788,4.5561,3.6512,3.3988,5.8011,True
SYN-SUBJ-000,SYN-SUBJ-000-SESS-0,40,RECALL,synthetic,0.727,0.9946,1.5673,1.2236,0.0,0.8959,1.2209,1.8644,1.4436,0.3808,1.2528,1.4063,1.7779,1.1593,0.6853,0.7809,0.6166,1.7241,0.8916,0.4714,0.4149,False
SYN-SUBJ-000,SYN-SUBJ-000-SESS-0,41,ENCODING,synthetic,0.8337,1.1364,0.5855,0.9073,0.8545,1.0338,1.8438,0.9991,1.2148,0.7159,0.9498,1.8716,0.7701,1.1649,0.553,1.5762,1.4574,1.0277,0.8805,0.5626,0.9711,False
SYN-SUBJ-000,SYN-SUBJ-000-SESS-0,42,ENCODING,synthetic,1.3254,1.5836,1.108,0.8918,0.4412,0.9946,1.4088,1.0855,1.4716,0.4115,1.1028,1.5937,0.9674,1.0664,0.3698,1.1084,1.7168,1.1464,1.3055,0.5211,0.79,False
SYN-SUBJ-000,SYN-SUBJ-000-SESS-0,43,ENCODING,synthetic,0.9854,1.7738,0.9978,1.1611,0.6652,1.0469,1.6377,0.7538,1.0541,0.2503,0.8262,1.6398,1.3184,0.9004,0.0,0.8636,1.4003,0.9393,0.9291,0.963,0.4263,False
SYN-SUBJ-000,SYN-SUBJ-000-SESS-0,44,ENCODING,synthetic,0.9741,1.6608,0.9259,1.2775,0.6448,1.1621,1.6588,0.7671,0.7445,0.1106,1.6981,1.3085,0.9259,0.8883,0.4081,0.8324,1.1113,0.7288,0.6307,0.4467,0.4516,False
SYN-SUBJ-000,SYN-SUBJ-000-SESS-0,45,ENCODING,synthetic,0.8073,1.6963,0.7555,0.9507,0.2637,0.905,1.7556,1.3433,0.8689,0.3705,0.996,1.8069,1.1142,0.9702,0.2371,1.0385,1.6425,1.2876,0.892,0.3545,0.8736,False
SYN-SUBJ-000,SYN-SUBJ-000-SESS-0,46,RECALL,synthetic,0.753,0.8596,0.8321,0.7905,0.3411,0.8258,0.8971,1.3799,0.83,0.854,1.2821,0.6929,1.7919,0.573,0.2747,1.3597,0.4185,1.6221,0.665,0.4424,0.9291,False
SYN-SUBJ-000,SYN-SUBJ-000-SESS-0,47,NEITHER,synthetic,0.9333,1.1433,1.3312,0.8959,0.6907,1.4829,0.9978,0.747,0.876,0.7008,1.2538,1.3847,1.0576,1.0351,0.733,0.8485,1.1806,0.9015,0.5523,0.3824,0.0526,False
SYN-SUBJ-000,SYN-SUBJ-000-SESS-0,48,ENCODING,synthetic,0.935,1.6765,1.0101,0.7324,0.5703,0.7762,1.4173,1.0427,1.271,0.4101,1.0786,1.4322,0.6766,0.7668,0.4422,1.1113,2.2875,1.1375,1.0354,0.8804,0.7642,False
SYN-SUBJ-000,SYN-SUBJ-000-SESS-0,49,RECALL,synthetic,0.8346,1.3924,1.4985,1.0884,0.6967,0.8939,0.6963,1.7049,0.5862,0.9256,1.196,1.0253,1.4912,1.4162,0.2418,0.6883,0.8289,1.4129,0.7268,0.5169,0.3248,False
SYN-SUBJ-000,SYN-SUBJ-000-SESS-0,50,NEITHER,synthetic,1.0124,0.8906,0.7583,0.8693,0.5242,0.7459,1.0778,1.4234,1.2181,0.4737,0.8015,0.9965,0.8804,0.7725,0.25,1.1277,1.3844,0.6046,1.4855,0.3921,0.1028,False
SYN-SUBJ-000,SYN-SUBJ-000-SESS-0,51,RECALL,synthetic,0.8665,0.6404,1.2249,0.891,0.349,1.0201,0.6895,1.4902,0.5563,0.0,1.1576,0.6521,1.3384,0.624,0.1262,0.8787,0.8759,1.724,1.0908,0.4131,0.0562,False
SYN-SUBJ-000,SYN-SUBJ-000-SESS-0,52,NEITHER,synthetic,3.8222,3.4292,4.1462,4.0713,2.9242,3.7822,2.2807,3.2228,3.8148,2.6047,4.5004,3.06,3.4876,5.3361,3.384,4.5898,3.2956,2.667,3.6832,3.2599,3.853,True
SYN-SUBJ-000,SYN-SUBJ-000-SESS-0,53,RECALL,synthetic,1.1711,0.677,1.0254,1.1359,0.3175,0.8586,0.9098,1.094,1.5088,0.3991,0.742,0.4909,1.1469,0.8895,0.7046,1.0969,0.5361,1.2523,0.5665,0.4516,0.5264,False
SYN-SUBJ-000,SYN-SUBJ-000-SESS-0,54,NEITHER,synthetic,0.5991,0.9305,0.9758,0.7563,1.0512,0.7461,1.3357,1.3898,2.0571,0.5961,1.1515,1.049,0.6893,0.5816,0.3771,0.6153,0.9173,1.2258,0.7353,0.3599,0.1808,False
SYN-SUBJ-000,SYN-SUBJ-000-SESS-0,55,NEITHER,synthetic,0.8954,1.0329,0.8382,0.7407,0.5765,0.8962,0.8136,0.7861,1.0487,0.4759,0.7055,0.7681,0.9328,1.0797,0.216,1.1004,0.7724,1.6603,0.7431,0.2809,0.3819,False
SYN-SUBJ-000,SYN-SUBJ-000-SESS-0,56,NEITHER,synthetic,1.0269,1.066,1.1204,0.5764,0.1679,1.2493,1.0705,0.5758,1.4006,0.4061,0.6861,1.0525,1.0522,1.1243,0.7092,0.5086,0.9389,1.439,1.2777,0.6898,0.9305,False
SYN-SUBJ-000,SYN-SUBJ-000-SESS-0,57,RECALL,synthetic,3.2588,3.4877,3.8525,4.5368,3.7556,4.6862,4.375,4.3514,2.7908,4.2347,3.9422,2.7127,3.3955,3.5032,4.0373,4.6244,4.0025,3.8825,2.8683,2.268,3.958,True
SYN-SUBJ-000,SYN-SUBJ-000-SESS-0,58,NEITHER,synthetic,1.1269,0.7445,0.9436,1.2784,0.388,1.0459,0.6885,1.4824,1.0431,0.7165,1.0452,0.6883,1.2747,0.9201,0.5515,0.9988,1.3436,1.241,1.1785,0.484,0.3523,False
SYN-SUBJ-000,SYN-SUBJ-000-SESS-0,59,RECALL,synthetic,0.8447,1.1754,1.8656,0.6024,0.5634,0.6694,0.6421,1.8774,1.1454,0.2773,1.0331,1.1389,1.5237,1.5402,0.6298,0.2301,0.9058,1.2942,0.9273,0.4818,0.357,False
SYN-SUBJ-000,SYN-SUBJ-000-SESS-1,0,ENCODING,synthetic,0.8156,1.5149,1.0906,0.624,0.8653,0.9561,1.0485,0.4679,1.4192,0.1852,0.9854,1.8474,0.8398,1.1056,0.0961,1.277,1.74,1.1162,0.6963,0.4342,0.6609,False
SYN-SUBJ-000,SYN-SUBJ-000-SESS-1,1,RECALL,synthetic,1.0705,0.9479,1.3305,0.7229,0.5723,0.8984,0.4335,1.2779,0.8019,0.1951,0.6382,1.3273,1.6099,0.729,0.6451,0.9783,0.8308,1.955,1.0728,0.3612,0.1262,False
SYN-SUBJ-000,SYN-SUBJ-000-SESS-1,2,ENCODING,synthetic,0.7369,1.4144,1.1613,0.6676,0.3386,0.7156,1.0284,0.6841,1.284,0.2039,0.8409,1.2881,1.1948,0.9787,0.6011,0.952,1.2856,0.7349,1.1877,0.464,0.4463,False
SYN-SUBJ-000,SYN-SUBJ-000-SESS-1,3,NEITHER,synthetic,1.172,1.2299,0.8328,1.3295,0.8193,0.4675,1.1372,0.8775,1.0146,0.278,0.5387,0.8806,1.1876,1.2652,0.6024,1.3571,0.6704,0.8423,0.4223,0.1903,0.5088,False
SYN-SUBJ-000,SYN-SUBJ-000-SESS-1,4,ENCODING,synthetic,0.6403,1.6264,0.801,0.742,0.4873,0.7262,1.4553,1.1095,0.9643,0.5473,0.9171,1.2598,1.2155,0.7236,0.5128,0.7029,1.7546,1.1324,1.1331,0.7285,0.5174,False
SYN-SUBJ-000,SYN-SUBJ-000-SESS-1,5,ENCODING,synthetic,1.1042,1.6459,0.6276,1.2482,1.0707,0.4774,1.8042,1.0994,1.0223,0.5642,1.1014,1.4051,1.3311,0.641,0.968,1.3603,1.2819,0.977,1.3334,0.3556,0.3028,False
SYN-SUBJ-000,SYN-SUBJ-000-SESS-1,6,NEITHER,synthetic,4.0403,2.6301,3.8598,4.9734,1.9503,4.9172,4.3282,3.8929,4.195,3.8571,4.1823,4.4365,3.671,2.5079,3.1273,2.6152,4.6826,3.0281,4.1495,2.264,3.3461,True
SYN-SUBJ-000,SYN-SUBJ-000-SESS-1,7,ENCODING,synthetic,0.6783,1.5799,1.0912,0.9169,0.7167,0.837,1.4531,1.0761,0.868,0.3249,1.2685,1.4155,1.3702,0.6778,0.4817,0.7636,1.5801,1.5746,1.0658,0.0,0.2151,False
SYN-SUBJ-000,SYN-SUBJ-000-SESS-1,8,RECALL,synthetic,3.1595,3.7662,3.4162,2.9323,2.6457,2.4226,2.796,3.4803,3.3544,3.741,4.1334,2.6195,3.8271,3.7107,2.3126,2.3765,2.4237,4.1744,2.4112,4.4142,3.6149,True
SYN-SUBJ-000,SYN-SUBJ-000-SESS-1,9,RECALL,synthetic,0.893,0.9642,1.268,0.736,0.8803,0.5938,0.8991,1.3369,1.4159,0.2251,1.2538,1.3067,1.4367,1.0948,0.0937,0.9563,0.9246,0.8335,1.0822,0.5672,0.5776,False
SYN-SUBJ-000,SYN-SUBJ-000-SESS-1,10,NEITHER,synthetic,3.2562,4.02,3.3683,3.9908,3.5621,3.6234,3.762,4.0914,3.9402,3.9764,3.4466,2.8525,3.0898,4.0784,3.2695,3.9544,4.0383,4.8458,3.4624,4.2553,5.1991,True
SYN-SUBJ-000,SYN-SUBJ-000-SESS-1,11,NEITHER,synthetic,1.5466,0.9175,0.7687,0.6396,0.9521,1.0346,0.7866,1.2492,1.2387,0.0,1.4586,1.2374,0.4132,1.0481,0.2834,0.8857,1.363,0.8246,1.2006,0.4668,0.2021,False
SYN-SUBJ-000,SYN-SUBJ-000-SESS-1,12,NEITHER,synthetic,1.2637,0.7943,0.9028,1.2962,0.7387,0.9838,1.0589,1.1264,0.8781,0.4908,1.0926,0.8417,1.2259,0.9214,0.3549,1.6517,0.8258,1.1772,1.2829,0.6863,0.6505,False
SYN-SUBJ-000,SYN-SUBJ-000-SESS-1,13,RECALL,synthetic,0.7848,0.6462,1.045,1.2548,0.6525,0.5875,0.8906,1.988,0.7642,0.713,1.4392,1.2308,1.9798,1.2298,0.4739,0.3914,0.9954,2.0329,0.8439,0.5028,0.568,False
SYN-SUBJ-000,SYN-SUBJ-000-SESS-1,14,ENCODING,synthetic,0.9545,1.4382,1.2152,0.7861,0.242,1.0814,1.4924,0.7789,0.9731,0.5593,0.7695,1.5356,0.6195,0.9701,0.4371,0.8696,1.7569,0.9035,0.8327,0.2049,0.4055,False
SYN-SUBJ-000,SYN-SUBJ-000-SESS-1,15,RECALL,synthetic,0.7493,1.2964,1.6712,1.0332,0.6046,0.8942,1.1473,1.466,1.1612,0.493,0.3581,0.85,1.8578,1.3415,0.5045,0.9469,0.8946,1.636,1.1231,0.2336,0.8951,False
SYN-SUBJ-000,SYN-SUBJ-000-SESS-1,16,NEITHER,synthetic,1.1438,0.8477,0.6465,1.2012,0.3912,1.0928,1.5959,0.7055,1.016,0.7196,0.9614,0.8142,0.4512,0.9992,0.0289,1.1721,0.6018,0.8358,0.6736,0.5494,0.5282,False
SYN-SUBJ-000,SYN-SUBJ-000-SESS-1,17,RECALL,synthetic,3.5919,4.0336,4.5293,3.9105,2.4492,2.7972,4.0721,4.3606,3.3641,4.2561,4.3854,3.9775,4.7041,2.8583,4.5282,4.8995,2.5199,4.5333,5.1561,4.3016,3.8387,True
SYN-SUBJ-000,SYN-SUBJ-000-SESS-1,18,RECALL,synthetic,0.7712,0.8274,1.1427,0.6254,0.3894,0.888,1.1065,1.18,0.9072,0.4538,0.8026,1.032,1.4796,0.8665,0.8353,0.6823,0.8935,1.5622,0.8095,0.3643,0.9374,False
SYN-SUBJ-000,SYN-SUBJ-000-SESS-1,19,NEITHER,synthetic,1.1436,1.3382,1.0522,0.5382,0.0907,1.1206,0.8593,1.2845,1.1161,0.126,1.1017,1.1085,0.8436,1.2369,0.5521,0.5725,0.8748,1.0008,0.8428,0.6608,0.9164,False
SYN-SUBJ-000,SYN-SUBJ-000-SESS-1,20,NEITHER,synthetic,0.9709,0.6733,0.7628,0.8874,0.6697,1.2067,1.2662,1.0166,1.1863,1.0432,1.206,1.3791,0.6007,0.7929,0.2906,0.3091,0.9968,1.3265,0.8446,0.5272,0.4163,False
SYN-SUBJ-000,SYN-SUBJ-000-SESS-1,21,ENCODING,synthetic,0.7649,1.7038,1.2626,0.9885,0.6568,1.0657,1.4695,0.8946,0.9982,0.257,1.1137,1.3349,0.9319,0.9714,0.7021,1.2186,1.7086,0.7649,1.2027,0.5173,0.3772,False
SYN-SUBJ-000,SYN-SUBJ-000-SESS-1,22,NEITHER,synthetic,0.907,1.0915,0.8633,1.0079,0.0781,0.712,0.8752,1.1318,0.8139,0.5207,0.9667,1.5687,0.7324,1.7074,1.1402,0.7937,1.003,0.8444,0.8752,0.7512,0.7755,False
SYN-SUBJ-000,SYN-SUBJ-000-SESS-1,23,RECALL,synthetic,0.8173,0.8508,1.3057,0.6493,0.878,0.5381,1.0739,1.4054,0.5614,0.4064,1.1307,0.9489,1.549,1.2485,0.1685,1.2941,1.0107,1.1338,0.7774,0.4321,0.23,False
SYN-SUBJ-000,SYN-SUBJ-000-SESS-1,24,NEITHER,synthetic,1.137,0.6139,0.98,0.9016,0.3015,1.2617,0.3916,0.7957,0.7527,0.6971,1.366,1.1723,1.3272,0.4222,0.5193,0.6326,0.8846,1.0396,1.002,0.8223,0.6682,False
SYN-SUBJ-000,SYN-SUBJ-000-SESS-1,25,ENCODING,synthetic,0.4837,1.678,0.8268,0.9694,0.4457,0.7369,1.5697,0.7048,0.7284,0.2647,0.7864,1.5497,0.9806,0.9418,0.4661,0.7814,1.5416,1.0244,0.9718,0.6231,0.8062,False
SYN-SUBJ-000,SYN-SUBJ-000-SESS-1,26,ENCODING,synthetic,2.3739,4.4914,4.6478,3.3837,3.2434,2.3449,4.4864,4.834,4.0799,3.5634,2.754,4.4811,3.5723,4.6925,1.9013,2.9344,5.2357,2.8108,2.4799,3.8654,2.6152,True
SYN-SUBJ-000,SYN-SUBJ-000-SESS-1,27,RECALL,synthetic,2.7548,4.8166,5.6654,3.797,4.4088,3.3,4.0481,3.2707,3.9721,2.4945,2.7618,3.6951,5.189,4.2736,3.4192,3.4604,3.257,4.6991,3.0912,2.6505,3.83,True
SYN-SUBJ-000,SYN-SUBJ-000-SESS-1,28,NEITHER,synthetic,1.0761,0.7965,1.1296,1.4805,0.8038,0.5805,1.1224,1.0639,1.0424,0.1889,1.1124,0.862,0.9693,1.2471,0.648,0.6192,0.7279,1.0042,0.9486,0.1061,0.7248,False
SYN-SUBJ-000,SYN-SUBJ-000-SESS-1,29,NEITHER,synthetic,1.2024,1.301,0.9339,1.0969,0.6926,1.1145,1.1405,0.8881,0.9823,0.2387,1.0827,0.8789,0.9883,0.9764,0.6665,0.7411,0.741,1.0183,1.0904,0.2731,0.3322,False
SYN-SUBJ-000,SYN-SUBJ-000-SESS-1,30,NEITHER,synthetic,1.5523,1.1529,0.7733,0.5563,0.675,0.7828,0.7054,0.8725,1.3014,0.3822,0.7096,1.089,1.2048,0.8069,0.8479,0.5386,0.4926,1.0227,0.7608,0.3953,0.365,False
SYN-SUBJ-000,SYN-SUBJ-000-SESS-1,31,NEITHER,synthetic,1.4094,1.1358,0.9757,0.9848,0.4203,0.893,0.3862,1.0905,1.411,0.5247,0.8958,1.235,0.6147,0.9147,0.3572,0.9162,1.1588,1.1269,1.1945,0.283,0.5979,False
SYN-SUBJ-000,SYN-SUBJ-000-SESS-1,32,NEITHER,synthetic,1.169,0.4164,0.955,0.8662,0.186,1.0381,0.7501,1.2241,0.789,0.4103,0.898,1.0219,0.615,0.7572,0.7634,1.6676,1.1753,0.8672,0.7516,0.4893,0.4305,False
SYN-SUBJ-000,SYN-SUBJ-000-SESS-1,33,ENCODING,synthetic,2.3841,4.7912,2.7116,3.9812,3.9027,4.1943,4.5244,4.6497,4.2531,3.8063,3.968,4.8177,3.7019,4.3243,2.0658,4.4121,5.5035,3.8402,3.0052,3.7237,4.7042,True
SYN-SUBJ-000,SYN-SUBJ-000-SESS-1,34,ENCODING,synthetic,1.1026,1.523,1.0036,0.8534,0.3695,0.7708,1.4426,0.9308,0.8155,0.485,0.5237,1.6854,1.0228,1.0899,0.3625,0.8513,1.824,0.9398,1.475,0.1269,0.597,False
SYN-SUBJ-000,SYN-SUBJ-000-SESS-1,35,NEITHER,synthetic,0.9165,1.1538,1.1315,0.8299,0.5186,0.771,0.5802,1.2697,0.8151,0.3765,0.7871,0.9873,1.1028,0.8818,0.577,0.721,1.1956,0.7446,0.8596,0.1691,0.9192,False
SYN-SUBJ-000,SYN-SUBJ-000-SESS-1,36,ENCODING,synthetic,1.0044,1.4412,0.9873,0.8703,0.7299,1.2009,1.6563,1.1136,0.9865,0.735,0.3876,1.2863,0.9684,0.875,0.2408,1.1334,1.3338,1.0327,1.0095,0.4928,0.2749,False
SYN-SUBJ-000,SYN-SUBJ-000-SESS-1,37,NEITHER,synthetic,0.7711,1.0404,0.6615,1.0197,0.189,0.6531,0.9563,0.9433,1.2893,0.7903,0.9605,0.9964,0.5564,0.8146,0.5416,0.6147,1.1633,0.8711,0.8233,0.5236,0.2628,False
SYN-SUBJ-000,SYN-SUBJ-000-SESS-1,38,ENCODING,synthetic,0.9331,2.0103,0.962,1.0158,0.933,0.7806,1.4565,0.892,0.6352,0.5473,1.0966,1.6242,1.1423,1.1948,0.5631,0.918,1.8835,0.8042,1.3275,0.4301,0.858,False
SYN-SUBJ-000,SYN-SUBJ-000-SESS-1,39,NEITHER,synthetic,1.1696,1.2526,1.2917,0.9041,0.5245,0.916,1.3382,0.9383,0.8512,0.6121,1.1536,0.9858,1.4599,0.8702,0.5648,0.7417,0.7186,0.9083,1.0484,0.5967,0.4029,False
SYN-SUBJ-000,SYN-SUBJ-000-SESS-1,40,NEITHER,synthetic,0.5672,1.1994,0.8849,1.1902,0.4099,1.4096,0.9851,0.9345,0.5757,0.1216,1.0737,0.9215,1.0487,0.8072,0.4408,0.8225,1.0522,0.9238,1.4445,0.3064,0.5661,False
SYN-SUBJ-000,SYN-SUBJ-000-SESS-1,41,RECALL,synthetic,1.2581,1.3118,1.2169,1.3146,0.5782,1.0019,0.9396,1.6108,0.9155,0.0,1.1876,0.2366,1.84,1.4139,0.1997,0.8153,1.4609,1.5574,0.9009,0.4121,0.6645,False
SYN-SUBJ-000,SYN-SUBJ-000-SESS-1,42,NEITHER,synthetic,1.0581,0.8086,1.1078,0.9213,0.3049,0.7602,0.6552,1.2629,0.9803,0.5987,1.111,0.9638,0.9475,0.8239,0.0442,1.2396,0.9589,1.043,1.0491,0.1779,0.1024,False
SYN-SUBJ-000,SYN-SUBJ-000-SESS-1,43,RECALL,synthetic,1.2499,0.9036,1.7123,1.1759,0.0089,0.7416,0.6864,1.7709,1.1125,0.3632,0.8827,0.8756,1.6176,0.9723,0.0,0.7769,0.7983,1.5872,1.4997,0.5601,0.73,False
SYN-SUBJ-000,SYN-SUBJ-000-SESS-1,44,RECALL,synthetic,1.0772,0.9243,1.6045,0.9607,0.5818,0.6588,0.867,1.1395,0.7066,0.3011,0.5267,0.8631,1.3007,0.6818,0.4452,0.9756,0.7691,1.9814,1.1579,0.7588,0.1127,False
SYN-SUBJ-000,SYN-SUBJ-000-SESS-1,45,RECALL,synthetic,0.8963,1.451,1.7045,1.2144,0.4963,0.8781,1.2044,1.617,0.7569,0.3309,0.9342,0.2514,1.6123,1.2767,0.6256,1.152,0.9935,2.017,0.6936,0.3138,0.7126,False
SYN-SUBJ-000,SYN-SUBJ-000-SESS-1,46,RECALL,synthetic,1.1012,0.6861,1.6844,0.8385,0.4447,1.0662,1.0293,2.0731,0.6559,0.6029,1.1626,0.6151,1.2591,0.7671,0.1882,0.8794,1.2276,1.6551,0.9251,0.4981,0.116,False
SYN-SUBJ-000,SYN-SUBJ-000-SESS-1,47,NEITHER,synthetic,1.5465,0.8287,1.3615,0.971,0.3525,0.8768,0.6032,1.297,1.5082,0.0459,0.9154,0.9508,0.8298,1.2828,0.7902,0.9171,1.4962,0.9866,0.9179,0.5483,0.0639,False
SYN-SUBJ-000,SYN-SUBJ-000-SESS-1,48,NEITHER,synthetic,0.7919,0.7747,0.7681,0.8941,0.4727,1.0742,0.8616,1.2153,1.3381,0.7731,0.7476,1.286,1.2507,1.4729,0.4864,1.0549,0.9843,0.6093,1.4025,0.7526,0.0354,False
SYN-SUBJ-000,SYN-SUBJ-000-SESS-1,49,NEITHER,synthetic,1.5513,0.7857,1.0853,0.6333,0.6788,0.965,1.0782,0.7725,1.19,0.6067,0.8876,1.2147,0.3133,1.069,0.4515,0.7796,1.0227,1.1033,0.7941,0.4485,0.2007,False
SYN-SUBJ-000,SYN-SUBJ-000-SESS-1,50,NEITHER,synthetic,0.968,0.9662,0.7924,0.5264,0.9703,1.4107,0.9724,0.9438,0.6659,0.5191,0.8415,1.0285,0.9557,0.635,0.3867,0.9663,0.9458,0.7637,1.3413,0.1867,0.3075,False
SYN-SUBJ-000,SYN-SUBJ-000-SESS-1,51,ENCODING,synthetic,1.2654,1.6,1.2686,1.77,0.7912,0.952,1.4711,1.4478,0.7252,0.093,0.9303,1.107,1.4649,1.0749,0.5354,1.2878,1.9228,1.2671,1.1251,0.0,0.2368,False
SYN-SUBJ-000,SYN-SUBJ-000-SESS-1,52,RECALL,synthetic,1.2347,1.2017,1.3664,1.0877,0.285,0.804,1.0317,1.6052,0.9314,0.4935,0.8593,1.1936,1.6467,0.9287,0.5951,0.7086,1.3117,1.2121,1.0614,0.5437,0.8076,False
SYN-SUBJ-000,SYN-SUBJ-000-SESS-1,53,RECALL,synthetic,0.8913,0.9549,1.4106,1.0929,0.2873,1.1371,1.0808,1.2934,1.2146,0.3927,0.8043,1.0411,1.4747,0.7521,0.6334,0.9761,0.7888,1.0399,1.085,0.5031,0.8304,False
SYN-SUBJ-000,SYN-SUBJ-000-SESS-1,54,ENCODING,synthetic,1.0082,1.6861,0.7625,0.7327,0.2158,0.8102,1.4827,0.9985,0.9299,0.9742,1.191,1.4553,1.0241,1.3674,0.2143,0.9422,1.6428,0.8313,1.0152,0.0633,0.395,False
SYN-SUBJ-000,SYN-SUBJ-000-SESS-1,55,ENCODING,synthetic,0.7705,1.3691,1.0823,1.1465,0.3692,0.8446,1.6256,0.7173,0.7508,0.3016,0.7436,1.7899,0.7866,1.1877,0.6071,0.6649,1.7527,1.0337,0.7974,0.7913,0.0195,False
SYN-SUBJ-000,SYN-SUBJ-000-SESS-1,56,RECALL,synthetic,0.9668,0.7799,1.7211,0.4289,0.5314,0.7305,0.9747,1.5719,1.1765,0.5812,1.5,0.9939,1.3929,1.2849,0.4621,1.0829,0.0,1.5917,0.9597,0.3697,0.8163,False
SYN-SUBJ-000,SYN-SUBJ-000-SESS-1,57,NEITHER,synthetic,4.8053,4.5643,3.8405,3.1754,3.0507,4.8971,2.1861,3.7018,3.3082,4.4638,4.3972,2.5988,3.3305,2.5396,4.5729,4.3104,4.9014,2.6566,3.7615,4.4689,5.5123,True
SYN-SUBJ-000,SYN-SUBJ-000-SESS-1,58,ENCODING,synthetic,0.764,1.8127,0.8889,1.149,0.604,1.0742,1.6891,1.3985,0.8381,0.8292,0.8899,1.8801,1.5633,0.7788,0.0,1.0193,1.4055,0.8468,0.8961,0.3449,0.1273,False
SYN-SUBJ-000,SYN-SUBJ-000-SESS-1,59,NEITHER,synthetic,4.5912,3.968,3.6816,4.591,3.706,3.6439,3.2161,3.4809,4.1772,4.1052,4.1949,2.9832,4.2438,4.0199,2.4537,2.6528,3.6121,3.588,4.3931,3.9531,3.2895,True
SYN-SUBJ-001,SYN-SUBJ-001-SESS-0,0,RECALL,synthetic,3.2238,4.5156,3.8838,4.2073,1.5415,3.6382,2.1693,4.9769,2.9688,2.5138,4.0965,4.2698,3.4879,2.7079,4.2183,2.7926,2.8757,4.6664,2.2382,2.1376,3.5213,True
SYN-SUBJ-001,SYN-SUBJ-001-SESS-0,1,ENCODING,synthetic,1.1366,1.6996,0.2869,0.9051,0.275,1.1654,1.2257,0.9651,0.6906,0.4177,1.0674,1.4832,0.7687,1.2833,0.1771,0.7525,1.3715,0.7023,0.5853,0.0,0.414,False
SYN-SUBJ-001,SYN-SUBJ-001-SESS-0,2,NEITHER,synthetic,1.0382,0.9012,0.1662,0.717,0.0827,0.2672,0.6443,0.7279,0.733,0.5476,0.8491,0.756,0.5369,0.6783,0.0,0.4994,1.1754,1.2968,0.2297,0.5008,0.1672,False
SYN-SUBJ-001,SYN-SUBJ-001-SESS-0,3,ENCODING,synthetic,0.9929,1.5956,1.0753,0.7891,0.6599,0.8027,1.5061,0.642,1.278,0.0143,1.0349,1.51,0.6312,0.9423,0.2634,1.0818,1.7164,0.4951,0.5912,0.0964,0.4196,False
SYN-SUBJ-001,SYN-SUBJ-001-SESS-0,4,RECALL,synthetic,0.5068,0.6745,1.4208,0.7836,0.6512,1.0766,0.9207,0.8188,1.1828,0.0,0.7764,1.1719,1.0543,0.685,0.428,1.0329,0.5305,1.0532,0.6041,0.4541,0.879,False
SYN-SUBJ-001,SYN-SUBJ-001-SESS-0,5,NEITHER,synthetic,0.7937,0.2459,0.8491,0.7783,0.396,0.6151,0.7536,1.0943,0.771,0.2015,0.9,0.7102,1.0757,0.7651,0.3996,0.6327,0.4968,0.9886,0.8743,0.4681,0.824,False
SYN-SUBJ-001,SYN-SUBJ-001-SESS-0,6,NEITHER,synthetic,0.5681,0.7837,1.2241,0.9619,0.6689,0.9663,0.4512,1.0571,0.4883,0.2595,1.0439,1.2613,0.835,0.8908,0.3876,0.8254,0.7023,0.9369,0.6197,0.5143,0.3969,False
SYN-SUBJ-001,SYN-SUBJ-001-SESS-0,7,ENCODING,synthetic,0.8234,1.698,0.2092,1.0199,0.0,0.8591,1.1427,1.2043,0.7831,0.7794,0.8585,1.4405,1.2754,0.9592,0.3411,0.6382,1.4407,0.9844,0.9062,0.6585,0.5133,False
SYN-SUBJ-001,SYN-SUBJ-001-SESS-0,8,NEITHER,synthetic,4.1182,2.1394,3.0656,5.1784,2.5861,2.9754,3.9982,4.6498,3.4948,3.5346,4.061,3.6297,2.4325,4.8937,2.1462,3.7023,2.8479,4.0906,4.6801,3.0422,4.8119,True
SYN-SUBJ-001,SYN-SUBJ-001-SESS-0,9,NEITHER,synthetic,1.0982,0.8555,0.6548,1.3313,0.0,1.0392,0.1064,0.4051,0.9011,0.099,0.7219,0.4381,0.6253,0.5918,0.5281,0.723,0.7614,0.9538,0.6335,0.0415,0.2938,False
SYN-SUBJ-001,SYN-SUBJ-001-SESS-0,10,RECALL,synthetic,0.7841,1.2625,1.3216,0.6503,0.2121,0.6044,1.0071,1.4334,0.801,0.0948,0.8619,0.5909,1.2949,1.0169,0.4762,0.5819,1.0298,1.0625,0.899,0.2758,0.8894,False
SYN-SUBJ-001,SYN-SUBJ-001-SESS-0,11,NEITHER,synthetic,3.212,4.2074,3.6211,5.4104,2.7411,4.0067,3.1838,4.8683,3.4054,2.4119,2.7531,3.9477,3.4175,3.253,1.5635,3.7661,4.4646,3.5933,2.2724,3.6336,3.2919,True
SYN-SUBJ-001,SYN-SUBJ-001-SESS-0,12,RECALL,synthetic,1.045,0.9866,1.277,0.895,0.8926,0.9813,0.5173,1.3916,0.5452,0.2685,0.7569,0.6852,1.5989,0.8017,0.3089,0.6587,1.1898,1.0564,0.9857,0.3301,0.9849,False
SYN-SUBJ-001,SYN-SUBJ-001-SESS-0,13,ENCODING,synthetic,0.6802,1.3275,0.5663,1.0783,0.8061,0.9277,1.3975,1.1178,1.5804,0.5519,0.6175,1.099,1.1883,0.8561,0.0969,0.9309,1.1376,0.7257,1.0291,0.6249,0.6303,False
SYN-SUBJ-001,SYN-SUBJ-001-SESS-0,14,RECALL,synthetic,1.0528,0.9884,1.0304,0.538,0.0,1.0699,0.463,1.2835,0.7193,0.7377,0.4662,0.8136,1.3912,0.3442,0.5407,0.7692,0.6841,1.3881,0.2846,0.1452,0.6882,False
SYN-SUBJ-001,SYN-SUBJ-001-SESS-0,15,RECALL,synthetic,1.1818,0.8152,1.7045,0.5466,0.2395,0.6847,1.0614,1.4693,0.7896,0.1948,0.802,0.9899,1.5177,0.7938,0.197,0.8343,0.8411,1.3719,0.6954,0.7439,0.3127,False
SYN-SUBJ-001,SYN-SUBJ-001-SESS-0,16,NEITHER,synthetic,2.6452,2.232,4.4107,4.5183,2.6937,3.5692,3.6409,4.5638,3.258,3.759,4.1914,4.8782,4.6522,3.4184,3.0934,4.144,4.1276,3.8062,3.7524,3.8471,4.0424,True
SYN-SUBJ-001,SYN-SUBJ-001-SESS-0,17,ENCODING,synthetic,0.6554,1.7678,0.6219,0.4247,0.0229,0.6593,1.7774,0.7572,0.6485,0.5674,0.7746,1.3022,0.7092,0.6481,0.0962,1.1183,1.0506,1.125,0.116,0.0428,0.0546,False
SYN-SUBJ-001,SYN-SUBJ-001-SESS-0,18,NEITHER,synthetic,0.5275,0.7989,0.6585,0.8127,0.3107,0.5889,0.7105,0.9851,0.4929,0.295,0.4755,1.1271,1.0471,0.9375,0.2125,0.7612,0.5909,0.8109,1.2191,0.2587,0.0178,False
SYN-SUBJ-001,SYN-SUBJ-001-SESS-0,19,RECALL,synthetic,0.8044,0.8071,1.5951,0.9928,0.1526,0.6638,0.6388,1.2998,0.5186,0.0,0.7542,0.872,1.3554,1.08,0.0,0.6805,0.4481,1.3702,0.7826,0.1885,0.7593,False
SYN-SUBJ-001,SYN-SUBJ-001-SESS-0,20,ENCODING,synthetic,4.0911,4.5577,4.4677,3.6242,3.0114,2.5739,5.0815,2.9673,3.227,3.5566,4.3282,3.3188,3.997,3.3954,3.672,3.6866,4.9172,4.3973,3.067,3.6417,2.8624,True
SYN-SUBJ-001,SYN-SUBJ-001-SESS-0,21,NEITHER,synthetic,1.028,0.6097,0.2868,1.2708,0.6748,0.5951,0.7137,1.4452,1.0786,0.2581,0.9813,1.0005,0.6804,0.4137,0.1912,1.1793,1.0615,0.506,1.1339,0.1693,0.2009,False
SYN-SUBJ-001,SYN-SUBJ-001-SESS-0,22,NEITHER,synthetic,0.5902,0.2893,1.0733,1.1001,0.4633,0.7845,0.4655,0.7149,0.7045,0.0,0.5032,0.6827,1.1769,0.6701,0.0661,0.3381,0.3081,0.7005,0.7733,0.3275,0.1065,False
SYN-SUBJ-001,SYN-SUBJ-001-SESS-0,23,RECALL,synthetic,0.7286,0.6623,1.3089,0.6607,0.2655,0.9936,1.0127,0.9846,0.6917,0.7105,1.2579,0.9012,1.7111,1.1108,0.2758,0.3097,0.7935,0.9882,0.8428,0.7453,0.7988,False
SYN-SUBJ-001,SYN-SUBJ-001-SESS-0,24,RECALL,synthetic,1.0433,0.8801,0.9275,1.0292,0.0513,0.2123,1.1979,1.4456,0.9551,0.7909,0.9817,0.6008,1.363,1.1589,0.2486,0.5771,0.4608,1.0929,0.9413,0.6879,0.1935,False
SYN-SUBJ-001,SYN-SUBJ-001-SESS-0,25,RECALL,synthetic,0.7427,0.6621,1.4471,1.0752,0.1192,0.9932,0.685,1.2628,0.643,0.2122,0.6181,1.1526,1.3901,0.9281,0.2732,0.8813,1.1237,1.1663,0.6561,0.0618,0.5727,False
SYN-SUBJ-001,SYN-SUBJ-001-SESS-0,26,RECALL,synthetic,4.621,3.3158,4.1997,3.1738,3.164,3.5569,3.6888,4.5856,3.5451,1.9386,3.8093,4.7579,5.0257,3.3335,2.4853,4.0012,4.5329,4.1411,2.7615,3.4217,3.6211,True
SYN-SUBJ-001,SYN-SUBJ-001-SESS-0,27,ENCODING,synthetic,1.119,1.9519,0.7793,0.8016,0.6501,0.9577,1.4826,0.314,0.7047,0.3624,0.4302,1.3172,1.2359,0.7445,0.0,0.337,1.4059,0.6643,0.5916,0.3656,0.0875,False
SYN-SUBJ-001,SYN-SUBJ-001-SESS-0,28,ENCODING,synthetic,0.8076,1.5043,1.0479,0.3136,0.0798,0.9589,1.2288,0.9319,0.7123,0.389,1.2075,1.4235,1.1904,0.9689,0.7745,0.9457,1.2237,1.0392,0.7145,0.6774,0.6066,False
SYN-SUBJ-001,SYN-SUBJ-001-SESS-0,29,RECALL,synthetic,0.5771,0.9044,1.158,0.5688,0.1764,0.7805,0.4627,1.5914,0.2001,0.1289,1.0409,1.1045,1.6907,0.5802,0.2775,0.5692,1.1104,1.2096,0.6881,0.2653,0.005,False
SYN-SUBJ-001,SYN-SUBJ-001-SESS-0,30,NEITHER,synthetic,0.708,0.7777,0.9109,1.2071,0.2828,0.6383,1.2136,0.5359,0.9085,0.4331,0.6671,0.6809,1.089,1.0546,0.2325,0.7744,0.8137,0.0494,0.4659,0.2001,0.0731,False
SYN-SUBJ-001,SYN-SUBJ-001-SESS-0,31,NEITHER,synthetic,3.8546,3.3685,2.8117,4.1208,3.1123,3.7212,3.6091,3.5311,2.2138,2.6659,3.4721,4.8127,4.7735,3.7694,3.0532,2.9137,4.0792,2.3606,4.3349,1.953,2.7639,True
SYN-SUBJ-001,SYN-SUBJ-001-SESS-0,32,ENCODING,synthetic,0.499,1.072,0.4322,0.6051,0.3246,0.8752,1.3734,1.3372,0.4558,0.2189,0.9572,1.6094,1.0678,0.5984,0.3923,0.704,1.2998,0.808,0.7848,0.3363,0.2389,False
SYN-SUBJ-001,SYN-SUBJ-001-SESS-0,33,NEITHER,synthetic,0.815,0.6714,0.9832,1.0808,0.0,0.605,1.055,1.1312,0.8754,0.282,0.8218,0.6277,0.7923,0.9906,0.1609,0.5454,0.8726,0.5693,1.258,0.054,0.0399,False
SYN-SUBJ-001,SYN-SUBJ-001-SESS-0,34,NEITHER,synthetic,0.7218,0.518,1.0364,0.3925,0.2826,1.1211,0.9764,1.1319,0.5676,0.5813,0.963,0.5497,0.42,1.191,0.0767,0.7848,1.0034,0.5954,0.4705,0.3469,0.5018,False
SYN-SUBJ-001,SYN-SUBJ-001-SESS-0,35,ENCODING,synthetic,0.8464,1.7069,0.7813,0.9487,0.4953,1.0922,1.559,0.473,0.6164,0.4232,1.0926,1.6538,0.4775,0.8527,0.154,0.6033,1.414,0.9394,0.6963,0.235,0.5126,False
SYN-SUBJ-001,SYN-SUBJ-001-SESS-0,36,NEITHER,synthetic,1.0924,1.2978,0.5552,0.7821,0.6583,0.7403,1.1002,0.5299,1.0715,0.0,0.8799,1.1427,0.5268,0.86,0.3579,1.0611,1.015,1.067,0.8471,0.0,0.5108,False
SYN-SUBJ-001,SYN-SUBJ-001-SESS-0,37,ENCODING,synthetic,0.6576,1.6383,0.6566,0.7114,0.2186,0.8878,1.5549,1.2821,0.548,0.3016,0.8751,1.4996,0.4674,0.8609,0.7332,0.915,1.2838,0.8061,0.6775,0.3235,0.6035,False
SYN-SUBJ-001,SYN-SUBJ-001-SESS-0,38,ENCODING,synthetic,0.8651,1.0513,0.5706,0.7756,0.6045,0.8915,1.4666,1.2552,0.869,0.0713,0.4603,1.1905,0.8367,0.4236,0.4183,0.886,1.2287,0.8348,0.9379,0.1508,0.8768,False
SYN-SUBJ-001,SYN-SUBJ-001-SESS-0,39,RECALL,synthetic,1.221,0.8229,1.6124,0.8223,0.0682,0.7787,0.9336,1.7427,0.709,0.3731,0.5122,0.9574,1.2868,1.1178,0.0,0.6728,1.0601,1.2958,0.8996,0.6123,0.5576,False
SYN-SUBJ-001,SYN-SUBJ-001-SESS-0,40,ENCODING,synthetic,0.6287,1.3441,0.7287,1.0241,0.1962,0.4167,1.6336,0.5189,0.805,0.0368,0.7622,1.2677,0.8648,1.0554,0.142,1.0774,1.2809,0.4386,1.1525,0.8559,0.0053,False
SYN-SUBJ-001,SYN-SUBJ-001-SESS-0,41,ENCODING,synthetic,0.4756,1.4687,0.9749,0.9115,0.0729,1.0573,1.3166,0.2385,0.5123,0.5223,0.6626,2.0353,1.2119,0.961,0.4409,1.0691,1.8951,0.8415,1.0827,0.1814,0.1947,False
SYN-SUBJ-001,SYN-SUBJ-001-SESS-0,42,NEITHER,synthetic,0.6988,0.4812,0.7003,0.5991,0.0,0.2451,0.9805,0.913,0.5085,0.5285,0.6702,0.9023,1.1968,0.8463,0.5847,0.6552,0.761,0.4924,0.6084,0.1938,0.8155,False
SYN-SUBJ-001,SYN-SUBJ-001-SESS-0,43,ENCODING,synthetic,1.0055,1.9502,0.6354,0.7206,0.2098,0.8741,1.5963,0.9004,1.2346,0.1615,1.3009,1.2715,0.9351,0.5072,0.0854,0.198,1.0135,0.6431,0.8387,0.0,0.4588,False
SYN-SUBJ-001,SYN-SUBJ-001-SESS-0,44,RECALL,synthetic,0.9943,0.5902,1.2967,1.054,0.3512,0.6375,0.6733,0.8811,0.6099,0.4308,0.4301,0.7225,1.2915,1.0138,0.0,1.0553,0.635,1.575,0.903,0.5042,0.2186,False
SYN-SUBJ-001,SYN-SUBJ-001-SESS-0,45,NEITHER,synthetic,1.167,0.6851,1.0569,0.6511,0.4355,1.1962,0.9274,0.6867,0.8642,0.49,0.7017,0.71,1.2493,1.158,0.1429,0.4792,0.4879,0.5301,0.7378,0.2898,0.4823,False
SYN-SUBJ-001,SYN-SUBJ-001-SESS-0,46,NEITHER,synthetic,1.2224,0.5007,0.6299,0.7183,0.4827,1.1965,0.5576,0.7912,0.8089,0.1778,0.5499,0.7665,0.8685,0.7849,0.024,1.215,0.8535,0.536,1.0285,0.5161,0.3157,False
SYN-SUBJ-001,SYN-SUBJ-001-SESS-0,47,ENCODING,synthetic,3.2028,4.7605,2.8824,3.8018,2.8748,2.6794,4.971,2.778,3.805,2.5001,3.0588,4.1057,4.6038,2.7781,3.1112,4.6512,4.8865,4.0274,3.629,3.1103,4.9169,True
SYN-SUBJ-001,SYN-SUBJ-001-SESS-0,48,ENCODING,synthetic,0.7959,1.8864,1.1485,1.0437,0.2943,1.0446,0.9825,0.6477,0.6651,0.5225,0.585,1.7124,0.5504,0.6069,0.1258,0.5574,1.6116,0.7823,0.6729,0.5749,0.7747,False
SYN-SUBJ-001,SYN-SUBJ-001-SESS-0,49,RECALL,synthetic,0.6581,0.9484,1.2141,0.7058,0.5335,1.2032,0.6244,1.61,0.3711,0.0973,0.9427,0.8732,1.3385,1.025,0.2581,0.9994,0.6865,1.1519,0.34,0.4778,0.3632,False
SYN-SUBJ-001,SYN-SUBJ-001-SESS-0,50,NEITHER,synthetic,0.6648,0.8552,0.8874,0.7063,0.3271,0.9982,0.7927,0.3929,0.8704,0.5525,1.2935,1.1407,0.7268,0.8227,0.3487,0.5068,0.9258,0.8058,0.7314,0.2378,0.9316,False
SYN-SUBJ-001,SYN-SUBJ-001-SESS-0,51,RECALL,synthetic,0.8121,1.0132,1.2158,0.7141,0.3405,0.7576,0.5523,0.8841,0.6794,0.5619,1.1167,0.7599,1.2707,1.0773,0.6884,0.7352,0.958,1.6112,0.5672,0.0481,0.564,False
SYN-SUBJ-001,SYN-SUBJ-001-SESS-0,52,NEITHER,synthetic,0.2738,0.6935,0.6305,0.8294,0.4902,0.9232,0.6849,0.885,1.1124,0.3289,0.8158,0.6736,0.7379,1.11,0.1979,0.5398,0.816,0.5979,0.8533,0.0,0.597,False
SYN-SUBJ-001,SYN-SUBJ-001-SESS-0,53,ENCODING,synthetic,1.0034,1.8877,0.6338,0.8817,0.23,0.4572,1.4923,0.6533,1.1166,0.476,0.3627,1.362,0.5174,0.5576,0.2592,1.1668,1.2149,0.7693,0.8445,0.3959,0.1366,False
SYN-SUBJ-001,SYN-SUBJ-001-SESS-0,54,ENCODING,synthetic,0.6616,1.2744,0.6931,0.6964,0.3879,0.8185,1.2523,0.7738,0.9673,0.4274,0.7213,1.0154,0.8242,0.9508,0.0802,0.818,1.2397,1.2238,1.0878,0.3052,0.7914,False
SYN-SUBJ-001,SYN-SUBJ-001-SESS-0,55,RECALL,synthetic,2.9755,3.1493,4.8955,2.8915,4.2159,4.1224,2.4179,5.7447,2.6716,3.8608,4.7759,4.8891,4.8898,4.0215,2.7619,3.4087,5.0929,3.5178,4.2548,3.288,3.8853,True
SYN-SUBJ-001,SYN-SUBJ-001-SESS-0,56,ENCODING,synthetic,3.9191,4.5133,2.6282,2.6155,3.8766,3.4796,4.9966,4.4193,4.8909,3.9095,3.4246,2.9391,2.5579,4.3369,2.2785,4.0761,3.8373,4.2891,4.5202,3.6608,2.7411,True
SYN-SUBJ-001,SYN-SUBJ-001-SESS-0,57,ENCODING,synthetic,0.9407,1.1257,0.3942,0.9318,0.0,0.7935,1.6665,0.5755,0.5802,0.571,0.7699,1.4904,1.2612,0.7141,0.4486,1.1611,1.423,0.6648,0.7557,0.5599,0.322,False
SYN-SUBJ-001,SYN-SUBJ-001-SESS-0,58,ENCODING,synthetic,1.2424,1.6019,1.1573,1.1788,0.3942,1.084,1.6734,0.9979,0.9977,0.0,0.4252,1.346,0.7998,1.0474,0.2334,0.7495,1.5636,0.7361,0.2845,0.3371,0.08,False
SYN-SUBJ-001,SYN-SUBJ-001-SESS-0,59,NEITHER,synthetic,2.7974,3.0211,2.853,1.9604,4.3626,4.8013,3.9672,3.0127,3.6855,2.225,2.5712,3.6464,3.798,4.7315,2.8914,3.2892,3.9064,3.9427,2.8132,3.4459,5.1746,True
SYN-SUBJ-001,SYN-SUBJ-001-SESS-1,0,RECALL,synthetic,0.7261,0.9749,1.0762,0.7402,0.0,0.6805,0.6339,1.5201,0.8135,0.3075,1.0085,0.853,1.4427,0.8225,0.3309,0.7905,0.9818,1.2917,0.6384,0.7031,0.9433,False
SYN-SUBJ-001,SYN-SUBJ-001-SESS-1,1,RECALL,synthetic,0.4845,0.7857,1.2086,0.7604,0.1676,0.8446,0.7594,1.8313,0.8089,0.5011,0.7077,1.1177,1.1499,0.7351,0.5047,0.912,0.5211,1.3404,1.1224,0.0779,0.8195,False
SYN-SUBJ-001,SYN-SUBJ-001-SESS-1,2,ENCODING,synthetic,0.6826,1.7936,0.7191,0.7621,0.7117,0.9565,1.1427,1.1851,0.3734,0.5606,0.9313,1.2779,0.614,0.5307,0.741,0.8399,1.2511,0.9522,1.1099,0.3885,0.1496,False
SYN-SUBJ-001,SYN-SUBJ-001-SESS-1,3,NEITHER,synthetic,1.0225,1.1158,1.474,0.7977,0.3146,0.4816,1.0332,0.9513,0.8408,0.1709,0.6623,1.0523,0.7995,0.4938,0.2889,1.0601,0.4543,0.9635,0.8304,0.0233,0.1981,False
SYN-SUBJ-001,SYN-SUBJ-001-SESS-1,4,RECALL,synthetic,0.9237,1.135,1.2918,0.6215,0.6986,0.9971,0.5561,1.8172,1.1243,0.5079,0.6036,0.9157,1.1644,1.1118,0.5195,0.8411,1.1537,1.2819,1.0784,0.2921,0.1458,False
SYN-SUBJ-001,SYN-SUBJ-001-SESS-1,5,ENCODING,synthetic,0.8481,1.7869,1.0336,1.144,0.6607,1.0193,1.424,1.1567,1.0921,0.687,0.755,1.6316,0.8801,0.6077,0.0879,0.8492,1.3979,0.6366,0.4099,0.189,0.5488,False
SYN-SUBJ-001,SYN-SUBJ-001-SESS-1,6,NEITHER,synthetic,1.0531,1.1092,1.1372,0.8469,0.2702,0.7449,0.9068,0.988,0.8933,0.0,1.1533,0.9281,1.0564,0.8217,0.2435,1.2931,0.5413,0.3867,1.3077,0.3689,0.6494,False
SYN-SUBJ-001,SYN-SUBJ-001-SESS-1,7,ENCODING,synthetic,0.4161,1.3877,1.0457,0.6453,0.2208,0.7473,1.6147,1.4278,0.4424,0.1619,1.3563,1.5484,0.7106,1.0817,0.3071,0.7606,1.3148,0.5941,0.5405,1.0949,0.9786,False
SYN-SUBJ-001,SYN-SUBJ-001-SESS-1,8,RECALL,synthetic,0.4475,0.4439,1.6633,0.517,0.6214,0.8673,0.7817,1.4496,1.1007,0.0886,1.0177,0.9373,1.6425,0.7244,0.1822,0.6813,0.8175,1.4524,1.3477,0.2078,0.3293,False
SYN-SUBJ-001,SYN-SUBJ-001-SESS-1,9,NEITHER,synthetic,0.6191,0.539,0.7411,0.6549,0.5556,1.1001,1.2494,0.4828,0.3134,0.5416,0.8547,0.4463,0.6741,0.7506,0.5897,0.9363,0.7783,0.6522,0.8835,0.1901,0.0295,False
SYN-SUBJ-001,SYN-SUBJ-001-SESS-1,10,RECALL,synthetic,0.5881,0.9411,0.7632,1.0129,0.7664,0.4497,0.744,1.7384,0.9339,0.4081,0.8356,0.4658,1.2745,1.1304,0.3305,0.9892,0.7183,1.0909,0.7009,0.0455,0.5023,False
SYN-SUBJ-001,SYN-SUBJ-001-SESS-1,11,NEITHER,synthetic,0.7147,0.68,0.5934,0.9928,0.4011,0.9622,0.256,1.1665,1.3551,0.0322,0.8727,1.1762,0.8581,0.9705,0.5838,1.3665,0.4873,0.9377,0.6177,0.0,0.8876,False
SYN-SUBJ-001,SYN-SUBJ-001-SESS-1,12,RECALL,synthetic,1.2024,0.9146,1.1505,0.9566,0.0,0.5433,0.5551,1.1391,1.1211,0.0,0.537,0.7733,1.343,0.7436,0.611,0.8008,0.4858,1.5573,0.5271,0.2019,0.6306,False
SYN-SUBJ-001,SYN-SUBJ-001-SESS-1,13,ENCODING,synthetic,0.3264,1.6013,0.8392,0.6059,0.4134,0.9894,1.7429,0.6224,1.0382,0.15,0.7426,1.3223,0.6514,0.8081,0.0,0.5377,1.1695,0.7369,0.7837,0.359,0.4537,False
SYN-SUBJ-001,SYN-SUBJ-001-SESS-1,14,NEITHER,synthetic,0.8892,0.7356,0.6465,1.1318,0.2729,0.6635,0.7973,0.7,0.7125,0.0,1.1457,1.0089,0.7103,0.1362,0.1963,0.7132,0.7376,0.7854,0.9165,0.5073,0.8713,False
SYN-SUBJ-001,SYN-SUBJ-001-SESS-1,15,ENCODING,synthetic,1.072,1.7464,1.0123,0.8767,0.2296,0.177,1.3707,0.9619,1.3194,0.0,1.2344,1.4182,1.1012,0.8312,0.0,0.8126,1.1817,0.6258,0.8846,0.6678,0.4537,False
SYN-SUBJ-001,SYN-SUBJ-001-SESS-1,16,RECALL,synthetic,3.5256,3.748,2.4943,2.5142,3.9043,3.9201,4.7203,2.7522,3.8532,3.4146,4.1563,2.4386,4.8215,2.6326,2.683,2.7062,2.7571,3.2845,3.5581,2.9321,4.9354,True
SYN-SUBJ-001,SYN-SUBJ-001-SESS-1,17,NEITHER,synthetic,3.0035,2.226,4.224,3.7396,2.0229,3.9612,3.4355,3.1497,4.2904,3.727,2.8151,2.8102,3.717,2.9247,1.7287,3.0114,3.9699,3.8717,3.0569,3.2774,5.1846,True
SYN-SUBJ-001,SYN-SUBJ-001-SESS-1,18,ENCODING,synthetic,0.5908,1.7458,0.7634,0.7683,0.4096,1.0087,1.2127,1.1267,1.1948,0.0842,0.6341,1.1816,0.4409,0.4306,0.089,0.7568,1.4635,0.5562,0.7866,0.0,0.2993,False
SYN-SUBJ-001,SYN-SUBJ-001-SESS-1,19,NEITHER,synthetic,0.763,0.7922,0.6103,0.7039,0.694,0.5848,0.9388,0.8662,0.9316,0.1172,0.5899,1.027,0.9806,1.1034,0.3565,0.9239,0.8521,0.5985,1.0553,0.0023,0.2715,False
SYN-SUBJ-001,SYN-SUBJ-001-SESS-1,20,ENCODING,synthetic,0.83,1.6821,0.9749,0.7556,0.2694,0.9242,1.5032,0.3856,1.0404,0.1685,1.0923,1.4535,0.6464,0.8087,0.6689,0.6214,0.9814,0.7448,1.1236,0.7058,0.8221,False
SYN-SUBJ-001,SYN-SUBJ-001-SESS-1,21,NEITHER,synthetic,1.0785,1.1061,0.4262,0.9086,0.2863,0.8056,1.1559,0.6516,0.7202,0.2492,0.7336,0.8246,0.4451,0.7615,0.1832,1.112,0.6079,1.2966,0.7383,0.4563,0.2766,False
SYN-SUBJ-001,SYN-SUBJ-001-SESS-1,22,RECALL,synthetic,0.7139,0.6333,1.3764,0.9118,0.618,0.7258,1.0589,1.4963,0.6194,0.2481,1.2317,0.6513,1.1718,0.74,0.1102,1.2977,0.7307,1.2884,1.3402,0.4066,0.0505,False
SYN-SUBJ-001,SYN-SUBJ-001-SESS-1,23,RECALL,synthetic,3.6585,3.8606,4.5493,2.7577,3.6483,3.2824,3.887,3.0691,3.6954,2.4477,3.3148,2.5274,4.4325,5.0809,3.1698,4.5239,2.5875,3.8121,2.5703,3.9521,4.6155,True
SYN-SUBJ-001,SYN-SUBJ-001-SESS-1,24,ENCODING,synthetic,0.4805,1.6298,1.0581,1.0072,0.5001,0.9002,1.0847,0.8899,0.8222,0.4951,0.964,1.65,0.9651,0.8776,0.2173,0.5594,1.7298,0.7686,0.5981,0.6308,0.1731,False
SYN-SUBJ-001,SYN-SUBJ-001-SESS-1,25,NEITHER,synthetic,3.8217,3.6517,4.0542,2.8227,2.172,4.3179,3.5771,3.7174,4.9151,4.3151,2.6724,2.6782,3.5098,2.7494,3.1435,4.3935,3.1943,5.3294,2.2687,4.3645,3.9147,True
SYN-SUBJ-001,SYN-SUBJ-001-SESS-1,26,ENCODING,synthetic,1.3057,1.6143,0.8188,0.8067,0.0,0.5533,1.5659,0.9382,1.0695,0.3605,0.5132,1.2208,0.7481,0.5609,0.1506,0.877,1.4721,0.93,0.3563,0.1445,0.3603,False
SYN-SUBJ-001,SYN-SUBJ-001-SESS-1,27,RECALL,synthetic,1.181,0.8028,1.3729,0.8808,0.7065,0.8481,0.5418,1.3311,0.9137,0.3023,0.6463,0.6067,0.8845,0.929,0.1001,0.6481,0.9361,1.5786,0.5499,0.2209,0.3553,False
SYN-SUBJ-001,SYN-SUBJ-001-SESS-1,28,ENCODING,synthetic,1.102,1.4225,0.7616,0.4171,0.2398,1.3759,1.3509,0.7786,1.0879,0.3765,0.5854,1.6509,0.9079,0.7844,0.2708,0.5055,1.673,0.4867,0.7533,0.6052,0.5234,False
SYN-SUBJ-001,SYN-SUBJ-001-SESS-1,29,NEITHER,synthetic,4.3046,2.5748,2.7915,2.1077,2.7402,3.9517,2.9621,4.7884,2.4587,3.9188,3.7166,2.0595,2.2878,4.8102,2.6523,2.1889,2.5155,2.6229,2.2488,2.5721,3.1111,True
SYN-SUBJ-001,SYN-SUBJ-001-SESS-1,30,NEITHER,synthetic,0.679,0.6066,1.006,1.1984,0.3224,0.9661,0.7449,0.7976,1.4595,0.2434,0.4257,0.5465,1.0274,0.4526,0.0989,0.9366,0.5946,0.4682,0.9718,0.5937,0.8418,False
SYN-SUBJ-001,SYN-SUBJ-001-SESS-1,31,ENCODING,synthetic,0.813,1.2847,0.9336,1.0279,0.1775,1.2014,1.4135,0.5005,0.5241,0.5767,0.6705,1.431,0.8352,0.7806,0.5536,0.6883,1.1313,0.2334,0.7791,0.2427,0.9177,False
SYN-SUBJ-001,SYN-SUBJ-001-SESS-1,32,NEITHER,synthetic,1.0004,0.5239,0.6936,0.6459,0.2514,1.2552,0.7976,1.1398,0.4449,0.3995,0.828,1.1815,0.8477,0.5084,0.0,0.0988,0.7946,0.8424,0.9024,0.3137,0.4112,False
SYN-SUBJ-001,SYN-SUBJ-001-SESS-1,33,NEITHER,synthetic,2.8511,2.8501,4.7636,3.9666,3.7175,3.5523,2.9926,4.2869,4.9879,3.8587,3.4121,4.4691,2.6358,2.9431,2.9692,2.4692,3.6529,3.3346,3.5505,3.1401,4.221,True
SYN-SUBJ-001,SYN-SUBJ-001-SESS-1,34,ENCODING,synthetic,0.9352,1.6708,1.0733,1.1449,0.3796,1.1607,1.7468,0.6019,0.8863,0.3675,0.6376,1.3265,0.3068,0.9863,0.521,1.0965,1.7459,0.6575,0.7688,0.6947,0.9046,False
SYN-SUBJ-001,SYN-SUBJ-001-SESS-1,35,NEITHER,synthetic,3.3911,2.9044,2.4203,2.4206,3.4725,2.8656,2.3883,2.8958,4.7282,3.0119,4.5495,4.0283,3.6531,4.8907,2.672,2.3973,4.4136,3.1361,2.3972,4.3623,3.3347,True
SYN-SUBJ-001,SYN-SUBJ-001-SESS-1,36,RECALL,synthetic,3.4361,4.3403,2.1153,2.7081,2.1216,4.2546,3.8665,4.7541,4.8159,2.1658,3.7161,4.8867,3.5078,2.8497,3.9968,3.5154,4.513,3.3682,2.4123,3.8279,3.9917,True
SYN-SUBJ-001,SYN-SUBJ-001-SESS-1,37,NEITHER,synthetic,0.5019,1.4181,0.6881,0.7463,0.5381,0.4288,0.8387,0.4748,0.7438,0.4177,0.9723,1.0095,0.7037,0.5092,0.0,1.023,0.9198,0.8378,1.0064,0.027,0.7777,False
SYN-SUBJ-001,SYN-SUBJ-001-SESS-1,38,ENCODING,synthetic,0.8351,1.4234,1.1589,0.6335,0.1389,0.6953,1.2547,0.3932,0.68,0.3283,0.9324,1.5643,0.6328,0.8654,0.4838,1.15,1.0819,0.5828,0.727,0.2393,0.8265,False
SYN-SUBJ-001,SYN-SUBJ-001-SESS-1,39,RECALL,synthetic,0.992,0.814,1.536,1.0156,0.5042,0.9428,0.8305,0.9981,0.891,0.7296,0.7003,0.6394,1.4633,1.2273,0.0485,0.2048,0.655,1.3337,0.7731,0.2437,0.6449,False
SYN-SUBJ-001,SYN-SUBJ-001-SESS-1,40,RECALL,synthetic,0.8057,1.155,1.5205,0.6338,0.3738,0.8588,0.6661,1.2746,1.1045,0.3634,0.974,0.8876,0.9991,0.9206,0.0,1.0106,0.9539,1.201,0.9472,0.4234,0.2371,False
SYN-SUBJ-001,SYN-SUBJ-001-SESS-1,41,RECALL,synthetic,0.6835,0.9332,1.0258,0.8609,0.4168,0.7199,1.0564,1.1882,0.7059,0.3968,0.7421,0.4616,1.4748,0.783,0.5763,1.0839,0.9348,1.3583,0.9738,0.0864,0.1712,False
SYN-SUBJ-001,SYN-SUBJ-001-SESS-1,42,RECALL,synthetic,0.7679,0.9489,1.4795,0.2151,0.5811,0.6251,0.638,1.25,0.5506,0.4687,0.9219,0.6758,1.0339,0.855,0.572,0.8328,0.9401,1.1733,0.6463,0.3799,0.9275,False
SYN-SUBJ-001,SYN-SUBJ-001-SESS-1,43,ENCODING,synthetic,1.0174,1.2536,1.5491,1.0199,0.2781,0.5142,1.1852,0.9214,0.9503,0.0,1.0474,1.5776,1.1712,1.0173,0.2195,0.5694,1.4558,1.0395,0.8723,1.2326,0.0159,False
SYN-SUBJ-001,SYN-SUBJ-001-SESS-1,44,NEITHER,synthetic,0.6659,0.336,0.8078,0.7532,0.0,0.9291,0.9881,0.6276,0.8684,0.0758,0.4635,0.8875,0.87,0.7351,0.4851,0.6691,1.0666,0.8625,0.7338,0.9083,0.5424,False
SYN-SUBJ-001,SYN-SUBJ-001-SESS-1,45,ENCODING,synthetic,1.2591,1.6599,0.8013,0.7251,0.6615,0.6826,1.5012,0.7303,0.5781,0.5685,0.7057,1.5248,0.7219,0.7751,0.266,0.645,1.5921,0.7871,1.0244,0.4955,0.9391,False
SYN-SUBJ-001,SYN-SUBJ-001-SESS-1,46,NEITHER,synthetic,0.6867,0.4088,0.8238,0.5895,0.5458,0.6318,0.7347,0.8477,0.6174,0.5054,0.3385,0.8045,0.5061,0.8662,0.5532,0.3319,0.58,0.8799,0.6306,0.0,0.9781,False
SYN-SUBJ-001,SYN-SUBJ-001-SESS-1,47,ENCODING,synthetic,0.8885,1.3376,0.6874,0.9083,0.4054,0.7828,1.4709,0.9136,0.8942,0.4232,0.9835,1.9998,1.0656,0.8456,0.0701,0.281,1.1513,0.8514,0.8047,0.2568,0.1891,False
SYN-SUBJ-001,SYN-SUBJ-001-SESS-1,48,ENCODING,synthetic,0.876,2.0118,0.6505,0.6056,0.1104,1.1095,1.254,1.1063,0.6514,0.0,0.6083,1.4805,1.1068,1.1341,0.4004,0.9798,0.7476,0.8744,0.8184,0.2315,0.3531,False
SYN-SUBJ-001,SYN-SUBJ-001-SESS-1,49,RECALL,synthetic,0.7,0.7084,1.154,0.7738,0.4861,1.1587,1.1761,1.0581,0.8747,0.4145,1.1353,0.796,1.0849,0.8959,0.4177,1.1851,0.4592,0.7129,0.9719,0.5273,0.9755,False
SYN-SUBJ-001,SYN-SUBJ-001-SESS-1,50,NEITHER,synthetic,1.0322,0.6867,0.6686,0.8093,0.0967,0.866,1.2181,0.8198,1.0304,0.2745,0.7305,0.5364,0.6601,1.3903,0.6328,0.7692,1.0032,1.0663,1.0339,0.1596,0.6891,False
SYN-SUBJ-001,SYN-SUBJ-001-SESS-1,51,NEITHER,synthetic,1.1733,0.9025,0.8503,0.8463,0.1783,0.69,0.6699,0.9823,0.6806,0.2052,0.3789,0.7367,0.8264,0.6447,0.7297,1.0527,0.5307,0.245,1.0563,0.2709,0.4905,False
SYN-SUBJ-001,SYN-SUBJ-001-SESS-1,52,NEITHER,synthetic,1.3212,0.6184,0.7179,0.9172,0.4545,0.6179,0.666,0.9554,0.3992,0.8625,0.8841,0.7327,0.7712,0.5404,0.7594,0.7878,0.7,1.248,1.0667,0.2601,0.8964,False
SYN-SUBJ-001,SYN-SUBJ-001-SESS-1,53,ENCODING,synthetic,0.6951,1.3284,0.5638,1.5137,0.0856,0.773,1.7139,0.6725,0.7883,0.329,0.6803,1.2558,0.9353,1.0567,0.0,0.5791,1.5568,1.2574,0.7375,0.5902,0.8228,False
SYN-SUBJ-001,SYN-SUBJ-001-SESS-1,54,RECALL,synthetic,0.7024,1.1106,1.252,0.822,0.5039,0.8118,1.2648,1.1795,0.45,0.3713,1.0117,0.6466,0.9278,0.8282,0.3129,0.9347,0.6719,2.1012,1.1866,0.4771,0.5811,False
SYN-SUBJ-001,SYN-SUBJ-001-SESS-1,55,NEITHER,synthetic,0.7898,1.1888,1.2644,0.7344,0.0248,1.0992,1.0014,0.8301,0.6863,0.2398,0.4359,0.9019,0.7573,0.8731,0.0801,1.081,0.8846,0.7868,0.7164,0.6534,0.0768,False
SYN-SUBJ-001,SYN-SUBJ-001-SESS-1,56,ENCODING,synthetic,0.8541,1.5105,0.8139,0.4956,0.6344,0.4724,1.3247,0.6146,0.6581,0.0,1.0802,1.5953,0.8267,0.7727,0.0688,0.7812,1.1817,0.8304,0.9072,0.247,0.1546,False
SYN-SUBJ-001,SYN-SUBJ-001-SESS-1,57,ENCODING,synthetic,0.8982,1.1018,0.5803,0.2354,0.5328,0.4838,1.2757,0.3785,0.3256,0.5849,0.9074,1.4974,1.0387,0.834,0.2592,0.6812,0.7168,1.073,0.1533,0.2129,0.1722,False
SYN-SUBJ-001,SYN-SUBJ-001-SESS-1,58,RECALL,synthetic,4.5208,2.5017,3.1533,2.6333,1.8441,3.8377,2.5817,4.7178,2.519,2.4339,4.5345,4.4147,5.2103,2.6891,3.8585,4.751,2.9294,3.9872,3.7094,1.8722,4.5235,True
SYN-SUBJ-001,SYN-SUBJ-001-SESS-1,59,ENCODING,synthetic,0.6712,0.7783,1.0064,1.1779,0.7105,0.8197,1.9088,0.5509,0.9774,0.0806,0.7575,1.2572,0.7537,0.7031,0.6668,0.2011,1.1419,0.9467,0.4549,0.5409,0.3143,False
SYN-SUBJ-002,SYN-SUBJ-002-SESS-0,0,RECALL,synthetic,0.8869,0.7329,1.0162,1.0382,0.3788,0.975,0.9582,1.1479,0.695,0.5903,0.7821,0.6271,1.2536,0.9219,0.1949,1.2568,1.0256,0.9499,0.8799,0.7147,0.4916,False
SYN-SUBJ-002,SYN-SUBJ-002-SESS-0,1,ENCODING,synthetic,1.6466,1.0507,0.7692,1.006,0.4931,0.5893,0.7742,0.7941,0.2953,0.4387,1.0299,1.475,0.9811,0.9642,0.1112,0.8507,1.6839,0.3971,0.8249,0.3561,0.7563,False
SYN-SUBJ-002,SYN-SUBJ-002-SESS-0,2,NEITHER,synthetic,0.4887,0.5933,1.1137,1.5267,0.0943,0.6817,0.8124,0.7,0.8584,0.1418,0.8346,0.8799,0.8007,0.7864,0.0,0.7643,0.8232,0.9692,1.1298,0.2238,0.6232,False
SYN-SUBJ-002,SYN-SUBJ-002-SESS-0,3,ENCODING,synthetic,1.0105,1.1337,0.7861,0.6188,0.3666,0.5261,1.4264,0.3833,0.7025,0.2768,0.8106,1.4895,0.0607,0.9143,0.2364,0.3569,1.5734,0.7592,0.8464,0.4852,0.7794,False
SYN-SUBJ-002,SYN-SUBJ-002-SESS-0,4,NEITHER,synthetic,1.1514,0.6263,0.9138,0.4967,0.5952,0.5589,0.7008,0.5288,0.7193,0.0069,0.8831,0.8695,0.8929,0.7944,0.6556,0.5523,1.0834,0.8436,0.619,0.632,0.1282,False
SYN-SUBJ-002,SYN-SUBJ-002-SESS-0,5,RECALL,synthetic,0.9482,0.8196,1.2642,0.9997,0.1784,1.0108,0.9546,1.1772,1.0041,0.2227,0.6625,0.6223,1.0539,0.9003,0.2734,0.7457,1.036,1.5429,0.8499,0.0,0.568,False
SYN-SUBJ-002,SYN-SUBJ-002-SESS-0,6,RECALL,synthetic,0.9438,0.7116,1.0086,1.065,0.3007,0.571,1.0298,1.3636,0.7153,0.2199,0.6208,0.3971,1.3151,0.6383,0.6146,0.6477,1.025,0.8379,0.8318,0.4333,0.5358,False
SYN-SUBJ-002,SYN-SUBJ-002-SESS-0,7,RECALL,synthetic,0.3565,0.7269,1.6345,0.9402,0.0,1.2063,0.7186,1.0274,0.6646,0.2752,1.1422,0.5636,1.2713,0.7652,0.4042,0.9549,0.5574,1.2087,1.1734,0.2222,0.2513,False
SYN-SUBJ-002,SYN-SUBJ-002-SESS-0,8,NEITHER,synthetic,1.0609,0.8358,0.6653,1.2096,0.3679,1.0358,0.5734,0.97,1.4449,0.3088,0.5422,1.1071,0.7039,0.5004,0.0406,0.527,0.9532,0.61,0.6053,0.2295,0.1505,False
SYN-SUBJ-002,SYN-SUBJ-002-SESS-0,9,NEITHER,synthetic,0.9289,0.9657,0.6092,1.1736,0.0,0.5003,0.4619,0.8006,1.027,0.5254,1.1449,0.8385,1.0063,0.8573,0.3704,0.8853,0.6162,0.0557,0.8931,0.0,0.202,False
SYN-SUBJ-002,SYN-SUBJ-002-SESS-0,10,RECALL,synthetic,1.0781,0.7987,1.7729,0.738,0.1919,1.2093,0.3075,1.2725,0.8269,0.389,0.7417,0.4191,1.0232,1.0298,0.173,0.5832,1.0993,1.8274,1.1443,0.3003,0.1119,False
SYN-SUBJ-002,SYN-SUBJ-002-SESS-0,11,NEITHER,synthetic,0.6867,1.0907,1.0764,0.4446,0.1134,0.5333,0.7762,1.1079,1.0042,0.354,0.608,1.0246,0.4672,0.9643,0.0,0.9836,0.7534,0.9584,0.9304,0.2831,0.8629,False
SYN-SUBJ-002,SYN-SUBJ-002-SESS-0,12,ENCODING,synthetic,1.0756,0.9924,1.2541,0.716,0.5624,0.5588,0.8363,1.2495,0.4186,0.064,1.1232,1.4449,0.776,1.1562,0.2519,1.0227,1.1133,1.1793,0.6834,0.3672,0.5527,False
SYN-SUBJ-002,SYN-SUBJ-002-SESS-0,13,RECALL,synthetic,0.6429,0.6575,0.8081,0.7001,0.0384,0.8456,1.0917,1.9579,0.8539,0.8245,0.5766,0.6381,1.8795,0.8313,0.1126,0.9162,0.7083,1.12,0.9043,0.4595,0.7893,False
SYN-SUBJ-002,SYN-SUBJ-002-SESS-0,14,RECALL,synthetic,0.4901,1.0861,0.7903,0.5687,0.3691,1.0379,0.4885,1.6536,0.4986,0.4969,0.4769,0.5898,1.3132,0.4555,0.0483,0.8014,0.5486,1.4031,0.8365,0.1005,0.791,False
SYN-SUBJ-002,SYN-SUBJ-002-SESS-0,15,ENCODING,synthetic,2.5487,3.0876,3.2542,3.8485,1.7318,4.4576,3.9081,2.8499,3.7095,1.9382,3.4212,4.8183,3.8994,3.7722,3.3595,3.4929,3.6839,3.9152,3.7594,2.6202,4.4854,True
SYN-SUBJ-002,SYN-SUBJ-002-SESS-0,16,ENCODING,synthetic,1.3301,0.9066,1.0451,0.4641,0.4298,1.1132,1.6904,1.004,1.2857,0.3638,0.6206,1.2905,0.8273,1.0322,0.0568,1.0263,1.4163,0.7075,0.589,0.2046,0.2902,False
SYN-SUBJ-002,SYN-SUBJ-002-SESS-0,17,RECALL,synthetic,0.8988,0.6425,1.3798,0.5095,0.1429,1.0639,0.9668,1.7903,0.3333,0.1844,0.9261,0.6274,1.4978,0.7427,0.2666,0.7459,0.7938,1.5785,0.7041,0.1144,0.6708,False
SYN-SUBJ-002,SYN-SUBJ-002-SESS-0,18,NEITHER,synthetic,1.0931,0.832,0.7984,0.5778,0.3155,1.1917,0.77,1.1783,1.2122,0.4745,0.8627,0.963,1.0777,0.6732,0.5604,1.1552,1.0326,0.6453,0.9019,0.0542,0.4992,False
SYN-SUBJ-002,SYN-SUBJ-002-SESS-0,19,RECALL,synthetic,1.4613,1.0049,1.2313,1.069,0.0819,0.8367,0.6274,1.1188,1.3098,0.0,1.5624,0.8348,1.1798,1.0432,0.0306,0.8472,0.7436,1.43,0.9677,0.5117,0.706,False
SYN-SUBJ-002,SYN-SUBJ-002-SESS-0,20,RECALL,synthetic,4.6038,4.5248,4.2332,4.004,2.2247,2.9339,4.5466,4.2304,3.5154,2.0392,5.0967,3.1755,4.5775,3.2183,4.4005,4.8195,2.7554,3.9461,4.1459,2.1468,4.803,True
SYN-SUBJ-002,SYN-SUBJ-002-SESS-0,21,RECALL,synthetic,0.8669,0.4812,0.8123,0.6386,0.6838,0.7607,0.1974,1.1662,0.75,0.665,0.9306,0.785,1.3982,1.3786,0.5872,0.6371,0.9935,1.6055,1.4048,0.3942,0.8523,False
SYN-SUBJ-002,SYN-SUBJ-002-SESS-0,22,ENCODING,synthetic,0.7417,1.1274,1.0302,0.9613,0.2816,0.6876,1.851,0.7725,0.2604,0.6022,0.6291,1.3514,0.9095,0.7102,0.446,0.5891,1.5058,0.7833,1.1588,0.5435,0.3682,False
SYN-SUBJ-002,SYN-SUBJ-002-SESS-0,23,ENCODING,synthetic,0.9632,1.3583,0.8547,0.6704,0.5564,0.8838,1.7982,0.9867,1.0644,0.1131,0.6008,1.3547,1.0819,1.0603,0.1656,0.9003,1.5276,1.2158,0.5476,0.1154,0.0477,False
SYN-SUBJ-002,SYN-SUBJ-002-SESS-0,24,ENCODING,synthetic,0.7922,1.1247,0.7973,0.5837,0.4677,0.7376,0.9728,0.6184,1.0841,0.3278,0.7775,1.4059,0.5442,0.9309,0.0,1.0715,1.4953,0.7611,0.6143,0.2543,0.4499,False
SYN-SUBJ-002,SYN-SUBJ-002-SESS-0,25,RECALL,synthetic,0.4073,1.2191,1.0983,0.8469,0.4204,1.015,0.8008,1.1991,0.5861,0.5715,0.8506,1.1863,1.353,0.5756,0.3856,0.5963,0.4771,1.2905,0.6126,0.4563,0.6907,False
SYN-SUBJ-002,SYN-SUBJ-002-SESS-0,26,NEITHER,synthetic,0.5031,0.8585,0.7217,0.93,0.4446,0.9779,0.4693,0.8445,0.8764,0.1835,0.8391,0.8473,1.3022,1.0179,0.0807,1.1898,1.0431,0.9788,1.0324,0.7238,0.7388,False
SYN-SUBJ-002,SYN-SUBJ-002-SESS-0,27,RECALL,synthetic,1.1828,0.3349,1.4108,0.6783,0.2369,0.3932,0.6223,1.3523,0.8324,0.0528,0.5338,1.3042,1.26,0.7952,0.0,0.6272,0.7531,1.0349,0.8451,0.0334,0.6787,False
SYN-SUBJ-002,SYN-SUBJ-002-SESS-0,28,RECALL,synthetic,0.6364,0.868,1.3407,0.541,0.1759,0.782,1.1816,1.4181,0.7425,0.064,0.5714,0.5688,1.4079,1.0352,0.664,0.5591,0.874,0.9901,0.8065,0.0983,0.8535,False
SYN-SUBJ-002,SYN-SUBJ-002-SESS-0,29,NEITHER,synthetic,0.3046,0.964,0.9754,0.6702,0.0,1.0089,0.4984,0.7794,0.3788,0.4708,0.3635,0.6756,0.6813,0.8207,0.0,0.9373,0.9434,0.7317,0.7514,0.0,0.3037,False
SYN-SUBJ-002,SYN-SUBJ-002-SESS-0,30,ENCODING,synthetic,1.2238,1.6582,0.8214,0.797,0.6974,1.0481,1.8634,0.3693,0.8126,0.2581,0.9273,1.4694,1.1403,0.03,0.3905,0.9156,1.0045,0.8627,0.506,0.7121,0.8737,False
SYN-SUBJ-002,SYN-SUBJ-002-SESS-0,31,NEITHER,synthetic,0.5254,0.6679,0.2724,0.567,0.4277,0.8885,0.7208,1.0926,1.0344,0.4442,0.2281,0.8552,0.757,1.1005,0.5393,1.2011,0.4237,0.9371,0.9958,0.0454,0.7326,False
SYN-SUBJ-002,SYN-SUBJ-002-SESS-0,32,ENCODING,synthetic,0.9291,1.1195,1.1717,0.9427,0.4397,1.2428,1.3413,1.2965,0.8421,0.1198,0.8563,1.5158,0.9955,0.7663,0.0698,0.6936,1.2862,0.8287,0.5155,0.3541,0.4288,False
SYN-SUBJ-002,SYN-SUBJ-002-SESS-0,33,RECALL,synthetic,0.69,1.11,1.2327,0.5746,0.0,0.4214,0.9738,1.2615,0.5269,0.5283,0.9187,0.4719,1.5717,0.5937,0.4231,1.3726,0.9531,1.513,1.0881,1.0151,0.7991,False
SYN-SUBJ-002,SYN-SUBJ-002-SESS-0,34,NEITHER,synthetic,0.7249,0.3672,1.0754,0.6678,0.0,0.7839,0.609,0.5613,1.2112,0.6005,0.6211,0.976,1.0252,0.4992,0.0,0.5762,0.5782,0.6074,0.9043,0.4595,0.7754,False
SYN-SUBJ-002,SYN-SUBJ-002-SESS-0,35,RECALL,synthetic,3.3314,4.2153,4.3775,3.434,2.5592,2.1893,4.8474,4.7157,3.0343,3.3901,4.5648,2.6138,5.0109,4.0081,1.7372,4.0896,3.932,4.3566,3.8594,3.5112,5.3528,True
SYN-SUBJ-002,SYN-SUBJ-002-SESS-0,36,NEITHER,synthetic,1.0322,0.7552,0.5273,0.8258,0.5453,0.4183,0.5924,0.7494,0.9094,0.2104,0.3666,0.9005,0.8666,1.0399,0.1392,0.5961,0.9021,0.494,0.7678,0.0737,0.2637,False
SYN-SUBJ-002,SYN-SUBJ-002-SESS-0,37,RECALL,synthetic,0.7927,1.2045,1.3141,1.2064,0.1919,0.6933,0.8968,1.0348,0.812,0.0,0.9947,0.5167,1.2971,0.7283,0.0635,0.9655,0.8522,0.7966,0.618,0.6815,0.1103,False
SYN-SUBJ-002,SYN-SUBJ-002-SESS-0,38,RECALL,synthetic,1.1544,0.9621,1.3586,0.2919,0.8771,0.7278,1.0949,1.3579,0.6887,0.2557,0.7803,1.2352,0.9992,0.9217,0.774,0.6951,0.8315,1.0289,1.2339,0.0391,0.5658,False
SYN-SUBJ-002,SYN-SUBJ-002-SESS-0,39,RECALL,synthetic,0.984,0.4284,1.3843,0.489,0.0614,0.5447,0.8142,1.0629,0.907,0.4705,0.6574,0.9362,0.971,0.669,0.4204,0.5755,1.0131,1.8297,0.6857,0.2906,0.866,False
SYN-SUBJ-002,SYN-SUBJ-002-SESS-0,40,NEITHER,synthetic,3.5389,3.9645,3.7194,4.213,4.0342,4.4917,3.4986,4.016,4.7713,3.8702,4.5874,3.5641,3.0732,4.4106,2.5183,3.6656,3.3275,4.2641,3.4138,2.3836,5.8326,True
SYN-SUBJ-002,SYN-SUBJ-002-SESS-0,41,NEITHER,synthetic,1.2123,0.6556,0.6764,0.908,0.3372,0.6533,0.9625,0.6335,0.9377,0.0,1.153,0.9444,0.9384,0.8269,0.0,0.4052,0.8409,0.7297,0.9042,0.582,0.4071,False
SYN-SUBJ-002,SYN-SUBJ-002-SESS-0,42,RECALL,synthetic,4.0103,3.7492,4.2629,4.2922,2.389,4.1911,3.4606,4.202,2.6073,4.2446,4.3275,5.1671,4.4931,2.3863,4.0029,3.9948,5.0086,5.0191,2.8812,2.1606,2.814,True
SYN-SUBJ-002,SYN-SUBJ-002-SESS-0,43,NEITHER,synthetic,1.0848,1.0262,1.0677,0.7736,0.5838,0.3396,0.4208,0.665,1.1666,0.2155,0.985,0.8271,0.548,0.8407,1.036,0.6714,1.0552,0.7862,0.7963,0.1937,0.002,False
SYN-SUBJ-002,SYN-SUBJ-002-SESS-0,44,RECALL,synthetic,2.0097,4.2109,4.3274,4.4339,3.5148,3.85,3.3084,4.2409,4.2939,3.4902,5.0941,2.9753,3.0157,4.0057,3.1745,4.0509,4.773,5.3669,3.1028,2.9478,2.525,True
SYN-SUBJ-002,SYN-SUBJ-002-SESS-0,45,NEITHER,synthetic,0.84,1.0444,0.5859,0.506,0.3344,0.6492,0.55,0.6895,0.5285,0.4426,0.8748,1.0004,0.8995,0.6597,0.246,0.3905,0.7594,0.957,1.174,0.7062,0.5329,False
SYN-SUBJ-002,SYN-SUBJ-002-SESS-0,46,RECALL,synthetic,0.8031,0.8341,1.312,0.4872,0.4878,0.5344,0.4258,1.109,1.2548,0.2163,0.8928,0.5319,1.2889,0.7484,0.3144,0.8085,0.7462,1.5911,0.6713,0.2217,0.3347,False
SYN-SUBJ-002,SYN-SUBJ-002-SESS-0,47,NEITHER,synthetic,1.0505,1.0009,0.8116,0.5893,0.0,0.966,0.74,0.7795,0.9016,0.2805,0.7804,0.7723,0.8453,0.9934,0.0,0.9239,0.6638,0.1998,0.9268,0.5525,0.5197,False
SYN-SUBJ-002,SYN-SUBJ-002-SESS-0,48,ENCODING,synthetic,0.4193,1.4785,0.4795,0.8535,0.0,0.7295,1.3722,0.8829,0.8467,0.1347,1.2697,1.5423,0.8744,1.0584,0.1911,0.711,1.755,1.1669,0.9736,0.1278,0.3815,False
SYN-SUBJ-002,SYN-SUBJ-002-SESS-0,49,ENCODING,synthetic,0.7465,0.9985,1.0874,0.9041,0.0,0.5551,1.5031,0.5095,0.9743,0.6142,1.038,1.3967,0.7713,0.4916,0.2866,0.8531,1.4472,0.7459,0.4962,0.615,0.126,False
SYN-SUBJ-002,SYN-SUBJ-002-SESS-0,50,NEITHER,synthetic,0.3666,0.4694,1.0137,0.6471,0.3861,0.8482,0.738,0.7214,1.0702,0.7281,0.7176,0.6274,1.3047,0.845,0.1831,0.7399,1.0362,0.8009,0.8459,0.0001,0.0573,False
SYN-SUBJ-002,SYN-SUBJ-002-SESS-0,51,NEITHER,synthetic,0.6279,0.7445,0.7919,0.4418,0.8917,0.7161,0.693,0.9697,0.89,0.0,0.8808,0.4466,0.9006,1.0157,0.0635,0.7143,1.0037,0.7667,0.9261,0.7136,0.4959,False
SYN-SUBJ-002,SYN-SUBJ-002-SESS-0,52,ENCODING,synthetic,0.4368,1.3246,0.5599,0.8882,0.6011,0.8753,0.9665,0.908,0.5953,0.0,1.0966,1.4577,0.824,0.6231,0.5702,0.991,1.6326,0.4479,0.4169,0.0,0.1991,False
SYN-SUBJ-002,SYN-SUBJ-002-SESS-0,53,RECALL,synthetic,1.3468,1.1218,1.0598,0.6524,0.5911,0.8451,0.8694,1.6252,0.364,0.6953,0.872,0.5038,1.6258,1.272,0.699,0.7596,0.9968,1.4567,0.4802,0.9632,0.9977,False
SYN-SUBJ-002,SYN-SUBJ-002-SESS-0,54,RECALL,synthetic,0.5742,0.9505,1.3782,1.2179,0.1184,0.9098,1.05,1.0844,1.0628,0.5078,0.7955,1.1539,1.4215,0.9381,0.6097,0.8773,0.6066,1.7433,0.9688,0.663,0.9684,False
SYN-SUBJ-002,SYN-SUBJ-002-SESS-0,55,RECALL,synthetic,0.4726,1.0684,1.4605,0.7751,0.2441,0.406,0.7999,1.1398,0.5867,0.0432,0.825,0.717,1.5402,0.687,0.0,0.625,0.829,0.8646,1.151,0.2635,0.2195,False
SYN-SUBJ-002,SYN-SUBJ-002-SESS-0,56,ENCODING,synthetic,0.7881,1.4397,0.9972,0.6057,0.4329,1.0871,1.8237,0.8195,0.9277,0.3246,0.6134,1.2429,0.8012,1.1121,0.3991,0.6811,1.657,0.6044,0.921,0.1229,0.0247,False
SYN-SUBJ-002,SYN-SUBJ-002-SESS-0,57,RECALL,synthetic,0.8256,0.6784,1.1358,1.2402,0.5605,0.4645,0.7937,1.4502,0.2655,0.4009,0.8782,0.9848,1.3623,0.896,0.5335,0.673,1.2572,1.2413,0.6394,0.0801,0.9984,False
SYN-SUBJ-002,SYN-SUBJ-002-SESS-0,58,NEITHER,synthetic,0.0,0.8504,0.8054,0.6803,0.7649,0.875,0.5737,0.5493,1.0063,0.1641,0.5885,0.4007,0.7889,0.9713,0.5254,0.8826,1.2339,0.5253,0.8706,0.4168,0.7225,False
SYN-SUBJ-002,SYN-SUBJ-002-SESS-0,59,RECALL,synthetic,0.4123,1.2372,1.5709,0.2847,0.5805,0.589,0.9553,1.3597,0.7732,0.6493,1.2122,0.6825,1.7069,0.4558,0.3229,0.7132,0.9639,0.9493,1.0105,0.3533,0.2996,False
SYN-SUBJ-002,SYN-SUBJ-002-SESS-1,0,NEITHER,synthetic,3.9042,4.8316,3.0802,3.6092,3.7424,3.4667,3.6377,3.7916,3.5623,2.1706,3.6368,3.9184,2.8657,3.6137,2.6766,2.4149,3.5385,3.5833,3.152,3.2561,2.7407,True
SYN-SUBJ-002,SYN-SUBJ-002-SESS-1,1,ENCODING,synthetic,1.0212,1.4956,1.0782,0.7514,0.0478,0.3521,1.0637,0.5706,0.6682,0.2426,0.6384,1.5611,0.829,1.0548,0.4212,0.9306,1.1368,1.257,0.5479,0.0051,0.7373,False
SYN-SUBJ-002,SYN-SUBJ-002-SESS-1,2,RECALL,synthetic,0.9035,1.0239,1.2099,1.0662,0.0,0.4617,1.1168,1.4745,0.6129,0.4709,1.1358,0.5982,1.4245,0.6132,0.0,1.142,1.0412,1.8235,0.9635,0.6054,0.5377,False
SYN-SUBJ-002,SYN-SUBJ-002-SESS-1,3,NEITHER,synthetic,1.2557,0.6941,0.4434,0.8821,0.6079,1.1393,0.8073,0.9222,0.8196,0.6591,1.0843,0.6967,1.0656,0.8173,0.6194,0.7278,0.8454,0.6803,0.4314,0.0187,0.8558,False
SYN-SUBJ-002,SYN-SUBJ-002-SESS-1,4,RECALL,synthetic,3.2301,3.9638,3.8521,3.8643,3.6314,2.7596,2.8335,3.4459,2.3427,3.4928,2.1989,2.7281,4.8751,3.6684,1.7495,3.7774,3.7447,4.2381,4.0484,2.5589,3.3739,True
SYN-SUBJ-002,SYN-SUBJ-002-SESS-1,5,ENCODING,synthetic,0.8957,1.4817,0.8285,1.2839,0.3648,0.784,1.3408,0.9314,0.7936,0.5112,0.5051,1.4103,0.7485,0.3642,0.2864,0.6677,1.7375,0.4091,0.4108,0.1137,0.2324,False
SYN-SUBJ-002,SYN-SUBJ-002-SESS-1,6,ENCODING,synthetic,0.9843,1.5396,1.0474,0.7221,0.5495,0.7332,1.4462,0.9665,0.4901,0.259,0.8909,1.4641,1.0302,0.2417,0.0,1.0711,1.6075,1.309,0.7935,0.6218,0.5999,False
SYN-SUBJ-002,SYN-SUBJ-002-SESS-1,7,NEITHER,synthetic,1.379,0.5293,0.2203,0.7447,0.1118,0.4802,0.4325,0.6202,1.2669,0.098,0.8478,0.5651,0.6135,0.5582,0.5634,0.8591,1.1531,1.0039,0.8092,0.0,0.3088,False
SYN-SUBJ-002,SYN-SUBJ-002-SESS-1,8,NEITHER,synthetic,0.4668,0.8266,0.9241,1.0132,0.546,0.8946,1.0542,0.7068,0.6789,0.207,0.084,0.342,0.9998,0.9678,0.4857,0.8388,0.7533,0.8897,0.5725,0.4824,0.229,False
SYN-SUBJ-002,SYN-SUBJ-002-SESS-1,9,NEITHER,synthetic,0.4378,0.8376,1.1334,1.1304,0.1178,0.8265,1.2037,0.7573,0.4866,0.1605,0.9718,0.7967,0.8322,0.8876,0.253,0.9479,1.1542,0.9289,0.9537,0.6034,0.8312,False
SYN-SUBJ-002,SYN-SUBJ-002-SESS-1,10,ENCODING,synthetic,1.0051,1.7767,1.0119,0.6719,0.6929,0.8275,1.5782,0.8238,1.0274,0.0,0.9359,1.3628,1.2543,1.4099,0.6455,0.7009,1.5129,0.5458,0.9293,0.2825,0.8196,False
SYN-SUBJ-002,SYN-SUBJ-002-SESS-1,11,RECALL,synthetic,2.8554,4.8827,3.9757,3.1966,3.3115,3.6053,2.572,3.3932,3.0096,3.9295,3.5749,5.2787,3.4882,3.4362,2.8679,3.832,3.8728,3.5525,4.8566,2.9923,4.9097,True
SYN-SUBJ-002,SYN-SUBJ-002-SESS-1,12,NEITHER,synthetic,2.9919,3.3496,4.7126,2.1409,3.7861,4.8872,2.9641,3.9843,3.0546,3.6832,3.357,2.3391,3.947,3.4968,3.4463,4.2305,3.7864,4.5912,4.0804,4.0684,5.3498,True
SYN-SUBJ-002,SYN-SUBJ-002-SESS-1,13,RECALL,synthetic,1.0291,1.0504,1.2153,0.5594,1.0109,0.8282,0.8096,1.6719,0.9865,0.0,0.7656,0.8062,1.1704,0.5472,0.5989,0.8733,0.9726,1.5819,0.7354,0.3855,0.059,False
SYN-SUBJ-002,SYN-SUBJ-002-SESS-1,14,ENCODING,synthetic,0.6752,1.6772,1.4888,1.009,0.1279,0.9252,1.36,0.7557,0.7454,0.4332,0.8887,1.4789,0.8466,0.85,0.6093,0.8248,1.388,0.7596,1.4424,0.0987,0.0419,False
SYN-SUBJ-002,SYN-SUBJ-002-SESS-1,15,ENCODING,synthetic,0.4423,1.7619,0.838,1.2443,0.2877,1.0802,1.3054,0.6848,1.0487,0.0,1.2037,1.8831,0.8209,1.1671,0.1885,0.7605,1.4819,0.6841,0.9985,0.5458,0.6983,False
SYN-SUBJ-002,SYN-SUBJ-002-SESS-1,16,NEITHER,synthetic,0.9851,0.8733,0.7966,1.0428,0.537,1.2201,0.6962,0.825,1.0966,0.1254,0.3577,0.4568,0.7881,1.1788,0.3295,1.0285,0.7438,0.4834,0.4438,0.723,0.6779,False
SYN-SUBJ-002,SYN-SUBJ-002-SESS-1,17,ENCODING,synthetic,0.745,1.1437,1.0246,1.0529,0.4518,1.3476,1.1813,1.314,0.7819,0.6594,0.5941,1.3777,0.981,1.0109,0.5597,0.379,1.2073,0.6918,0.8187,0.3839,0.6731,False
SYN-SUBJ-002,SYN-SUBJ-002-SESS-1,18,NEITHER,synthetic,0.6199,0.3017,0.9327,1.0979,0.2426,0.6418,0.7753,1.1104,1.3496,0.2859,0.7102,0.8833,0.8199,1.023,0.2266,0.6716,0.958,0.7512,0.4592,0.6779,0.6655,False
SYN-SUBJ-002,SYN-SUBJ-002-SESS-1,19,NEITHER,synthetic,0.7107,0.3776,0.845,0.734,0.4769,0.3186,0.5618,1.0331,0.9131,0.6707,0.602,0.7656,0.4628,0.9648,0.0,0.6543,0.8928,0.8106,1.0295,0.4969,0.5922,False
SYN-SUBJ-002,SYN-SUBJ-002-SESS-1,20,ENCODING,synthetic,0.9693,1.6009,0.982,1.1977,0.0,0.8097,1.4158,1.109,0.9399,0.7228,0.25,1.3215,1.0383,0.6308,0.0,0.4859,1.3805,0.8662,1.0694,0.0527,0.1447,False
SYN-SUBJ-002,SYN-SUBJ-002-SESS-1,21,RECALL,synthetic,0.7563,0.5467,1.3228,0.7097,0.2389,0.5946,0.4351,1.2241,0.4992,0.0471,1.5325,1.4282,1.9167,0.7455,0.0479,0.9612,0.5652,1.2534,0.5894,0.546,0.8279,False
SYN-SUBJ-002,SYN-SUBJ-002-SESS-1,22,ENCODING,synthetic,0.7959,1.5861,0.751,0.7718,0.0,0.9028,0.9362,0.7927,0.6138,0.5416,0.3162,1.4507,0.8664,0.6183,0.4865,0.5944,1.4609,0.7476,0.8834,0.2928,0.9231,False
SYN-SUBJ-002,SYN-SUBJ-002-SESS-1,23,NEITHER,synthetic,0.621,0.7185,0.9045,0.8272,0.0,0.9876,0.3645,0.753,0.5548,0.3927,0.939,0.7534,0.627,0.9301,0.4609,0.8183,0.4149,1.2241,0.8456,0.0,0.9885,False
SYN-SUBJ-002,SYN-SUBJ-002-SESS-1,24,ENCODING,synthetic,0.6501,1.7974,0.7816,0.8643,0.3966,0.648,1.6457,0.94,0.7802,0.0963,0.8005,1.2928,0.8798,0.7903,0.1378,1.007,1.5931,0.7131,1.1409,0.516,0.7758,False
SYN-SUBJ-002,SYN-SUBJ-002-SESS-1,25,NEITHER,synthetic,1.1878,0.9092,0.3298,0.7049,0.16,0.6858,0.6262,0.8982,0.8936,0.0,0.8476,0.7686,0.8192,0.5302,0.1782,0.7611,1.2314,0.8659,0.6705,0.0,0.4337,False
SYN-SUBJ-002,SYN-SUBJ-002-SESS-1,26,NEITHER,synthetic,0.8581,0.6425,1.1746,1.0237,0.086,0.5008,1.0401,0.4603,1.1078,0.3866,0.522,1.2609,1.0087,0.3742,0.2104,0.5802,0.4814,0.9193,1.176,0.6909,0.6952,False
SYN-SUBJ-002,SYN-SUBJ-002-SESS-1,27,ENCODING,synthetic,1.1569,1.4625,0.7008,0.9397,0.4455,0.9927,1.6952,0.8622,0.7689,0.6171,0.7851,1.2173,1.0595,0.289,0.6026,1.0339,1.4226,1.108,0.7221,0.3975,0.4449,False
SYN-SUBJ-002,SYN-SUBJ-002-SESS-1,28,NEITHER,synthetic,0.4634,0.6108,1.3297,1.1637,0.3156,0.4418,0.7971,0.783,0.758,0.457,0.8541,0.9301,0.6857,1.0332,0.5591,0.6536,0.7126,0.7882,0.563,0.1376,0.6498,False
SYN-SUBJ-002,SYN-SUBJ-002-SESS-1,29,ENCODING,synthetic,0.7626,1.5883,0.9181,0.4791,0.4965,0.7293,1.4011,0.7335,0.0078,0.2688,0.668,1.1685,1.0858,0.9685,0.0147,0.6962,1.4923,1.0888,0.8098,0.6581,0.0775,False
SYN-SUBJ-002,SYN-SUBJ-002-SESS-1,30,ENCODING,synthetic,0.8776,1.3195,0.5887,0.7709,0.4173,1.1876,1.1883,1.0936,1.1781,0.3057,0.9347,1.5983,0.7997,1.2394,0.1922,1.0407,1.6366,1.0589,0.5876,0.3616,0.3489,False
SYN-SUBJ-002,SYN-SUBJ-002-SESS-1,31,NEITHER,synthetic,0.7175,0.4984,0.7137,0.9443,0.2299,1.057,0.7406,0.591,1.1623,0.6242,0.761,0.4193,0.5499,0.6933,0.3414,1.1221,0.8404,0.8952,0.9302,0.0274,0.0529,False
SYN-SUBJ-002,SYN-SUBJ-002-SESS-1,32,NEITHER,synthetic,1.1038,0.5255,1.1382,0.7091,0.0883,0.5631,0.8929,0.6516,1.0457,0.1809,1.4234,0.4278,0.7711,0.9824,0.2395,0.7523,0.7422,0.6755,1.2255,0.5224,0.0767,False
SYN-SUBJ-002,SYN-SUBJ-002-SESS-1,33,ENCODING,synthetic,0.5294,1.4662,0.8965,0.8093,0.005,0.3138,1.4454,1.0777,0.7607,0.0,0.8004,1.1242,0.8608,1.3457,0.3158,0.7405,1.1811,0.4131,0.4556,0.3123,0.7026,False
SYN-SUBJ-002,SYN-SUBJ-002-SESS-1,34,NEITHER,synthetic,0.427,1.1901,0.8091,1.6488,0.0,1.1795,0.6938,1.0857,0.8942,0.605,1.3254,0.869,0.2835,0.9313,0.5354,0.9787,0.9959,1.1001,0.9144,0.6393,0.338,False
SYN-SUBJ-002,SYN-SUBJ-002-SESS-1,35,NEITHER,synthetic,1.4029,0.4089,0.7187,0.9781,0.4647,0.7757,0.9891,0.7981,0.4991,0.3658,1.0312,1.1501,0.6761,0.8532,0.2628,0.4851,0.9022,0.5887,0.8398,0.1556,0.3539,False
SYN-SUBJ-002,SYN-SUBJ-002-SESS-1,36,ENCODING,synthetic,0.6744,1.3788,0.5727,1.0875,0.3373,0.9218,1.7128,1.0291,0.6694,0.3476,0.8072,1.4456,0.6342,0.5845,0.3668,0.4748,1.8194,0.6295,0.7775,0.687,0.4394,False
SYN-SUBJ-002,SYN-SUBJ-002-SESS-1,37,ENCODING,synthetic,0.7981,1.2066,0.9176,0.9367,0.2016,0.849,1.489,0.4971,1.0763,0.4426,0.7364,1.5125,1.0936,0.7227,0.1532,0.5445,1.5728,0.9444,0.446,0.1298,0.8818,False
SYN-SUBJ-002,SYN-SUBJ-002-SESS-1,38,NEITHER,synthetic,1.2014,0.7987,0.3558,1.2488,0.7846,0.8569,0.6973,0.7994,0.8569,0.2898,0.7476,0.9499,0.5902,0.7965,0.3043,0.6205,0.8478,1.0523,0.9538,0.0238,0.1869,False
SYN-SUBJ-002,SYN-SUBJ-002-SESS-1,39,RECALL,synthetic,0.5503,1.3504,0.7173,0.8302,0.7859,0.9472,1.1935,1.4654,0.4612,0.1644,0.8202,1.1565,1.3068,0.7027,0.1875,0.8696,0.8741,1.8966,0.7878,0.0128,0.0909,False
SYN-SUBJ-002,SYN-SUBJ-002-SESS-1,40,ENCODING,synthetic,0.9771,1.0392,0.7619,0.9981,0.3004,0.743,1.4623,0.7495,0.8585,0.5056,0.974,1.7917,0.6843,0.8326,0.8533,0.8259,1.4299,0.705,0.6362,0.2779,0.6065,False
SYN-SUBJ-002,SYN-SUBJ-002-SESS-1,41,RECALL,synthetic,1.0202,1.0477,1.2467,0.7847,0.4288,1.138,0.8496,1.4676,0.6515,0.3095,0.5861,0.8777,1.0208,0.5718,0.5842,0.8836,1.0609,1.4228,0.7364,0.3166,0.5866,False
SYN-SUBJ-002,SYN-SUBJ-002-SESS-1,42,NEITHER,synthetic,0.696,0.9178,1.0768,1.3079,0.6688,0.6672,0.6785,0.4051,0.8908,0.1813,0.7923,1.0032,1.0097,0.6966,0.0,0.8509,0.3397,0.6079,0.737,0.0877,0.1174,False
SYN-SUBJ-002,SYN-SUBJ-002-SESS-1,43,RECALL,synthetic,3.6329,2.646,4.1966,2.3929,3.1139,4.2802,2.9465,5.0498,2.273,3.772,3.0785,2.701,3.525,4.1302,2.4757,3.001,2.5789,3.1681,2.1305,2.1981,5.5926,True
SYN-SUBJ-002,SYN-SUBJ-002-SESS-1,44,ENCODING,synthetic,0.8929,1.513,0.4756,0.8254,0.788,0.8096,1.4196,0.6266,1.1014,0.2516,0.8989,1.3353,0.5191,0.7778,0.0703,0.6531,1.2797,1.253,0.9844,0.4013,0.9652,False
SYN-SUBJ-002,SYN-SUBJ-002-SESS-1,45,ENCODING,synthetic,0.6652,1.7866,0.8584,1.2218,0.0,0.4757,1.2225,0.5937,0.2642,0.3063,1.1728,1.2878,0.7189,0.6156,0.4011,0.9231,1.7603,0.9802,0.6274,0.0,0.4339,False
SYN-SUBJ-002,SYN-SUBJ-002-SESS-1,46,ENCODING,synthetic,0.957,1.5541,0.9103,1.0201,0.7795,0.9313,1.6917,0.7761,0.4644,0.4703,0.8421,1.5323,1.0474,0.7486,0.263,0.9911,1.5045,1.3806,0.464,0.5696,0.7268,False
SYN-SUBJ-002,SYN-SUBJ-002-SESS-1,47,ENCODING,synthetic,1.0026,1.3857,0.858,1.0189,0.0,0.7765,1.3636,0.8236,0.9269,0.5419,1.0968,2.0713,0.8776,0.9369,0.2913,0.8027,1.1961,0.7781,0.6604,0.0033,0.4443,False
SYN-SUBJ-002,SYN-SUBJ-002-SESS-1,48,ENCODING,synthetic,0.8619,1.2372,0.8472,0.6326,0.2692,0.7727,1.4085,1.1239,0.9091,0.7394,1.1358,1.4119,0.8287,0.8513,0.4994,0.647,1.5764,0.693,1.3717,0.1699,0.7149,False
SYN-SUBJ-002,SYN-SUBJ-002-SESS-1,49,ENCODING,synthetic,0.4735,1.6005,0.8122,1.0183,0.2675,1.0224,1.5264,0.4587,1.2595,0.3866,0.8603,1.5765,1.0375,0.7421,0.4587,0.3511,1.6618,0.6878,0.4994,0.2049,0.2711,False
SYN-SUBJ-002,SYN-SUBJ-002-SESS-1,50,RECALL,synthetic,1.319,1.2387,1.1358,0.7985,0.2258,1.4039,0.8304,1.5396,1.1161,0.2162,1.0475,0.7439,0.8909,0.73,0.3351,0.2634,0.5249,1.3031,0.9296,0.4808,0.385,False
SYN-SUBJ-002,SYN-SUBJ-002-SESS-1,51,RECALL,synthetic,0.8173,0.1557,1.4012,0.537,0.1103,1.2103,1.2807,1.539,0.7063,0.0263,0.7276,0.5129,1.3369,0.8355,0.4261,0.7556,0.524,1.3984,0.3723,0.3429,0.3617,False
SYN-SUBJ-002,SYN-SUBJ-002-SESS-1,52,ENCODING,synthetic,0.9273,1.7403,0.8569,1.3658,0.1743,1.0382,1.5072,1.1143,0.4141,0.4103,0.6329,1.7248,1.2079,1.3663,0.2252,0.8446,1.8909,0.9503,0.8693,0.7015,0.3775,False
SYN-SUBJ-002,SYN-SUBJ-002-SESS-1,53,ENCODING,synthetic,0.7304,1.3483,0.8605,1.082,0.5264,0.4904,1.4712,0.8994,0.9406,0.4408,0.9679,1.8925,0.8594,0.454,0.5357,0.6876,1.4484,0.2221,0.7179,0.0,0.444,False
SYN-SUBJ-002,SYN-SUBJ-002-SESS-1,54,NEITHER,synthetic,0.897,0.7892,0.9642,0.8694,0.2791,0.8246,0.5267,1.2941,0.8547,0.1047,0.3604,0.3792,0.6655,1.0804,0.1789,0.7562,0.5685,1.1941,1.3828,0.0,0.1251,False
SYN-SUBJ-002,SYN-SUBJ-002-SESS-1,55,ENCODING,synthetic,0.7295,1.6567,0.9085,1.1229,0.0,0.7433,1.361,0.7217,0.5561,0.1762,0.6138,1.3612,0.8797,0.6409,0.5123,0.8078,1.539,0.54,1.1523,0.2278,0.1628,False
SYN-SUBJ-002,SYN-SUBJ-002-SESS-1,56,ENCODING,synthetic,3.9742,4.3105,3.7036,4.958,3.2745,2.0298,3.5367,3.2447,3.0172,3.5701,4.235,3.5501,3.277,4.335,2.0828,3.579,4.9248,3.4445,4.6743,4.3651,5.3262,True
SYN-SUBJ-002,SYN-SUBJ-002-SESS-1,57,NEITHER,synthetic,1.0427,0.6669,0.0455,0.0428,0.3145,0.5865,0.6304,0.8543,0.552,0.4632,0.9746,0.399,0.407,1.205,0.4207,0.7468,0.6539,1.164,0.8161,0.6347,0.9944,False
SYN-SUBJ-002,SYN-SUBJ-002-SESS-1,58,ENCODING,synthetic,0.7382,1.7382,1.2172,0.1924,0.1302,0.8434,1.3178,1.0026,0.9434,0.4583,0.7628,1.3778,1.0558,0.9555,0.406,0.849,1.2312,0.6329,0.8546,0.5814,0.1404,False
SYN-SUBJ-002,SYN-SUBJ-002-SESS-1,59,ENCODING,synthetic,0.5689,1.1855,0.84,0.764,0.5721,0.5466,1.1645,0.5433,0.9314,0.1688,0.6695,1.6459,0.9518,0.3353,0.4805,0.8962,1.4184,0.9073,0.8104,0.4203,0.5608,False
SYN-SUBJ-003,SYN-SUBJ-003-SESS-0,0,ENCODING,synthetic,0.7378,1.5168,0.6964,0.8324,0.0623,0.9547,1.6079,0.93,0.4393,0.0,0.6715,1.398,0.7111,0.2201,0.6526,0.5748,1.4445,0.9869,0.4304,1.0404,0.4863,False
SYN-SUBJ-003,SYN-SUBJ-003-SESS-0,1,NEITHER,synthetic,0.9821,0.956,0.1901,0.6046,0.3806,0.9121,0.0997,0.4664,0.7884,0.1861,0.9335,0.363,0.9465,0.7516,0.2878,0.8271,0.789,0.5131,0.7728,0.4304,0.1417,False
SYN-SUBJ-003,SYN-SUBJ-003-SESS-0,2,RECALL,synthetic,0.6568,1.1514,1.4854,0.5542,0.1811,0.6053,0.8282,1.1785,0.9613,0.1423,0.7778,0.625,1.1226,0.9863,0.0,0.8334,0.9804,1.6018,0.54,0.5788,0.3891,False
SYN-SUBJ-003,SYN-SUBJ-003-SESS-0,3,ENCODING,synthetic,0.9055,1.2719,0.7188,0.451,0.5019,1.0661,1.5562,0.4104,0.9599,0.0,1.3052,1.4222,1.0439,0.656,0.0953,1.1799,1.2851,0.6015,0.6457,0.0,0.9433,False
SYN-SUBJ-003,SYN-SUBJ-003-SESS-0,4,ENCODING,synthetic,0.5637,1.1231,1.1777,0.8689,0.4222,1.1316,1.4266,0.4399,0.8111,0.4425,0.9111,1.7266,1.0058,0.7079,0.1359,0.9349,1.2129,1.2078,0.9831,0.4824,0.999,False
SYN-SUBJ-003,SYN-SUBJ-003-SESS-0,5,RECALL,synthetic,0.5876,1.0252,0.8538,0.7131,0.3925,0.8765,0.6344,1.3427,0.516,0.0992,0.4197,1.1019,1.1739,0.5264,0.2027,1.1152,1.2144,1.0514,1.2274,0.2617,0.1038,False
SYN-SUBJ-003,SYN-SUBJ-003-SESS-0,6,NEITHER,synthetic,4.2563,3.7863,3.1929,4.1913,2.0631,3.7925,4.2988,4.612,3.1722,4.4032,2.9955,4.278,3.0037,3.63,3.8578,4.463,2.9038,2.3548,3.6929,3.1642,3.6111,True
SYN-SUBJ-003,SYN-SUBJ-003-SESS-0,7,ENCODING,synthetic,0.9607,1.3665,0.9361,0.7477,0.0,0.4049,1.4789,0.4634,1.0201,0.5323,0.9277,1.3529,1.0235,0.604,0.1691,0.8187,1.4684,0.4939,0.478,0.0,0.843,False
SYN-SUBJ-003,SYN-SUBJ-003-SESS-0,8,NEITHER,synthetic,0.8516,0.6493,0.7262,0.8742,0.3124,0.781,0.7929,0.6319,0.544,0.0632,1.0956,0.7187,1.1767,0.8392,0.6276,0.738,0.8026,0.6166,0.6731,0.13,0.1938,False
SYN-SUBJ-003,SYN-SUBJ-003-SESS-0,9,ENCODING,synthetic,0.8604,1.1467,0.7695,0.8562,0.3956,0.8442,2.0906,0.8797,0.8561,0.1849,0.8896,1.3184,0.8973,0.9264,0.3172,0.8658,1.6841,0.3175,0.8049,0.386,0.7954,False
SYN-SUBJ-003,SYN-SUBJ-003-SESS-0,10,RECALL,synthetic,4.0895,3.1877,4.5836,3.2278,3.3496,3.8015,5.4284,4.1186,2.4337,3.4227,2.4953,2.2596,4.7987,2.5512,2.3702,4.3121,3.6622,5.0851,2.8269,3.8956,4.2353,True
SYN-SUBJ-003,SYN-SUBJ-003-SESS-0,11,NEITHER,synthetic,0.9424,0.6859,0.9304,1.2328,0.1449,0.1492,1.1291,1.0422,0.6466,0.1962,0.8844,1.1596,0.5265,0.8852,0.1111,0.6616,0.7249,0.8832,0.651,0.3867,0.3529,False
SYN-SUBJ-003,SYN-SUBJ-003-SESS-0,12,NEITHER,synthetic,0.2765,0.9388,0.9592,0.7251,0.0,0.9575,1.2142,0.3478,0.5275,0.2269,1.1168,1.0749,0.63,0.8437,0.28,0.9488,0.678,0.8759,0.7611,0.3068,0.6883,False
SYN-SUBJ-003,SYN-SUBJ-003-SESS-0,13,NEITHER,synthetic,0.3401,0.8709,1.0331,0.5841,0.0195,0.9983,0.66,0.755,0.7149,0.6116,1.1433,0.4432,1.2457,1.0141,0.0,0.9731,0.6841,0.9748,0.9218,0.7007,0.4987,False
SYN-SUBJ-003,SYN-SUBJ-003-SESS-0,14,RECALL,synthetic,0.8838,0.8825,1.1608,0.9924,0.0932,0.6803,0.4699,0.8884,1.324,0.2332,0.672,1.2437,0.8392,1.0797,0.3363,0.7401,0.7166,1.2,1.1471,0.5282,0.7233,False
SYN-SUBJ-003,SYN-SUBJ-003-SESS-0,15,RECALL,synthetic,0.7171,0.8589,1.3198,0.4866,0.4762,0.8362,1.0649,1.2455,0.4277,0.0,1.1,0.2837,1.4171,0.882,0.3372,0.6533,1.2714,1.2547,0.746,0.0981,0.088,False
SYN-SUBJ-003,SYN-SUBJ-003-SESS-0,16,NEITHER,synthetic,0.408,1.171,1.3567,0.7366,0.4058,0.6319,0.8012,0.6566,0.8682,0.2427,0.6102,1.0773,0.8507,0.5916,0.3402,0.8943,0.6489,0.8066,1.0452,0.0,0.8878,False
SYN-SUBJ-003,SYN-SUBJ-003-SESS-0,17,RECALL,synthetic,0.6256,0.5104,1.2918,1.0594,0.0724,0.7875,0.8155,0.9907,1.1321,0.5073,0.7188,0.5484,1.3702,0.6148,0.0,0.382,0.7414,1.1819,0.6022,0.2807,0.6705,False
SYN-SUBJ-003,SYN-SUBJ-003-SESS-0,18,RECALL,synthetic,0.8195,0.8835,1.3606,1.0977,0.0,0.6894,0.7891,1.0592,0.6363,0.316,0.2211,0.7591,1.3212,1.008,0.7717,0.6964,0.3413,1.2381,0.8515,0.4614,0.1642,False
SYN-SUBJ-003,SYN-SUBJ-003-SESS-0,19,RECALL,synthetic,0.6722,0.7207,1.1594,0.8038,0.31,0.804,0.5838,1.3228,0.4707,0.3206,0.6999,0.8754,1.0525,0.7021,0.3342,1.0192,0.5705,1.3697,0.5507,0.3614,0.0491,False
SYN-SUBJ-003,SYN-SUBJ-003-SESS-0,20,RECALL,synthetic,0.5904,0.8724,1.0,0.9675,0.0,0.721,0.4293,1.4281,0.3918,0.0,0.7905,0.856,1.4666,0.8186,0.3805,0.8212,0.8261,1.6189,0.7217,0.0312,0.1013,False
SYN-SUBJ-003,SYN-SUBJ-003-SESS-0,21,NEITHER,synthetic,0.6701,0.5019,0.8551,0.9232,0.0197,0.4784,0.7702,0.794,0.9914,0.7759,0.4799,0.4904,1.004,0.4698,0.4565,1.1065,0.8872,0.9694,0.16,0.4526,0.666,False
SYN-SUBJ-003,SYN-SUBJ-003-SESS-0,22,RECALL,synthetic,0.8609,0.9506,1.6086,0.9502,0.4774,0.5072,1.0995,1.2119,0.5868,0.2887,1.1321,1.0681,0.5797,0.4622,0.4308,0.5125,0.8447,1.397,0.9519,0.3934,0.7362,False
SYN-SUBJ-003,SYN-SUBJ-003-SESS-0,23,RECALL,synthetic,0.589,1.028,1.1759,0.6113,0.0,0.895,0.7037,1.4886,0.408,0.2336,1.0937,0.4138,1.0775,0.7943,0.0,0.7316,0.9286,1.4807,0.9236,1.0617,0.3572,False
SYN-SUBJ-003,SYN-SUBJ-003-SESS-0,24,ENCODING,synthetic,0.7369,0.703,0.5128,1.094,0.4899,1.3587,0.9575,0.2784,1.0448,0.012,0.995,1.2133,1.0703,0.6956,0.2386,1.15,1.5647,0.6137,0.0814,0.6716,0.3093,False
SYN-SUBJ-003,SYN-SUBJ-003-SESS-0,25,ENCODING,synthetic,0.6336,0.9225,1.0937,1.0857,0.0,0.5945,1.3057,0.8739,1.3464,0.3048,1.0024,1.6765,0.5702,0.7448,0.1357,0.7216,1.2838,0.7824,0.6986,0.539,0.2173,False
SYN-SUBJ-003,SYN-SUBJ-003-SESS-0,26,NEITHER,synthetic,0.7497,0.7767,0.4909,1.1542,0.4043,0.8168,1.0921,0.4721,0.1442,0.2669,0.1997,0.544,0.7431,0.6398,0.2466,0.5104,0.9554,0.673,1.3442,0.3914,0.2487,False
SYN-SUBJ-003,SYN-SUBJ-003-SESS-0,27,NEITHER,synthetic,0.1979,1.08,0.9336,0.8874,0.2056,0.9791,0.428,0.6276,0.6304,0.5698,0.707,0.6225,0.984,1.0142,0.2415,0.8752,0.4535,0.6318,0.5421,0.2059,0.8759,False
SYN-SUBJ-003,SYN-SUBJ-003-SESS-0,28,RECALL,synthetic,3.1549,3.9238,3.795,4.8609,1.3409,4.3247,4.6589,4.814,3.6156,3.9078,4.4473,2.5321,4.5482,3.3256,2.5062,4.6512,4.5924,4.3977,2.3962,2.7711,4.2879,True
SYN-SUBJ-003,SYN-SUBJ-003-SESS-0,29,NEITHER,synthetic,4.1648,3.6471,4.4676,3.3971,1.5102,4.1849,2.2279,3.6702,2.8673,3.037,2.5485,2.3443,3.7377,4.7811,3.0338,4.2888,3.6682,2.5582,2.8546,3.2965,4.4134,True
SYN-SUBJ-003,SYN-SUBJ-003-SESS-0,30,RECALL,synthetic,0.7467,0.8861,1.0719,0.6482,0.236,1.0186,0.8609,1.0092,0.8298,0.1444,0.7485,0.8985,1.0217,0.9858,0.629,0.8519,0.6256,1.0486,0.9709,0.1471,0.1393,False
SYN-SUBJ-003,SYN-SUBJ-003-SESS-0,31,NEITHER,synthetic,0.9214,0.7833,0.2782,0.7729,0.4064,1.298,0.4786,0.7278,0.8403,0.4023,0.5956,0.5077,0.2962,0.8994,0.5542,1.1126,0.4665,0.2993,1.2097,0.4735,0.4837,False
SYN-SUBJ-003,SYN-SUBJ-003-SESS-0,32,RECALL,synthetic,0.9411,1.1304,0.9085,0.7588,0.2524,1.1609,0.4953,1.1002,0.3691,0.0366,0.8306,0.8001,1.2554,0.5944,0.1255,0.5214,0.6799,1.0752,0.8246,0.7017,0.9173,False
SYN-SUBJ-003,SYN-SUBJ-003-SESS-0,33,ENCODING,synthetic,3.5305,5.0333,2.98,2.3265,2.7105,3.5832,3.296,3.4271,3.9045,2.5286,2.4624,4.7513,3.9692,2.6133,2.6419,2.4541,4.8271,3.7154,4.1311,3.9975,5.049,True
SYN-SUBJ-003,SYN-SUBJ-003-SESS-0,34,NEITHER,synthetic,0.9357,0.4925,0.5451,0.8131,0.0397,0.5582,0.8352,0.8459,0.5568,0.3817,0.8659,0.8183,0.8174,0.5688,0.4084,0.897,0.5948,0.6414,0.8714,0.8611,0.9223,False
SYN-SUBJ-003,SYN-SUBJ-003-SESS-0,35,RECALL,synthetic,0.4566,1.17,1.3876,0.9474,0.0933,0.735,0.4333,1.2366,0.6425,0.5958,0.2694,0.6248,0.7648,0.4828,0.6371,0.7405,1.031,1.3275,0.9349,0.7729,0.0594,False
SYN-SUBJ-003,SYN-SUBJ-003-SESS-0,36,ENCODING,synthetic,0.7174,0.8099,0.5091,0.336,0.2836,0.8717,1.8878,0.601,0.6511,0.0,1.4617,1.53,1.0958,0.6703,0.1969,0.7083,0.801,0.5827,0.7655,0.3472,0.0356,False
SYN-SUBJ-003,SYN-SUBJ-003-SESS-0,37,NEITHER,synthetic,0.607,1.0051,0.8755,0.2736,0.3554,1.3477,1.2051,0.8468,0.8884,0.5977,0.4994,1.0355,1.0598,0.8074,0.0902,0.9333,1.0493,1.0501,0.6569,0.2369,0.118,False
SYN-SUBJ-003,SYN-SUBJ-003-SESS-0,38,NEITHER,synthetic,0.6643,0.896,0.6953,0.8084,0.3124,1.1059,0.8343,1.1853,1.1138,0.0,0.0771,0.4569,1.1719,0.8121,0.3131,0.6827,0.8852,0.8876,0.9981,0.3378,0.6552,False
SYN-SUBJ-003,SYN-SUBJ-003-SESS-0,39,ENCODING,synthetic,0.9475,1.5581,0.5743,0.4692,0.7984,1.0473,1.4818,1.1507,0.982,0.0,0.9458,1.1649,0.6971,1.0009,0.0,0.6149,1.3941,1.303,0.644,0.5583,0.1044,False
SYN-SUBJ-003,SYN-SUBJ-003-SESS-0,40,RECALL,synthetic,0.6786,0.4397,1.2435,0.9406,0.7193,1.2928,0.825,1.6832,0.8337,0.5089,0.8309,0.6484,1.6582,0.7213,0.1131,0.5525,0.9962,1.4681,0.9721,0.3173,0.3842,False
SYN-SUBJ-003,SYN-SUBJ-003-SESS-0,41,ENCODING,synthetic,2.4723,3.6365,3.0558,3.9861,1.4933,4.1078,5.2676,2.9045,4.2501,2.1442,4.2249,5.108,4.2727,3.731,3.606,2.7906,4.2432,4.0552,4.6987,2.7505,5.9741,True
SYN-SUBJ-003,SYN-SUBJ-003-SESS-0,42,ENCODING,synthetic,1.2211,1.4175,0.8756,0.7428,0.275,1.0876,1.2439,0.9884,0.5977,0.1176,0.5391,1.0073,0.9013,0.4569,0.505,1.003,1.2903,0.9516,0.8954,0.5261,0.4399,False
SYN-SUBJ-003,SYN-SUBJ-003-SESS-0,43,RECALL,synthetic,3.4415,3.5727,4.9281,3.6047,2.6777,4.1638,2.8259,3.5028,3.1086,3.1471,3.4949,3.3404,4.9843,4.6956,3.9317,4.3914,2.7884,3.0287,2.3461,2.2796,4.4963,True
SYN-SUBJ-003,SYN-SUBJ-003-SESS-0,44,NEITHER,synthetic,0.454,0.3775,0.9132,0.9488,0.3285,0.5555,0.4705,0.973,0.1126,0.3982,0.6683,0.6724,1.3294,0.9345,0.3232,0.7449,0.4231,0.4874,0.3402,0.2453,0.5082,False
SYN-SUBJ-003,SYN-SUBJ-003-SESS-0,45,NEITHER,synthetic,1.0016,0.6849,0.4574,0.5933,0.5239,1.118,0.4062,0.2726,1.5288,0.0743,0.0,0.4253,0.497,0.4777,0.1515,0.744,1.098,0.4656,0.488,0.0462,0.5203,False
SYN-SUBJ-003,SYN-SUBJ-003-SESS-0,46,RECALL,synthetic,0.882,0.5963,1.2818,0.9613,0.3011,0.5393,0.3755,1.3886,0.9138,0.398,0.7193,0.2628,1.1243,0.9525,0.0,0.7552,0.5803,0.995,0.5277,0.3569,0.5693,False
SYN-SUBJ-003,SYN-SUBJ-003-SESS-0,47,ENCODING,synthetic,0.7922,1.9223,0.6049,0.446,0.0,0.5005,1.3067,0.8799,0.526,0.4361,0.9488,1.6093,0.897,0.6622,0.3921,1.0237,1.5049,1.0004,0.8132,0.0,0.4699,False
SYN-SUBJ-003,SYN-SUBJ-003-SESS-0,48,ENCODING,synthetic,1.0344,1.4313,0.496,0.0698,0.613,1.1459,1.8471,0.5099,0.6202,0.4759,0.4054,1.2367,1.166,1.1377,0.5434,0.5754,0.7791,0.2387,1.168,0.3897,0.355,False
SYN-SUBJ-003,SYN-SUBJ-003-SESS-0,49,RECALL,synthetic,0.4952,0.474,0.8878,0.9403,0.1495,0.3881,0.72,0.9457,0.9021,0.005,0.7929,0.8004,0.9627,0.5683,0.0644,0.8381,0.9527,1.6335,0.696,0.6981,0.2323,False
SYN-SUBJ-003,SYN-SUBJ-003-SESS-0,50,RECALL,synthetic,0.2842,0.5657,0.8522,0.5431,0.0771,0.873,0.7094,1.4173,1.06,0.6339,0.7023,0.026,1.3488,1.0682,0.0,0.6177,0.9408,1.3946,0.9219,0.4104,0.4389,False
SYN-SUBJ-003,SYN-SUBJ-003-SESS-0,51,ENCODING,synthetic,1.4262,1.0044,0.7872,0.2067,0.2058,0.6556,1.5028,1.235,0.7766,0.216,1.2936,1.0104,0.341,0.6639,0.747,0.7946,1.5411,0.802,1.0787,0.1585,0.7321,False
SYN-SUBJ-003,SYN-SUBJ-003-SESS-0,52,NEITHER,synthetic,0.2391,0.9347,0.6568,0.2266,0.657,1.1334,0.6684,0.7794,0.9067,0.4279,0.4536,0.2015,0.9114,0.3852,0.2918,0.8716,0.8998,0.9631,0.3844,0.3924,0.6721,False
SYN-SUBJ-003,SYN-SUBJ-003-SESS-0,53,ENCODING,synthetic,0.5496,1.897,0.2447,1.0107,0.3348,0.5647,1.5747,0.4661,0.8232,0.228,0.7539,1.3512,0.9333,0.9589,0.6252,0.6441,1.3611,0.9175,0.9337,0.0,0.2826,False
SYN-SUBJ-003,SYN-SUBJ-003-SESS-0,54,ENCODING,synthetic,1.0305,1.5342,0.7458,0.6037,0.0088,0.8913,1.0737,0.5218,1.1451,0.367,0.5077,1.1441,0.797,1.0053,0.0,0.6567,1.7198,0.4422,1.0374,0.0124,0.4902,False
SYN-SUBJ-003,SYN-SUBJ-003-SESS-0,55,NEITHER,synthetic,0.5964,0.9987,0.8751,0.8444,0.5821,0.4896,0.6217,1.4169,0.6068,0.6027,0.9836,0.9608,0.7234,0.8863,0.1471,0.4058,0.8175,0.4905,0.8725,0.002,0.412,False
SYN-SUBJ-003,SYN-SUBJ-003-SESS-0,56,ENCODING,synthetic,4.3828,4.0703,3.7581,3.2187,2.522,2.1662,4.2905,2.4049,4.2966,3.172,4.7178,4.2829,4.8649,2.5536,2.2922,3.4562,3.007,2.7109,3.6624,2.6032,5.0124,True
SYN-SUBJ-003,SYN-SUBJ-003-SESS-0,57,RECALL,synthetic,0.9648,0.6554,1.362,1.1719,0.3379,0.7499,1.3638,1.3494,0.9762,0.4261,0.6294,0.7887,1.2174,0.9462,0.3013,0.5883,0.7568,1.402,0.8523,0.0,0.1312,False
SYN-SUBJ-003,SYN-SUBJ-003-SESS-0,58,NEITHER,synthetic,0.8394,0.6988,0.3852,0.7638,0.2694,0.7247,0.7604,0.4629,0.8727,0.2202,0.5631,0.6438,1.0174,0.3432,0.3319,0.518,0.7662,0.563,0.6641,0.3041,0.9693,False
SYN-SUBJ-003,SYN-SUBJ-003-SESS-0,59,NEITHER,synthetic,0.7465,0.8817,1.0887,0.7086,0.0,0.8318,0.5916,0.7361,1.0662,0.3065,0.5853,0.9245,0.6602,0.7403,0.3851,1.4456,0.6296,0.8841,0.5549,0.5096,0.6428,False
SYN-SUBJ-003,SYN-SUBJ-003-SESS-1,0,RECALL,synthetic,0.7033,0.6987,1.1166,0.7112,0.5883,0.6555,0.9944,1.4026,0.9348,0.0159,1.0006,0.4174,1.5466,0.8804,0.0,0.9908,0.8093,1.216,0.6485,0.0,0.8714,False
SYN-SUBJ-003,SYN-SUBJ-003-SESS-1,1,RECALL,synthetic,0.7889,0.3302,1.067,0.7136,0.1476,0.595,0.698,0.9843,1.27,0.0,0.8775,0.8325,1.1988,0.5444,0.2813,0.6263,0.7731,1.1241,0.1573,0.5302,0.0391,False
SYN-SUBJ-003,SYN-SUBJ-003-SESS-1,2,RECALL,synthetic,0.5609,0.5577,1.5997,1.1668,0.2452,0.7916,1.3856,1.8311,0.6782,0.0,0.7457,0.9935,1.5224,0.5689,0.3792,0.9536,0.596,0.8614,1.0048,0.2033,0.6045,False
SYN-SUBJ-003,SYN-SUBJ-003-SESS-1,3,RECALL,synthetic,1.3016,0.5516,1.1836,0.2944,0.4759,1.0039,0.7917,1.244,0.6514,0.3465,1.4014,1.0556,1.2138,0.924,0.1679,0.4833,0.7316,1.3524,0.6318,0.3033,0.3505,False
SYN-SUBJ-003,SYN-SUBJ-003-SESS-1,4,NEITHER,synthetic,0.7511,0.8097,0.8469,0.9661,0.4986,0.6358,0.7439,0.5377,0.837,0.0,0.4428,0.6407,0.8732,1.0951,0.4142,0.8801,0.915,1.0647,0.9874,0.492,0.6448,False
SYN-SUBJ-003,SYN-SUBJ-003-SESS-1,5,RECALL,synthetic,0.8209,0.4432,1.1976,1.2219,0.5314,0.5062,0.6253,1.3001,0.9312,0.0,1.1535,1.0196,1.3657,0.8943,0.4307,0.6182,0.8398,1.2251,0.5065,0.2551,0.6648,False
SYN-SUBJ-003,SYN-SUBJ-003-SESS-1,6,RECALL,synthetic,0.7865,0.5897,0.9371,1.0428,0.2113,0.5495,0.8902,1.0895,1.0754,0.4357,0.8087,0.9217,1.1403,0.6246,0.442,0.9845,0.4151,1.413,0.7744,0.4014,0.8998,False
SYN-SUBJ-003,SYN-SUBJ-003-SESS-1,7,NEITHER,synthetic,1.0104,0.8126,0.411,0.8536,0.2515,0.603,0.0,0.4527,1.0027,0.1836,0.9538,1.1491,1.0443,0.7929,0.2487,0.7705,0.7337,0.8781,0.6449,0.4152,0.9216,False
SYN-SUBJ-003,SYN-SUBJ-003-SESS-1,8,NEITHER,synthetic,0.5593,0.4888,0.1119,1.2675,0.2181,0.5829,1.0798,0.8895,1.1654,0.3504,0.4386,0.8372,0.6267,0.8184,0.2747,0.4138,0.6625,0.7418,0.5398,0.5266,0.7133,False
SYN-SUBJ-003,SYN-SUBJ-003-SESS-1,9,NEITHER,synthetic,0.8663,0.6785,0.3519,1.0089,0.6091,0.8977,0.8795,0.8181,0.0864,0.0791,0.8934,1.0988,1.2486,0.8247,0.4011,0.597,0.6374,0.2492,0.2613,0.0,0.5163,False
SYN-SUBJ-003,SYN-SUBJ-003-SESS-1,10,NEITHER,synthetic,0.9697,0.4579,1.2033,0.9601,0.0,0.771,1.0087,0.9111,0.7483,0.4391,0.6209,0.7696,0.7653,0.2981,0.4748,0.7789,0.6397,0.9591,0.4238,0.1145,0.5662,False
SYN-SUBJ-003,SYN-SUBJ-003-SESS-1,11,RECALL,synthetic,2.629,2.9904,3.1629,2.2649,3.7881,4.4213,4.4973,5.2895,3.0444,2.3139,3.6408,3.5065,3.3748,4.5515,1.9901,3.4313,3.3008,5.1737,4.5901,3.0969,3.045,True
SYN-SUBJ-003,SYN-SUBJ-003-SESS-1,12,NEITHER,synthetic,0.7066,0.5544,0.9414,0.3612,0.3773,1.1488,0.3045,0.7637,0.8048,0.17,0.8032,0.5837,0.7129,0.7876,0.5492,1.0177,0.8282,0.9013,0.5686,0.1497,0.3779,False
SYN-SUBJ-003,SYN-SUBJ-003-SESS-1,13,NEITHER,synthetic,0.7232,0.8804,0.435,1.1915,0.4289,1.0134,0.4951,1.2367,0.8654,0.4921,0.9388,1.0433,0.7783,0.5061,0.0255,0.5505,0.6364,0.3941,0.5906,0.3057,0.7234,False
SYN-SUBJ-003,SYN-SUBJ-003-SESS-1,14,NEITHER,synthetic,0.6832,0.5845,1.2785,0.6813,0.3193,0.2392,0.5137,0.7634,0.8683,0.0,0.726,0.81,0.2113,0.7315,0.7652,0.3512,0.9305,0.7164,1.186,0.2029,0.1299,False
SYN-SUBJ-003,SYN-SUBJ-003-SESS-1,15,RECALL,synthetic,0.8775,0.8109,1.3116,0.6417,0.1323,0.9815,0.4195,1.3647,0.8219,0.4211,0.7184,0.9242,1.4426,0.5661,0.2514,0.6321,0.3685,1.1276,0.9221,0.2794,0.0999,False
SYN-SUBJ-003,SYN-SUBJ-003-SESS-1,16,NEITHER,synthetic,0.6002,0.2509,0.5436,0.3638,0.1596,0.3665,0.8829,0.8491,0.7858,0.1414,0.8526,0.2463,0.9467,0.4084,0.0522,0.889,1.0354,0.9008,0.7549,0.0,0.2217,False
SYN-SUBJ-003,SYN-SUBJ-003-SESS-1,17,NEITHER,synthetic,0.7969,1.0109,0.7607,0.7747,0.0703,0.6278,0.9347,0.8592,0.6996,0.2749,0.7395,0.8794,0.6574,0.8797,0.4009,0.95,0.6454,0.5196,0.7318,0.896,0.1795,False
SYN-SUBJ-003,SYN-SUBJ-003-SESS-1,18,RECALL,synthetic,0.916,0.5335,1.6052,0.9637,0.6751,1.0711,0.7878,1.2378,0.6375,0.5715,0.5695,0.9582,0.6431,0.83,0.0,1.0236,0.7117,1.4577,0.5485,0.021,0.8024,False
SYN-SUBJ-003,SYN-SUBJ-003-SESS-1,19,RECALL,synthetic,0.8512,0.3878,1.6473,0.2206,0.3947,0.8761,0.3999,1.4687,0.8449,0.2006,1.3826,0.8014,1.224,0.5886,0.0,0.7426,0.9604,1.0827,0.7053,0.2905,0.8679,False
SYN-SUBJ-003,SYN-SUBJ-003-SESS-1,20,RECALL,synthetic,1.0669,0.5306,1.2715,1.0017,0.1427,1.2179,0.6236,1.2332,0.7456,0.3116,0.6142,1.0919,1.0811,0.6418,0.6736,0.8682,0.7757,1.3796,1.1085,0.5003,0.6329,False
SYN-SUBJ-003,SYN-SUBJ-003-SESS-1,21,RECALL,synthetic,0.6188,1.0033,0.8599,0.3985,0.7517,0.4445,0.9139,0.9818,0.99,0.331,1.1077,0.8565,1.1999,0.3236,0.5161,0.9527,0.7399,1.0506,0.6364,0.1143,0.4007,False
SYN-SUBJ-003,SYN-SUBJ-003-SESS-1,22,ENCODING,synthetic,0.7592,1.7382,1.1278,0.4554,0.1612,0.8254,1.4445,0.9564,0.6763,0.5586,0.8887,1.2266,0.8481,0.5441,0.0,0.8464,0.9925,0.9348,0.8105,0.0767,0.6714,False
SYN-SUBJ-003,SYN-SUBJ-003-SESS-1,23,NEITHER,synthetic,0.8605,0.9608,0.9451,0.7802,0.348,0.4164,0.7317,1.05,0.8637,0.0,0.921,0.8771,0.7298,0.604,0.0,0.5149,0.56,0.5987,0.4794,0.4354,0.5415,False
SYN-SUBJ-003,SYN-SUBJ-003-SESS-1,24,RECALL,synthetic,1.0023,0.7928,1.1206,0.9977,0.0,0.8724,0.8695,1.6498,0.6855,0.1048,1.2538,0.8733,1.6208,0.7037,0.0616,0.6884,0.9656,1.973,0.6334,0.427,0.3153,False
SYN-SUBJ-003,SYN-SUBJ-003-SESS-1,25,NEITHER,synthetic,0.9596,1.0501,0.5457,0.5478,0.0,0.9905,0.7766,0.5705,0.7466,0.0,0.5549,0.994,0.3346,1.1965,0.454,0.9506,0.804,0.8923,0.6524,0.7598,0.7669,False
SYN-SUBJ-003,SYN-SUBJ-003-SESS-1,26,NEITHER,synthetic,0.5534,0.7028,0.8829,1.3009,0.1974,1.1967,0.5225,0.5052,0.638,0.0,0.5812,0.5518,0.6,0.7386,0.0,1.0134,0.6464,1.3285,1.0553,0.6987,0.4001,False
SYN-SUBJ-003,SYN-SUBJ-003-SESS-1,27,ENCODING,synthetic,0.6341,1.616,1.0307,1.2563,0.0045,1.0182,1.6284,0.7335,0.5475,0.0123,0.9989,1.6408,1.1131,0.7725,0.2073,0.1756,1.2887,0.9438,0.5187,0.1557,0.091,False
SYN-SUBJ-003,SYN-SUBJ-003-SESS-1,28,RECALL,synthetic,2.8931,3.2906,4.1129,4.6002,3.5758,3.0563,2.4136,4.2866,3.0171,2.4757,4.0016,4.5333,5.313,2.4553,3.6297,3.8862,3.1985,3.9062,4.6128,2.6182,5.0053,True
SYN-SUBJ-003,SYN-SUBJ-003-SESS-1,29,NEITHER,synthetic,0.7213,0.7632,0.3755,0.8232,0.2076,1.0177,0.9626,0.3904,0.5154,0.5753,0.4137,0.7486,0.6589,0.8307,0.3935,0.9297,0.9653,0.4023,0.8909,0.3731,0.4129,False
SYN-SUBJ-003,SYN-SUBJ-003-SESS-1,30,RECALL,synthetic,0.7873,1.0616,1.2545,0.9977,0.179,0.5152,0.6686,0.8708,0.7849,0.0461,0.6913,0.567,1.0911,0.8341,0.2642,0.8414,0.9684,1.5088,1.283,0.3584,0.5635,False
SYN-SUBJ-003,SYN-SUBJ-003-SESS-1,31,NEITHER,synthetic,0.9129,0.7249,0.5856,0.5632,0.0806,0.8519,0.7597,0.3898,0.9007,0.4403,0.5091,1.0114,0.9446,0.805,0.1667,1.0879,0.7512,1.1737,0.7511,0.0,0.4058,False
SYN-SUBJ-003,SYN-SUBJ-003-SESS-1,32,NEITHER,synthetic,1.1287,0.7129,0.5231,0.6214,0.0338,0.7393,1.098,0.6129,0.9722,0.0668,0.5317,0.7994,0.7301,0.695,0.3016,0.9427,0.976,1.052,0.7581,0.1498,0.1969,False
SYN-SUBJ-003,SYN-SUBJ-003-SESS-1,33,RECALL,synthetic,1.2391,0.4912,1.5338,0.3667,0.3377,0.4767,0.7976,1.4415,0.6455,0.0585,0.9566,0.9049,1.5644,0.9049,0.0,0.6858,1.2369,0.7987,1.0784,0.3862,0.248,False
SYN-SUBJ-003,SYN-SUBJ-003-SESS-1,34,RECALL,synthetic,1.0157,1.3099,1.3874,0.6344,0.243,0.6219,0.9697,1.2495,0.704,0.6809,0.7165,0.2195,1.3856,0.7007,0.2193,0.9362,0.791,1.6979,0.6623,0.291,0.8816,False
SYN-SUBJ-003,SYN-SUBJ-003-SESS-1,35,ENCODING,synthetic,0.6647,1.2516,0.8525,0.8445,0.3763,1.0705,1.4379,1.0568,0.4756,0.1356,0.853,1.2817,1.1026,0.4914,0.4287,1.2005,1.1672,0.5931,1.1939,0.2761,0.6014,False
SYN-SUBJ-003,SYN-SUBJ-003-SESS-1,36,RECALL,synthetic,0.6386,1.0278,1.1991,1.1267,0.2474,1.0818,0.5709,1.5911,0.4243,0.2681,1.0962,1.0457,1.2867,0.8009,0.5088,0.5895,0.618,1.279,0.7993,0.0,0.0946,False
SYN-SUBJ-003,SYN-SUBJ-003-SESS-1,37,RECALL,synthetic,0.5955,0.3459,1.3165,0.8873,0.2993,0.9876,0.6295,1.6756,0.4009,0.3416,0.9291,0.6993,1.1706,0.5798,0.3645,1.0094,0.844,1.4041,0.659,0.0855,0.5165,False
SYN-SUBJ-003,SYN-SUBJ-003-SESS-1,38,RECALL,synthetic,0.8797,0.3528,1.2043,1.3516,0.0,0.8611,0.7286,1.4069,0.6575,0.4769,0.7666,0.5017,1.0519,0.8879,0.0,0.9857,0.2328,1.6478,0.5007,0.6346,0.975,False
SYN-SUBJ-003,SYN-SUBJ-003-SESS-1,39,RECALL,synthetic,4.0181,2.8478,4.5978,3.2463,2.1572,3.4708,2.9564,3.4953,3.0532,4.2536,4.3461,4.6516,4.0896,3.2289,2.752,3.411,2.7181,4.5934,3.1143,2.5397,3.0265,True
SYN-SUBJ-003,SYN-SUBJ-003-SESS-1,40,RECALL,synthetic,0.5264,0.6731,1.1271,1.0524,0.1052,0.5049,0.9318,0.9261,1.047,0.6059,1.0414,0.4936,1.2317,0.1487,0.0,1.1043,0.7719,1.101,0.697,0.4368,0.3622,False
SYN-SUBJ-003,SYN-SUBJ-003-SESS-1,41,ENCODING,synthetic,0.7202,1.1908,0.774,0.7208,0.4632,0.9499,1.1454,0.9498,1.0675,0.366,1.0308,1.2191,1.0415,0.8021,0.565,0.8341,1.5068,0.3532,0.4483,0.2913,0.6344,False
SYN-SUBJ-003,SYN-SUBJ-003-SESS-1,42,NEITHER,synthetic,2.8232,2.8453,3.2232,3.4046,1.8621,3.853,4.6138,4.5058,2.8581,3.3959,3.7058,4.7702,3.2039,3.6719,2.5556,2.672,4.3983,3.3447,4.2335,3.9508,5.6264,True
SYN-SUBJ-003,SYN-SUBJ-003-SESS-1,43,NEITHER,synthetic,1.0222,1.1272,0.8179,0.9271,0.6096,0.8305,1.0185,0.4149,0.1726,0.1199,0.6731,0.9672,0.7962,0.9446,0.1891,1.0232,0.6974,1.3564,0.8227,0.5042,0.1373,False
SYN-SUBJ-003,SYN-SUBJ-003-SESS-1,44,RECALL,synthetic,0.8286,0.7566,1.6051,0.4121,0.2953,0.8516,0.6207,1.3375,0.8187,0.0,1.2424,1.2403,0.9466,0.761,0.1266,0.7594,0.9239,1.8501,0.761,0.0397,0.9954,False
SYN-SUBJ-003,SYN-SUBJ-003-SESS-1,45,RECALL,synthetic,1.2213,0.7331,1.1526,0.9229,0.4855,0.9536,1.2253,1.2954,0.375,0.5641,0.4059,1.2525,1.4129,0.5465,0.3968,0.6021,0.8799,1.2747,0.6208,0.0799,0.4714,False
SYN-SUBJ-003,SYN-SUBJ-003-SESS-1,46,RECALL,synthetic,0.8357,0.729,1.3646,0.647,0.5766,0.7925,0.9541,1.4921,1.1015,0.3565,0.8773,1.1721,1.1822,1.1088,0.3906,0.5413,0.9127,1.5439,1.0392,0.6454,0.6687,False
SYN-SUBJ-003,SYN-SUBJ-003-SESS-1,47,RECALL,synthetic,0.8899,0.8693,1.0612,0.7781,0.0,0.3871,0.7539,1.4939,0.8214,0.0553,0.8254,0.7324,1.6587,0.3764,0.5078,0.8449,0.5263,1.0978,0.7985,0.3112,0.8972,False
SYN-SUBJ-003,SYN-SUBJ-003-SESS-1,48,ENCODING,synthetic,1.3767,1.6412,0.5224,0.8322,0.4909,0.614,1.6582,0.4185,1.0592,0.2761,0.9304,1.2612,0.6371,1.0543,0.6328,0.6755,1.6143,0.9407,0.9335,0.0,0.1258,False
SYN-SUBJ-003,SYN-SUBJ-003-SESS-1,49,NEITHER,synthetic,0.942,0.7114,0.8719,0.8299,0.0,1.0714,0.9162,0.8848,0.9214,0.6112,0.4546,1.3694,0.6262,0.511,0.0,0.5332,0.7831,0.6422,0.4503,0.4479,0.5794,False
SYN-SUBJ-003,SYN-SUBJ-003-SESS-1,50,ENCODING,synthetic,0.8836,1.0385,0.966,0.1043,0.6282,0.8067,1.469,0.6165,0.7443,0.298,0.2848,1.4343,0.9672,1.2413,0.5256,0.7283,1.6493,0.7622,0.7532,0.5431,0.745,False
SYN-SUBJ-003,SYN-SUBJ-003-SESS-1,51,NEITHER,synthetic,0.9762,0.6705,0.9247,0.6549,0.3761,0.5042,0.4233,0.6633,0.6621,0.0757,0.6852,0.7641,0.5371,1.0431,0.4015,0.7463,0.8144,1.0485,1.017,0.4781,0.2957,False
SYN-SUBJ-003,SYN-SUBJ-003-SESS-1,52,RECALL,synthetic,0.1114,1.0562,1.7103,1.0249,0.0233,0.7674,1.6176,0.9488,0.9373,0.7251,0.7829,0.82,1.2505,0.5424,0.1593,0.6899,0.9692,1.0397,0.8485,0.0493,0.2304,False
SYN-SUBJ-003,SYN-SUBJ-003-SESS-1,53,NEITHER,synthetic,0.9797,1.0921,0.4474,0.4039,0.3607,1.346,0.7089,0.47,1.0271,0.2018,0.7983,0.8505,1.0232,0.7261,0.0412,0.9687,0.5245,0.9099,0.6003,0.6345,0.3,False
SYN-SUBJ-003,SYN-SUBJ-003-SESS-1,54,ENCODING,synthetic,0.5719,1.3007,1.0799,0.6147,0.3594,0.7527,1.2571,0.8492,0.9618,0.0,0.99,0.8,0.7956,1.2136,0.1236,0.5771,1.54,1.2192,1.3556,0.5505,0.2762,False
SYN-SUBJ-003,SYN-SUBJ-003-SESS-1,55,RECALL,synthetic,0.7358,0.1752,1.4314,0.9956,0.0764,0.4016,0.8994,1.2833,0.7312,0.3827,0.5798,0.5709,1.1624,0.5967,0.5665,1.066,0.6832,1.3019,1.3193,0.2026,0.3414,False
SYN-SUBJ-003,SYN-SUBJ-003-SESS-1,56,RECALL,synthetic,1.2361,0.8963,1.2628,1.1257,0.1392,0.843,0.6496,0.79,0.5681,0.2914,0.6683,0.7594,1.2024,0.1453,0.3978,0.6355,0.9464,1.0385,0.6952,0.021,0.0567,False
SYN-SUBJ-003,SYN-SUBJ-003-SESS-1,57,ENCODING,synthetic,0.6992,1.7688,0.744,0.9627,0.0144,0.762,1.7434,0.1632,0.8749,0.3324,0.8391,1.1998,0.4407,0.7854,0.2156,0.6738,1.4506,0.3897,0.3325,0.0976,0.3758,False
SYN-SUBJ-003,SYN-SUBJ-003-SESS-1,58,NEITHER,synthetic,0.7385,0.7111,1.1467,1.0739,0.2037,0.6859,1.3145,1.1412,0.7984,0.6034,0.6888,0.4457,0.9335,0.4099,0.6244,0.8643,0.5164,0.8767,0.8199,0.2227,0.3987,False
SYN-SUBJ-003,SYN-SUBJ-003-SESS-1,59,NEITHER,synthetic,0.278,1.0018,0.8083,0.9291,0.1225,0.6116,0.7072,1.0235,1.0466,0.3238,0.9573,0.6257,0.6796,0.5621,0.4714,0.7317,0.8214,0.5583,0.6633,0.0,0.7686,False
SYN-SUBJ-004,SYN-SUBJ-004-SESS-0,0,NEITHER,synthetic,1.3727,1.0778,0.6846,1.1319,0.4514,0.9943,1.1023,0.9167,1.3515,0.8229,0.4909,1.0154,1.2974,1.1956,0.5463,0.8125,1.2962,0.8332,0.7792,0.7479,0.4854,False
SYN-SUBJ-004,SYN-SUBJ-004-SESS-0,1,RECALL,synthetic,1.5723,1.4346,1.3469,1.3157,0.5464,1.3546,1.315,1.9283,0.8918,0.2118,0.9462,0.8576,1.5422,1.0464,0.4454,1.3865,1.284,1.7844,0.9243,0.5689,0.5328,False
SYN-SUBJ-004,SYN-SUBJ-004-SESS-0,2,RECALL,synthetic,1.4974,0.7396,1.9209,1.0582,0.1022,1.2056,0.7734,1.8196,1.0617,0.6758,1.564,1.1059,1.7472,1.1599,0.5995,1.1637,1.4825,1.701,1.6025,0.1771,0.1454,False
SYN-SUBJ-004,SYN-SUBJ-004-SESS-0,3,RECALL,synthetic,1.2694,1.4434,1.647,1.2379,0.382,0.7949,0.9997,1.1888,1.3561,0.2953,0.9312,1.6341,1.1542,1.0943,0.2107,1.5502,1.051,1.5817,1.3417,1.0778,0.3202,False
SYN-SUBJ-004,SYN-SUBJ-004-SESS-0,4,RECALL,synthetic,3.9899,4.1543,5.513,4.7968,4.5123,2.7841,4.3689,4.8897,5.2725,2.8519,4.5331,3.8198,3.3302,3.7762,3.7265,4.5937,2.5884,3.413,3.7251,3.6436,4.0079,True
SYN-SUBJ-004,SYN-SUBJ-004-SESS-0,5,ENCODING,synthetic,1.0664,1.7617,1.3699,0.7384,0.5127,0.9448,1.9862,1.5322,0.6773,0.7942,1.3473,1.6113,0.9048,1.4447,0.6168,1.0466,1.4733,1.6047,1.5722,0.3703,0.7304,False
SYN-SUBJ-004,SYN-SUBJ-004-SESS-0,6,NEITHER,synthetic,0.9007,1.5297,1.0476,1.5763,0.5711,1.6671,1.208,1.0722,0.8797,0.8131,1.2439,0.9868,0.7399,1.185,0.3716,0.6238,1.1798,1.1904,1.2992,0.719,0.252,False
SYN-SUBJ-004,SYN-SUBJ-004-SESS-0,7,ENCODING,synthetic,1.3403,1.5562,1.2062,1.4547,0.5703,0.8792,2.055,1.052,1.0946,0.1022,0.6637,1.9273,1.1899,1.4175,1.1632,1.0784,1.6978,1.0578,1.1414,0.8685,0.8594,False
SYN-SUBJ-004,SYN-SUBJ-004-SESS-0,8,ENCODING,synthetic,0.9215,1.5873,0.9931,1.1476,0.8277,1.4853,1.3048,0.8376,0.9107,0.906,0.8554,1.8159,0.995,1.3766,0.9741,1.1712,1.7155,0.4901,0.9549,1.0247,0.3117,False
SYN-SUBJ-004,SYN-SUBJ-004-SESS-0,9,RECALL,synthetic,4.1446,2.7238,3.5039,3.6389,3.5241,4.3056,4.5661,3.6728,2.8754,4.3688,2.6346,4.4659,5.467,3.8547,3.8683,5.1885,4.2069,4.9047,3.9201,3.9836,3.5254,True
SYN-SUBJ-004,SYN-SUBJ-004-SESS-0,10,NEITHER,synthetic,1.2343,1.007,1.1433,1.2182,0.6197,0.7843,0.9734,0.8339,1.8344,0.6579,0.6767,1.0056,0.8117,1.6871,0.7588,0.9853,1.4137,1.3555,0.9188,0.3427,0.5343,False
SYN-SUBJ-004,SYN-SUBJ-004-SESS-0,11,ENCODING,synthetic,0.7848,1.5277,1.2562,0.6494,0.4927,0.995,1.458,0.6165,1.0766,0.2248,1.0814,1.8691,1.1503,0.9477,0.6447,1.1412,1.9184,1.0367,0.8173,0.2915,0.0452,False
SYN-SUBJ-004,SYN-SUBJ-004-SESS-0,12,RECALL,synthetic,0.9533,0.891,1.0748,1.2875,0.6077,1.2858,0.6677,2.336,1.03,0.7137,0.8885,1.1418,1.5377,1.2204,0.7482,0.849,0.6516,1.3146,1.2537,0.832,0.2049,False
SYN-SUBJ-004,SYN-SUBJ-004-SESS-0,13,NEITHER,synthetic,0.8373,1.048,1.4811,0.8791,0.7324,1.0078,1.6316,1.22,0.8379,0.3185,0.8957,0.7966,1.3377,0.7521,0.718,1.1624,1.4532,1.5059,1.4594,0.4435,0.3274,False
SYN-SUBJ-004,SYN-SUBJ-004-SESS-0,14,NEITHER,synthetic,1.1136,0.8593,0.5782,0.8535,0.7872,1.0319,1.4193,1.2001,1.1816,0.8316,0.6367,1.4048,1.0043,0.9718,0.6038,1.3833,1.0943,1.2414,1.2164,0.6818,0.7625,False
SYN-SUBJ-004,SYN-SUBJ-004-SESS-0,15,ENCODING,synthetic,0.9638,1.5012,0.9242,1.3125,0.8656,1.6652,1.8507,1.1192,0.9413,0.656,1.3141,1.1491,0.847,0.7695,1.1168,1.3068,1.5927,1.2118,1.4444,0.4904,0.2918,False
SYN-SUBJ-004,SYN-SUBJ-004-SESS-0,16,ENCODING,synthetic,1.1931,1.5445,0.94,1.092,0.5465,0.654,1.8779,0.9368,0.9794,0.7689,1.369,1.6521,1.2129,1.3793,0.7224,1.4989,1.7459,1.0665,0.8848,1.1248,0.6843,False
SYN-SUBJ-004,SYN-SUBJ-004-SESS-0,17,ENCODING,synthetic,1.2309,1.279,0.9262,1.117,0.4768,1.1582,2.0494,1.0119,1.064,0.2759,0.6598,2.0342,0.9639,1.0321,0.9409,0.7076,1.8313,0.9612,0.788,0.1838,0.455,False
SYN-SUBJ-004,SYN-SUBJ-004-SESS-0,18,ENCODING,synthetic,1.7166,1.8315,0.9799,1.0092,0.9965,1.3434,1.6451,1.0955,1.2498,0.5855,0.8369,1.6794,1.1723,0.667,0.8769,1.5435,1.1081,1.3502,1.3503,0.6685,0.8836,False
SYN-SUBJ-004,SYN-SUBJ-004-SESS-0,19,RECALL,synthetic,1.3485,0.8695,1.6878,0.9568,0.7701,0.7796,1.34,1.65,1.2704,0.6618,1.2555,1.3593,1.3405,0.7082,0.2374,0.6967,0.9755,1.301,1.2981,0.6335,0.1087,False
SYN-SUBJ-004,SYN-SUBJ-004-SESS-0,20,NEITHER,synthetic,1.2366,1.6178,0.7502,1.2787,0.4144,1.1731,1.3177,1.3849,0.8681,0.8475,0.9999,1.1536,1.083,1.1896,0.9138,1.4383,1.7355,0.9214,0.7141,0.3957,0.8008,False
SYN-SUBJ-004,SYN-SUBJ-004-SESS-0,21,ENCODING,synthetic,0.8485,1.2088,1.2009,1.4967,1.0253,0.8672,2.2339,0.7919,0.8378,0.8692,0.8382,1.7265,0.9992,1.5992,0.6293,1.5648,1.8614,0.8936,1.5987,0.6437,0.213,False
SYN-SUBJ-004,SYN-SUBJ-004-SESS-0,22,ENCODING,synthetic,1.2388,1.9807,0.9236,1.2362,0.352,1.0427,1.5041,1.3602,1.2934,0.7188,1.0184,1.4367,1.2588,0.9941,0.5029,0.8357,1.6113,1.4827,1.0621,1.164,0.6639,False
SYN-SUBJ-004,SYN-SUBJ-004-SESS-0,23,ENCODING,synthetic,0.7133,1.7603,1.1428,1.3087,0.4088,0.6799,1.764,0.4663,0.7198,0.4272,1.3073,1.4572,0.9833,1.3908,0.6384,0.9938,1.4999,1.0458,1.1912,0.4953,0.624,False
SYN-SUBJ-004,SYN-SUBJ-004-SESS-0,24,NEITHER,synthetic,1.216,1.5664,1.7369,1.1968,0.2427,1.3156,1.0496,0.9558,0.5106,0.8967,1.2716,1.1158,1.0595,1.3036,0.4378,1.3398,1.5285,1.1744,1.2916,0.1022,0.4896,False
SYN-SUBJ-004,SYN-SUBJ-004-SESS-0,25,ENCODING,synthetic,3.128,4.1895,2.9591,3.7474,1.8806,4.9223,4.7207,3.5491,4.8145,3.7326,4.3906,5.1052,4.9495,4.7685,4.0259,2.9948,5.392,4.3596,3.3473,4.0065,5.3218,True
SYN-SUBJ-004,SYN-SUBJ-004-SESS-0,26,ENCODING,synthetic,1.0954,1.7427,1.1844,0.9368,0.5219,1.1866,1.7538,1.0335,0.6997,0.3056,1.5621,2.0009,1.2436,1.7462,0.461,0.9498,1.5378,0.9268,0.8059,0.7304,0.918,False
SYN-SUBJ-004,SYN-SUBJ-004-SESS-0,27,ENCODING,synthetic,1.1494,1.6805,0.9948,0.7551,0.7577,1.2004,2.087,0.8366,1.3307,0.7648,1.5337,1.6263,0.8198,1.0258,0.3313,1.0635,1.3697,1.2756,0.8949,0.5005,0.9742,False
SYN-SUBJ-004,SYN-SUBJ-004-SESS-0,28,RECALL,synthetic,1.0973,0.4544,1.4272,0.9817,0.2318,1.2452,1.1759,1.2653,1.802,0.7878,1.4048,0.8185,1.4163,0.8974,0.5936,0.6846,1.3099,1.5741,0.796,0.2327,0.2517,False
SYN-SUBJ-004,SYN-SUBJ-004-SESS-0,29,ENCODING,synthetic,2.2166,4.5251,4.9835,4.765,2.3369,4.0686,5.3856,4.054,3.0558,3.1918,4.9346,4.8187,3.4219,4.2327,2.208,3.5878,5.734,4.1427,4.2997,3.8463,3.9686,True
SYN-SUBJ-004,SYN-SUBJ-004-SESS-0,30,ENCODING,synthetic,1.1431,1.7605,0.8642,1.1997,0.4987,0.9248,1.9016,1.3253,0.6073,0.9541,1.5932,1.7115,1.1466,0.9065,0.6366,1.1967,1.9797,1.3584,1.4967,0.7246,0.1899,False
SYN-SUBJ-004,SYN-SUBJ-004-SESS-0,31,NEITHER,synthetic,0.9419,0.5488,1.3506,1.456,1.1584,1.6956,1.3361,1.3039,1.1923,0.3978,1.1323,1.158,1.6986,1.1879,0.3573,1.316,1.1196,1.2938,1.3983,0.4956,0.1218,False
SYN-SUBJ-004,SYN-SUBJ-004-SESS-0,32,ENCODING,synthetic,0.8599,1.5713,1.3054,1.0528,0.4809,0.8425,1.5892,1.341,1.1289,0.6169,1.7033,1.4946,0.5941,1.3922,0.3985,1.3341,1.5377,1.0587,1.3262,0.7074,0.9019,False
SYN-SUBJ-004,SYN-SUBJ-004-SESS-0,33,RECALL,synthetic,0.7297,0.6076,1.3607,1.013,0.2712,1.1755,0.9277,1.1173,0.8985,0.402,1.5773,0.9964,1.6964,0.9686,0.8785,0.5799,1.2269,1.9834,0.9707,0.8289,0.1932,False
SYN-SUBJ-004,SYN-SUBJ-004-SESS-0,34,RECALL,synthetic,1.2036,0.8179,1.9296,0.9268,0.6314,1.3367,1.1067,1.3689,0.8813,0.7338,0.4898,0.8861,1.623,1.2262,0.4903,1.1623,0.9523,1.9045,0.945,0.5772,0.8848,False
SYN-SUBJ-004,SYN-SUBJ-004-SESS-0,35,NEITHER,synthetic,1.1869,1.0126,1.5352,0.6933,0.8171,1.2961,1.1155,1.1371,1.1467,0.3566,0.7567,1.3483,1.2349,1.2214,0.5263,0.8784,0.8759,0.7519,0.8678,0.758,0.2759,False
SYN-SUBJ-004,SYN-SUBJ-004-SESS-0,36,NEITHER,synthetic,1.2274,1.0302,1.4265,1.0818,0.6437,1.3125,1.1741,0.9654,1.122,0.7213,0.8911,1.3656,1.1447,1.0321,0.7421,0.7818,0.8265,0.9651,0.9285,0.6051,0.5117,False
SYN-SUBJ-004,SYN-SUBJ-004-SESS-0,37,NEITHER,synthetic,1.0314,1.1636,1.1691,1.2327,0.6615,0.515,1.0175,1.1416,1.5194,0.8259,1.0629,0.7466,1.3196,0.7887,0.617,0.7482,1.0468,0.987,1.1904,0.8049,0.4485,False
SYN-SUBJ-004,SYN-SUBJ-004-SESS-0,38,ENCODING,synthetic,0.6906,1.824,0.9702,1.4577,0.734,1.4568,1.7566,1.0094,0.8323,1.0089,1.2126,2.293,0.91,1.2444,0.7691,0.8325,1.9324,0.8652,1.2841,0.5887,0.7147,False
SYN-SUBJ-004,SYN-SUBJ-004-SESS-0,39,RECALL,synthetic,1.155,1.4253,1.6854,1.1867,0.9217,1.4907,1.1196,1.3934,0.9847,0.7225,1.0131,1.174,1.9036,1.4578,0.3925,1.0397,1.4147,1.455,1.0921,0.7046,0.3345,False
SYN-SUBJ-004,SYN-SUBJ-004-SESS-0,40,RECALL,synthetic,1.4284,0.8191,1.8286,0.8431,0.6834,1.4677,1.027,1.6234,0.9344,0.7902,1.2632,1.5577,1.9635,1.2185,1.008,1.0833,0.8925,1.538,0.9408,0.4251,0.4638,False
SYN-SUBJ-004,SYN-SUBJ-004-SESS-0,41,NEITHER,synthetic,0.9846,0.628,0.8904,1.0978,0.9012,1.038,1.2646,1.197,1.3066,0.2033,1.1032,1.0503,0.8304,0.7784,0.8675,1.3535,0.9657,0.7368,0.848,0.3087,0.0777,False
SYN-SUBJ-004,SYN-SUBJ-004-SESS-0,42,ENCODING,synthetic,0.5912,1.9111,0.8246,1.4798,0.1288,1.2946,1.6118,0.864,1.3218,0.6468,1.1721,1.7373,1.261,0.6493,0.8395,1.3329,1.8218,1.5268,1.1623,0.7725,0.2627,False
SYN-SUBJ-004,SYN-SUBJ-004-SESS-0,43,ENCODING,synthetic,0.976,1.2991,0.635,1.2389,0.1055,1.2431,1.638,1.4074,1.3632,0.1022,1.2469,1.6344,0.9143,1.4207,0.6476,1.4558,1.8507,1.1563,1.3479,0.5528,0.4325,False
SYN-SUBJ-004,SYN-SUBJ-004-SESS-0,44,RECALL,synthetic,1.1501,1.4253,1.5466,1.1889,0.6268,1.127,0.9007,1.5459,1.3821,0.62,1.0495,1.0324,2.1043,1.1281,0.8735,1.4645,1.1066,1.9348,0.7633,0.1022,0.4885,False
SYN-SUBJ-004,SYN-SUBJ-004-SESS-0,45,ENCODING,synthetic,1.3457,1.6925,0.897,1.3054,0.7283,1.2369,1.4191,0.7255,1.4872,0.5557,0.7938,1.5487,1.4245,0.8274,0.7839,0.6049,2.2178,1.1175,0.9617,0.3571,0.6757,False
SYN-SUBJ-004,SYN-SUBJ-004-SESS-0,46,RECALL,synthetic,0.6383,0.7935,1.7434,1.2707,0.4532,0.9253,1.3196,1.6137,0.6049,0.6401,1.1656,0.6071,1.5824,0.8634,0.3632,0.645,0.9841,1.8434,1.4793,0.8966,0.2058,False
SYN-SUBJ-004,SYN-SUBJ-004-SESS-0,47,NEITHER,synthetic,1.4559,1.3317,0.6405,1.4149,0.5835,0.7774,1.062,1.0928,1.4182,0.9857,0.9567,0.9249,0.6993,0.8808,0.6172,1.2271,0.8953,1.3828,0.9847,0.6764,0.3511,False
SYN-SUBJ-004,SYN-SUBJ-004-SESS-0,48,RECALL,synthetic,0.9428,1.2805,1.5886,1.0122,0.4879,0.9579,0.7096,1.4907,0.5853,1.0423,1.0161,0.5462,1.6189,1.0296,0.4009,1.1099,0.89,1.6925,1.4471,0.7575,0.0162,False
SYN-SUBJ-004,SYN-SUBJ-004-SESS-0,49,RECALL,synthetic,1.0534,1.2722,1.9999,1.2744,0.685,1.3516,1.0229,1.4434,1.3003,0.5341,0.9022,0.972,1.713,0.8016,0.747,0.76,1.1488,1.8828,1.1778,0.8173,0.031,False
SYN-SUBJ-004,SYN-SUBJ-004-SESS-0,50,NEITHER,synthetic,1.1453,1.2259,0.7029,1.1347,0.3421,0.662,0.8339,1.4628,0.9828,0.8465,1.0939,1.5125,1.0044,1.2651,0.7011,1.2593,1.2047,1.2735,0.7934,0.8052,0.3374,False
SYN-SUBJ-004,SYN-SUBJ-004-SESS-0,51,NEITHER,synthetic,1.2383,1.3125,1.1483,1.1856,0.1183,1.1558,1.3536,1.233,1.1106,0.8855,0.7713,1.3513,0.9954,0.8233,0.5985,1.0214,0.8679,1.4266,0.9368,0.9186,0.6982,False
SYN-SUBJ-004,SYN-SUBJ-004-SESS-0,52,RECALL,synthetic,1.2022,0.6345,1.7485,1.4306,0.6861,0.7609,1.2714,1.7002,1.0826,0.4141,1.1234,0.7884,1.8708,1.0136,0.4739,0.9506,1.2505,1.6854,1.596,0.3499,0.7138,False
SYN-SUBJ-004,SYN-SUBJ-004-SESS-0,53,NEITHER,synthetic,0.956,1.2139,1.202,1.5709,1.114,1.059,1.0686,0.6577,1.1129,0.2471,1.2693,1.294,0.9585,0.8515,0.5319,1.3639,1.1582,1.0746,1.0133,1.0397,0.6647,False
SYN-SUBJ-004,SYN-SUBJ-004-SESS-0,54,RECALL,synthetic,1.3693,1.578,1.3377,1.1923,0.5127,1.2729,1.3787,1.4633,0.8686,0.8438,1.0969,1.0946,1.6948,1.142,0.447,0.8284,1.2682,1.6179,1.2425,0.8625,0.0112,False
SYN-SUBJ-004,SYN-SUBJ-004-SESS-0,55,ENCODING,synthetic,1.3909,2.0061,1.1255,1.0715,0.9081,0.952,2.1334,1.0231,1.2715,0.4302,1.1235,1.5555,0.8576,1.1365,0.7521,0.7704,1.5873,1.1627,1.0278,0.3564,0.1454,False
SYN-SUBJ-004,SYN-SUBJ-004-SESS-0,56,ENCODING,synthetic,0.6739,1.799,1.096,1.2814,0.9041,0.8022,1.8834,1.5356,0.923,0.2547,1.3339,1.914,1.1607,0.9732,0.7027,1.0666,1.463,0.6499,1.2497,0.6885,0.4794,False
SYN-SUBJ-004,SYN-SUBJ-004-SESS-0,57,NEITHER,synthetic,1.6408,0.8472,0.769,1.2881,0.8844,1.0013,1.5208,1.045,1.1279,0.6984,1.1448,1.2111,1.0139,0.9507,0.4158,0.8833,1.2758,1.2971,0.5794,0.5001,0.3271,False
SYN-SUBJ-004,SYN-SUBJ-004-SESS-0,58,RECALL,synthetic,1.3944,0.8181,1.6565,1.1245,0.1245,0.8311,0.9312,1.4624,0.7943,0.6325,0.9697,0.9027,1.9296,1.4068,0.5544,1.0351,1.042,1.2006,0.6793,0.8393,0.2278,False
SYN-SUBJ-004,SYN-SUBJ-004-SESS-0,59,RECALL,synthetic,0.8643,0.8904,1.5089,0.9402,1.0405,0.8463,1.0736,1.5793,1.3637,0.3711,0.7425,1.208,1.5153,1.1283,0.3948,1.011,0.8836,1.39,1.0437,0.7003,0.1734,False
SYN-SUBJ-004,SYN-SUBJ-004-SESS-1,0,NEITHER,synthetic,0.787,1.0537,1.2841,0.8132,0.3974,0.8296,1.5478,1.1908,0.8766,0.2935,1.3522,1.3548,0.9881,0.998,0.7631,1.2181,1.1585,0.8764,1.3236,0.5296,0.812,False
SYN-SUBJ-004,SYN-SUBJ-004-SESS-1,1,RECALL,synthetic,1.1599,0.3669,1.817,0.9279,0.5012,0.9503,1.0336,1.8529,1.1854,0.9362,1.0636,0.8576,1.6388,1.2177,0.7099,0.8128,1.4461,2.0586,1.2649,0.5482,0.2684,False
SYN-SUBJ-004,SYN-SUBJ-004-SESS-1,2,ENCODING,synthetic,1.4128,1.6366,0.9461,1.3529,0.3982,1.3286,1.7162,0.9592,0.9603,0.4385,1.1794,1.4629,0.8822,1.0689,0.9175,1.1796,1.5815,0.8963,1.0299,0.6873,0.8251,False
SYN-SUBJ-004,SYN-SUBJ-004-SESS-1,3,ENCODING,synthetic,1.5466,1.8491,1.1183,0.7911,0.4528,1.5514,1.6284,1.2354,1.2347,0.4473,1.2054,1.295,0.767,1.2781,0.502,1.475,1.7096,0.6462,1.2988,0.7613,0.2322,False
SYN-SUBJ-004,SYN-SUBJ-004-SESS-1,4,ENCODING,synthetic,0.8819,1.5681,1.1512,1.4741,0.287,1.1024,1.6482,1.1182,0.9335,0.4781,0.8648,1.8641,0.9405,1.3972,0.6408,0.8963,1.8771,1.1407,1.2364,1.0232,0.6833,False
SYN-SUBJ-004,SYN-SUBJ-004-SESS-1,5,ENCODING,synthetic,1.3246,1.76,1.3115,0.9457,0.7084,1.0564,1.8774,0.8748,0.936,1.1803,1.191,1.7166,1.4885,0.6736,0.7348,0.926,1.8501,0.8892,1.2998,0.5137,0.0895,False
SYN-SUBJ-004,SYN-SUBJ-004-SESS-1,6,RECALL,synthetic,0.5618,1.0362,2.1489,1.0931,0.7486,1.1661,1.4277,1.2963,1.069,0.6249,1.1662,1.0445,1.6553,1.1547,0.9904,1.2896,1.3925,1.4227,1.0403,0.4127,0.149,False
SYN-SUBJ-004,SYN-SUBJ-004-SESS-1,7,ENCODING,synthetic,1.0719,1.603,1.6496,1.1305,0.8163,0.9221,1.6788,1.1706,1.147,0.3552,0.7406,2.273,0.9318,1.2435,0.8837,1.598,1.5131,1.1414,1.5545,0.735,0.0674,False
SYN-SUBJ-004,SYN-SUBJ-004-SESS-1,8,ENCODING,synthetic,1.4739,1.766,0.7999,1.1598,0.29,0.9955,1.8173,0.945,1.0684,0.6532,0.8863,1.7962,1.2779,1.2163,0.3304,1.2997,1.5487,1.2423,1.3461,0.7082,0.609,False
SYN-SUBJ-004,SYN-SUBJ-004-SESS-1,9,RECALL,synthetic,0.9493,1.0678,1.7868,1.1568,0.7097,1.1062,1.4596,1.6048,1.009,0.5961,1.1081,0.668,1.7114,0.9919,0.3771,0.8565,1.0367,0.9705,1.0019,0.8212,0.6055,False
SYN-SUBJ-004,SYN-SUBJ-004-SESS-1,10,NEITHER,synthetic,1.0206,0.9447,1.2089,1.2415,0.5438,1.1836,1.001,1.1973,1.1243,1.0821,1.0862,1.5071,1.4616,0.9461,0.7441,1.3879,1.1454,1.1025,0.928,0.6675,0.4499,False
SYN-SUBJ-004,SYN-SUBJ-004-SESS-1,11,NEITHER,synthetic,0.6908,1.1004,0.7404,1.0421,0.7795,1.2807,1.1206,0.8343,1.2101,0.3287,1.1609,1.3083,0.9143,1.0321,0.6431,1.6068,0.9302,1.2872,1.0046,0.8664,0.3866,False
SYN-SUBJ-004,SYN-SUBJ-004-SESS-1,12,NEITHER,synthetic,1.1938,1.2861,1.2005,1.239,0.3166,1.785,1.2799,1.1559,1.0254,0.4966,1.2901,1.0649,1.1006,1.4342,0.8476,1.0208,1.069,0.7499,1.0811,0.4139,0.334,False
SYN-SUBJ-004,SYN-SUBJ-004-SESS-1,13,NEITHER,synthetic,1.2995,0.9545,0.9604,1.3885,0.697,1.2941,1.29,0.6789,1.1354,1.0256,1.2001,1.059,0.7819,1.7007,0.8715,1.3245,1.0026,0.9588,0.8744,0.5683,0.1422,False
SYN-SUBJ-004,SYN-SUBJ-004-SESS-1,14,ENCODING,synthetic,3.3677,3.9018,5.0311,3.757,4.4719,3.4223,5.7488,4.8418,3.2663,3.181,5.0652,3.6618,3.6185,5.3302,4.0241,4.1843,5.372,4.3527,3.713,3.342,4.8891,True
SYN-SUBJ-004,SYN-SUBJ-004-SESS-1,15,NEITHER,synthetic,0.6893,1.1157,1.5612,0.9198,0.6826,1.2987,1.0243,1.8611,0.971,0.9196,1.2081,1.1637,0.9193,1.2449,0.3179,1.2005,0.9565,1.371,1.0262,0.6672,0.5422,False
SYN-SUBJ-004,SYN-SUBJ-004-SESS-1,16,RECALL,synthetic,1.1957,0.8408,1.7924,1.0456,0.7797,0.6664,0.6769,1.3774,0.7335,0.6787,1.0639,0.8813,1.7504,0.5081,0.9574,0.9813,1.3101,1.4993,1.3719,1.1754,0.3963,False
SYN-SUBJ-004,SYN-SUBJ-004-SESS-1,17,ENCODING,synthetic,1.0942,1.8223,0.9356,0.9869,0.5061,1.2224,1.8895,1.0278,1.1748,0.9901,1.3221,2.0134,1.1188,0.9923,0.6073,1.5484,1.6172,0.6385,0.4808,0.7585,0.1335,False
SYN-SUBJ-004,SYN-SUBJ-004-SESS-1,18,RECALL,synthetic,1.1042,1.4398,1.4112,1.0483,0.5097,1.2115,1.2876,2.2794,1.594,0.6639,1.1373,1.6676,1.6029,1.2333,0.1022,1.2326,0.8429,1.5796,1.3085,0.6522,0.6127,False
SYN-SUBJ-004,SYN-SUBJ-004-SESS-1,19,ENCODING,synthetic,4.0352,4.9295,3.2008,2.3825,3.9956,4.4318,3.7675,4.1582,3.5933,4.6278,3.204,3.4881,3.1547,3.1886,2.5307,2.6509,5.1729,4.2733,3.3864,4.7166,4.4324,True
SYN-SUBJ-004,SYN-SUBJ-004-SESS-1,20,NEITHER,synthetic,1.3525,0.9671,0.5882,0.9699,0.4044,0.9242,1.2479,1.5592,1.2472,0.6843,0.8677,1.209,0.8444,1.53,0.5109,1.2797,0.8945,1.2682,0.7235,0.5052,0.9581,False
SYN-SUBJ-004,SYN-SUBJ-004-SESS-1,21,NEITHER,synthetic,0.7488,1.3054,1.5636,1.1997,0.7651,1.5275,1.3843,1.0651,1.1653,0.7928,1.3336,0.9005,1.1081,1.1488,0.7529,1.1352,1.1103,0.9553,1.2781,0.432,0.1046,False
SYN-SUBJ-004,SYN-SUBJ-004-SESS-1,22,NEITHER,synthetic,0.9524,1.3283,1.4046,1.3608,0.2805,1.0656,1.3483,0.7735,1.0422,0.7503,1.0285,1.1522,0.7,1.7275,0.7603,0.9281,0.9902,1.3782,1.0966,0.592,0.5893,False
SYN-SUBJ-004,SYN-SUBJ-004-SESS-1,23,ENCODING,synthetic,1.1486,2.117,0.7039,1.396,0.4262,1.1282,1.9182,0.8724,0.9546,0.4893,1.4475,1.8774,1.1456,1.2601,0.4939,1.0725,2.0083,1.6984,1.2574,0.3634,0.43,False
SYN-SUBJ-004,SYN-SUBJ-004-SESS-1,24,ENCODING,synthetic,1.181,1.6343,1.556,0.8536,0.5273,0.4848,1.6954,1.2011,0.7588,0.4851,1.4198,2.4135,1.3392,1.186,0.9604,1.0732,1.8228,1.1738,1.8517,0.3951,0.5451,False
SYN-SUBJ-004,SYN-SUBJ-004-SESS-1,25,ENCODING,synthetic,3.5928,4.3127,3.016,3.3925,2.663,3.6617,5.1735,3.0499,5.4223,2.1646,2.658,6.0111,3.1735,3.331,2.1316,3.8745,5.0643,3.5134,4.0736,2.3841,3.1174,True
SYN-SUBJ-004,SYN-SUBJ-004-SESS-1,26,ENCODING,synthetic,0.8733,1.7021,1.1501,1.4893,0.3696,1.1307,1.5998,1.2315,1.1566,0.8475,1.4906,1.4236,1.0403,1.4167,0.4412,1.5836,1.7933,1.1726,0.8456,0.7544,0.4025,False
SYN-SUBJ-004,SYN-SUBJ-004-SESS-1,27,ENCODING,synthetic,0.6975,1.4224,0.7746,1.1008,0.5091,1.2813,1.6943,0.7976,0.6414,0.1733,1.1173,1.4298,1.3354,1.1252,0.6717,1.0815,1.7085,0.6463,1.6866,0.9331,0.4155,False
SYN-SUBJ-004,SYN-SUBJ-004-SESS-1,28,ENCODING,synthetic,0.9563,1.7705,1.0217,1.2875,0.322,0.9869,1.6553,1.2942,1.3221,1.0043,1.0924,1.5133,1.397,1.5671,0.6984,1.0137,1.8995,1.1934,0.9149,0.6552,0.3002,False
SYN-SUBJ-004,SYN-SUBJ-004-SESS-1,29,ENCODING,synthetic,1.037,2.0837,0.2309,1.009,1.0799,1.777,1.6226,0.9097,1.3239,0.5839,0.8473,1.9043,1.1357,1.1462,0.7035,1.3004,1.934,1.0091,1.0349,1.1151,0.768,False
SYN-SUBJ-004,SYN-SUBJ-004-SESS-1,30,RECALL,synthetic,1.5451,1.1731,1.7596,1.1586,0.4297,1.0226,1.5753,1.3054,1.0053,0.8917,0.7489,0.7895,1.5029,1.0255,0.4067,0.9033,1.0343,1.9327,0.8469,1.1442,0.4202,False
SYN-SUBJ-004,SYN-SUBJ-004-SESS-1,31,NEITHER,synthetic,1.244,1.0946,0.9667,1.6012,0.9381,1.6288,1.1154,1.5413,1.2224,0.5034,1.1684,1.4233,1.6,1.2512,0.4866,1.0216,1.2403,1.4403,0.9112,0.9654,0.4703,False
SYN-SUBJ-004,SYN-SUBJ-004-SESS-1,32,NEITHER,synthetic,1.3799,1.4068,1.6511,1.2979,0.3768,1.1279,1.1005,0.9045,1.0734,0.722,0.6865,1.2226,1.3931,1.2625,0.6649,1.0206,0.9605,0.876,1.0623,0.3263,0.9107,False
SYN-SUBJ-004,SYN-SUBJ-004-SESS-1,33,RECALL,synthetic,1.2908,0.7115,1.2517,1.0509,0.4173,1.0915,1.0939,1.8534,1.3226,0.5944,0.7189,0.6955,1.3897,0.5299,0.2866,1.1052,1.4961,1.6249,1.2904,0.6948,0.3947,False
SYN-SUBJ-004,SYN-SUBJ-004-SESS-1,34,ENCODING,synthetic,1.1301,1.7164,1.1144,1.1321,0.7195,1.0166,1.4586,0.9544,1.3307,0.82,1.3904,1.8736,1.2699,1.3436,0.5674,0.9031,1.6785,0.8458,0.6802,0.7532,0.188,False
SYN-SUBJ-004,SYN-SUBJ-004-SESS-1,35,NEITHER,synthetic,1.2992,0.9503,0.855,1.3568,0.5179,1.0986,1.3686,1.339,1.4682,0.8106,0.743,0.9353,1.0765,1.2603,0.7337,1.0696,1.2548,1.136,0.8211,0.6095,0.4544,False
SYN-SUBJ-004,SYN-SUBJ-004-SESS-1,36,RECALL,synthetic,1.0106,0.7396,1.7216,1.0566,0.8831,0.9879,1.196,1.7019,1.6351,0.7838,1.1218,0.9271,1.6177,1.3852,0.5073,1.2125,1.0536,1.5476,0.8033,0.5288,0.6583,False
SYN-SUBJ-004,SYN-SUBJ-004-SESS-1,37,RECALL,synthetic,0.9171,1.4231,1.6433,1.2414,0.4792,1.0089,1.5479,1.6202,0.7311,0.2785,0.9834,1.1952,1.3094,1.222,0.8696,0.9624,1.077,2.0266,1.1546,0.6344,0.3413,False
SYN-SUBJ-004,SYN-SUBJ-004-SESS-1,38,RECALL,synthetic,0.8433,1.2682,1.7369,1.1191,0.4128,1.2139,0.7894,1.3454,0.8327,0.915,1.0232,0.9501,1.7935,0.7297,0.2314,0.8788,1.5425,1.3398,1.4323,0.3168,0.4308,False
SYN-SUBJ-004,SYN-SUBJ-004-SESS-1,39,NEITHER,synthetic,2.7338,3.5045,2.6578,4.1459,2.4222,4.7129,3.1338,2.7469,2.8661,2.6953,4.0076,3.2914,3.247,4.912,3.7515,2.4214,4.018,3.9881,2.5247,2.895,3.9413,True
SYN-SUBJ-004,SYN-SUBJ-004-SESS-1,40,RECALL,synthetic,3.4756,2.6448,5.1677,4.3764,2.346,3.9825,3.5696,3.8519,3.1499,2.7974,3.7628,4.4019,3.2835,3.4579,3.5971,3.7148,3.8487,4.1212,2.9033,4.3608,3.9712,True
SYN-SUBJ-004,SYN-SUBJ-004-SESS-1,41,ENCODING,synthetic,1.1361,1.7365,1.2425,1.2423,0.7158,1.1775,1.5205,0.7866,1.0618,0.3317,0.5533,2.1894,0.8805,1.7278,0.2434,1.2128,1.6064,1.4106,1.0968,0.1022,0.4249,False
SYN-SUBJ-004,SYN-SUBJ-004-SESS-1,42,NEITHER,synthetic,0.8479,0.8972,1.1758,0.654,0.2487,1.2441,0.6488,1.1715,1.2996,0.6417,0.8254,1.3796,1.2807,1.1397,0.4775,1.4877,1.2377,0.6199,0.999,0.3693,0.6497,False
SYN-SUBJ-004,SYN-SUBJ-004-SESS-1,43,NEITHER,synthetic,1.0099,1.3016,1.329,0.926,0.5581,1.4849,1.4918,0.761,1.0841,0.7412,0.9787,0.8868,1.0288,0.9137,0.5568,1.0355,1.2199,1.2172,1.34,0.702,0.8029,False
SYN-SUBJ-004,SYN-SUBJ-004-SESS-1,44,ENCODING,synthetic,0.9652,1.8219,1.1775,0.8573,0.695,1.034,1.626,1.1199,0.8248,0.274,0.3893,1.6682,1.1574,1.1609,0.6064,1.074,1.6546,1.1249,1.0444,0.417,0.808,False
SYN-SUBJ-004,SYN-SUBJ-004-SESS-1,45,NEITHER,synthetic,4.7,3.2506,4.8924,4.1278,4.4551,3.6261,3.5728,4.6315,4.8504,4.1269,4.2082,3.5776,4.7464,4.648,3.4277,3.8261,3.6592,2.6508,4.2726,3.8774,2.8104,True
SYN-SUBJ-004,SYN-SUBJ-004-SESS-1,46,NEITHER,synthetic,0.942,0.8519,1.0544,0.933,0.5315,1.2193,1.2619,1.1327,1.3203,0.4759,0.8995,1.2928,0.7073,1.0504,0.6538,1.0243,0.7608,1.2635,1.158,0.1863,0.5583,False
SYN-SUBJ-004,SYN-SUBJ-004-SESS-1,47,NEITHER,synthetic,1.3654,1.5323,1.0988,1.2128,0.1022,1.2911,0.8622,1.1644,1.165,0.7863,0.5588,1.2286,0.9592,0.5851,0.5083,1.4549,0.8943,1.0726,1.5075,0.9513,0.5475,False
SYN-SUBJ-004,SYN-SUBJ-004-SESS-1,48,RECALL,synthetic,1.0176,1.3753,1.4755,0.7961,0.8966,1.0126,1.0861,1.586,1.2463,0.956,1.2567,0.9489,1.4599,1.2574,0.8882,0.906,0.748,1.4793,1.1827,0.6141,0.717,False
SYN-SUBJ-004,SYN-SUBJ-004-SESS-1,49,RECALL,synthetic,1.3628,1.2514,1.3827,1.6071,0.9893,1.0989,1.3805,1.8427,1.1652,0.9349,0.9834,1.4366,2.1055,0.9569,0.7499,1.2147,0.9875,1.6983,0.7144,0.3892,0.187,False
SYN-SUBJ-004,SYN-SUBJ-004-SESS-1,50,ENCODING,synthetic,1.3317,1.7482,1.0735,1.3119,0.7255,0.9303,1.8094,1.0196,1.4189,0.7195,0.8298,2.0763,0.8905,1.0733,0.3643,0.8255,1.6004,1.4108,1.7417,0.2736,0.4657,False
SYN-SUBJ-004,SYN-SUBJ-004-SESS-1,51,NEITHER,synthetic,4.9069,3.1164,4.8236,3.1636,4.5705,2.9586,3.7607,3.0929,2.7135,3.6911,3.9844,3.8841,3.6856,4.2857,2.9152,3.4625,3.4157,4.7736,4.6619,3.6638,5.1544,True
SYN-SUBJ-004,SYN-SUBJ-004-SESS-1,52,RECALL,synthetic,0.9329,1.6276,1.9608,1.3756,0.2647,1.0456,0.8026,2.152,1.1312,0.6171,1.1582,1.2257,1.294,0.971,0.8253,0.6486,0.9556,1.562,1.0961,0.5171,0.6368,False
SYN-SUBJ-004,SYN-SUBJ-004-SESS-1,53,RECALL,synthetic,0.8935,0.9563,2.2816,1.3954,0.8765,1.0853,1.1121,1.4766,0.9827,0.3031,1.4291,1.1597,1.6666,1.0662,0.691,1.3206,1.3157,1.6303,0.8985,0.4287,0.397,False
SYN-SUBJ-004,SYN-SUBJ-004-SESS-1,54,RECALL,synthetic,1.0585,1.2372,1.6248,1.2667,0.599,1.1603,0.9677,1.675,1.4336,0.7131,1.2506,1.0666,1.8263,1.2722,0.6912,1.5052,1.1962,1.5862,0.9712,0.1022,0.0429,False
SYN-SUBJ-004,SYN-SUBJ-004-SESS-1,55,RECALL,synthetic,0.9685,1.1419,1.3788,0.8516,0.6142,0.696,1.2768,1.9705,1.2126,0.6998,1.1899,1.1112,1.5554,1.2602,0.645,1.4046,1.0836,1.6743,1.3403,0.6826,0.8712,False
SYN-SUBJ-004,SYN-SUBJ-004-SESS-1,56,ENCODING,synthetic,1.0308,1.6635,1.0131,1.2631,0.5388,1.5106,1.5773,1.0964,1.3302,0.8531,1.1873,1.4478,1.019,1.3742,0.8237,0.6797,1.7414,1.0166,0.9931,0.6764,0.2638,False
SYN-SUBJ-004,SYN-SUBJ-004-SESS-1,57,NEITHER,synthetic,1.3978,1.2611,1.2438,0.6837,0.4529,1.5355,1.0616,1.001,1.2559,0.9616,0.6831,1.0765,0.7966,0.958,0.6969,0.8908,0.8292,1.1848,1.1839,0.3389,0.0181,False
SYN-SUBJ-004,SYN-SUBJ-004-SESS-1,58,ENCODING,synthetic,1.3806,2.0315,1.0881,1.2919,0.684,0.5799,1.4398,1.0417,0.8343,0.5872,1.5556,1.4257,1.2956,0.5659,0.3383,0.7948,1.8693,1.2822,0.6308,0.3419,0.6417,False
SYN-SUBJ-004,SYN-SUBJ-004-SESS-1,59,NEITHER,synthetic,0.7098,0.9123,0.7242,1.1682,0.5162,0.9635,1.0827,1.171,0.7805,0.3905,0.8566,1.2969,1.3596,0.9837,1.0156,1.3488,0.8911,1.2316,0.6266,1.1055,0.1084,False
SYN-SUBJ-005,SYN-SUBJ-005-SESS-0,0,ENCODING,synthetic,1.3248,2.0201,0.6447,1.0901,0.6452,0.8108,1.2727,0.1874,0.6605,0.4513,1.2225,1.795,0.97,0.898,0.0202,1.057,1.2902,1.4658,0.8602,0.1097,0.2204,False
SYN-SUBJ-005,SYN-SUBJ-005-SESS-0,1,NEITHER,synthetic,1.212,0.7105,1.1522,0.7284,0.2322,0.6408,1.368,0.9594,0.9045,0.4279,0.7654,1.1206,0.5436,0.3037,0.6728,0.7225,0.8523,0.9335,1.0559,0.0,0.4062,False
SYN-SUBJ-005,SYN-SUBJ-005-SESS-0,2,RECALL,synthetic,1.1311,1.2015,1.6719,1.084,0.2026,0.8071,0.5216,0.9947,0.9756,0.7228,0.9497,0.8027,1.6596,0.4565,0.4556,0.4575,0.8204,1.6174,1.021,0.3505,0.8433,False
SYN-SUBJ-005,SYN-SUBJ-005-SESS-0,3,RECALL,synthetic,1.1061,1.1766,1.4793,0.4271,0.3353,1.439,1.1975,1.0346,1.123,0.7672,1.2798,0.911,1.0714,0.8792,0.6161,0.7722,1.0333,1.4075,1.1541,0.3772,0.2021,False
SYN-SUBJ-005,SYN-SUBJ-005-SESS-0,4,ENCODING,synthetic,0.9975,1.3011,1.3906,0.8152,0.4971,0.9362,1.1699,0.8489,0.8707,0.6134,0.5215,1.2023,0.7896,1.1562,0.4825,0.4158,1.0067,0.8395,1.2491,0.2967,0.627,False
SYN-SUBJ-005,SYN-SUBJ-005-SESS-0,5,ENCODING,synthetic,0.946,1.7078,1.1994,0.9396,0.2185,0.9803,1.7159,1.2459,0.7785,0.4519,0.4996,1.7935,0.7491,0.6122,0.2305,1.1725,1.9335,1.1861,0.8355,0.0,0.9228,False
SYN-SUBJ-005,SYN-SUBJ-005-SESS-0,6,ENCODING,synthetic,0.3766,1.2768,1.3047,1.0854,0.9899,0.9923,1.4197,0.735,1.0721,0.3779,0.8052,1.5396,1.2978,1.3372,0.0466,1.3586,1.6719,1.4404,0.6804,0.5717,0.9272,False
SYN-SUBJ-005,SYN-SUBJ-005-SESS-0,7,RECALL,synthetic,3.1329,2.2288,3.1842,4.28,3.6055,3.0388,2.9449,3.2206,4.0979,2.7469,4.8045,4.6492,3.8367,3.8079,2.707,4.8773,3.0484,3.3314,2.6455,3.0889,5.2683,True
SYN-SUBJ-005,SYN-SUBJ-005-SESS-0,8,NEITHER,synthetic,0.9939,0.8585,1.0884,0.6003,0.7909,0.5416,0.5115,0.6602,1.0399,0.507,0.2394,0.8266,1.0573,1.1856,0.3805,0.6194,0.8685,0.5697,0.9354,0.6708,0.8263,False
SYN-SUBJ-005,SYN-SUBJ-005-SESS-0,9,NEITHER,synthetic,1.1344,1.1077,0.1103,0.6848,0.218,1.0324,0.6633,0.7886,0.8882,0.1181,0.8171,0.6088,0.7428,0.7166,0.5216,0.8531,0.8208,0.9208,1.0967,0.1841,0.9003,False
SYN-SUBJ-005,SYN-SUBJ-005-SESS-0,10,NEITHER,synthetic,1.177,1.2616,0.8976,0.9213,0.3072,0.8822,0.9938,0.7759,0.7553,0.2471,1.329,1.5639,0.7499,0.5779,0.6336,0.9297,1.4952,0.8677,0.8101,0.1738,0.1503,False
SYN-SUBJ-005,SYN-SUBJ-005-SESS-0,11,ENCODING,synthetic,0.9282,1.3553,1.0445,0.893,0.0,0.6363,1.5281,0.2867,0.6196,0.2994,0.8327,1.3422,0.6857,0.69,0.5134,0.4165,1.6333,0.8709,1.334,0.17,0.7984,False
SYN-SUBJ-005,SYN-SUBJ-005-SESS-0,12,NEITHER,synthetic,0.9695,1.3849,0.5449,1.0712,0.3693,0.7229,1.2634,0.8389,0.8071,0.7343,1.1035,0.6265,0.8215,0.8782,0.608,1.0249,0.6997,0.6969,1.3141,0.3112,0.0358,False
SYN-SUBJ-005,SYN-SUBJ-005-SESS-0,13,NEITHER,synthetic,0.811,1.0316,1.1091,0.7537,0.2812,1.0136,0.9525,0.5458,1.2497,0.4654,0.8409,1.3386,0.9969,0.8882,0.0,0.4244,0.6007,0.9186,0.8022,0.5033,0.6236,False
SYN-SUBJ-005,SYN-SUBJ-005-SESS-0,14,RECALL,synthetic,0.8803,0.767,1.5194,0.7191,0.1503,0.7733,0.9081,0.9667,0.5382,0.3329,1.2678,0.9102,1.2259,0.5049,0.1471,1.1919,1.1825,1.1613,1.1917,0.0988,0.3902,False
SYN-SUBJ-005,SYN-SUBJ-005-SESS-0,15,NEITHER,synthetic,0.781,0.6105,1.0354,0.9334,0.351,1.2157,0.9493,0.6834,0.7747,0.5436,1.1376,0.8084,0.7713,0.8171,0.1317,1.2752,0.8111,1.2516,0.8197,0.3091,0.5327,False
SYN-SUBJ-005,SYN-SUBJ-005-SESS-0,16,NEITHER,synthetic,1.0245,0.4523,1.012,1.4938,0.0,0.7547,0.804,0.8574,0.7481,0.518,0.686,0.3988,1.0729,1.2989,0.3087,0.3375,1.1723,1.4501,0.4043,0.831,0.1719,False
SYN-SUBJ-005,SYN-SUBJ-005-SESS-0,17,NEITHER,synthetic,0.8305,0.6932,0.6122,0.6698,0.806,1.2059,1.0188,0.8648,0.8499,0.176,1.2643,0.9665,0.2877,0.8345,0.7126,0.8091,1.1274,0.9303,0.5324,0.4377,0.8249,False
SYN-SUBJ-005,SYN-SUBJ-005-SESS-0,18,ENCODING,synthetic,4.4814,5.5708,4.534,4.6056,2.2847,4.4039,4.9003,2.7825,2.4645,2.8315,3.2803,3.8434,3.1055,3.7655,2.0671,3.7984,2.8423,4.0316,4.7055,3.873,3.4922,True
SYN-SUBJ-005,SYN-SUBJ-005-SESS-0,19,ENCODING,synthetic,3.7803,5.598,3.832,2.7912,3.0892,2.9559,4.6565,4.9011,2.6645,2.8574,3.6443,2.7305,3.4807,4.7737,2.3986,2.9115,3.6251,4.2711,3.106,3.1066,5.8759,True
SYN-SUBJ-005,SYN-SUBJ-005-SESS-0,20,RECALL,synthetic,1.0209,0.7358,1.1957,0.906,0.3141,0.826,1.242,1.6001,0.9652,0.4035,0.9343,0.8972,1.5499,0.9444,0.2839,1.2432,0.4692,1.1438,1.0735,0.4898,0.6427,False
SYN-SUBJ-005,SYN-SUBJ-005-SESS-0,21,ENCODING,synthetic,0.9729,1.4391,1.1365,0.9167,0.5738,0.9443,1.2952,0.6726,0.9563,0.5134,0.7485,1.9696,0.666,0.8706,0.0,0.4874,1.2151,0.926,1.3583,0.0,0.2221,False
SYN-SUBJ-005,SYN-SUBJ-005-SESS-0,22,RECALL,synthetic,1.005,0.522,1.3403,1.1577,0.4062,0.777,1.3189,0.8129,0.7478,0.0,0.7645,1.5028,1.5677,0.983,0.5612,0.5475,0.9507,1.2982,1.2261,0.763,0.1263,False
SYN-SUBJ-005,SYN-SUBJ-005-SESS-0,23,NEITHER,synthetic,0.9249,0.8837,0.8715,1.0124,0.3859,0.931,1.067,1.0089,0.8972,0.556,0.8522,0.6356,1.0571,0.9315,0.1112,0.9623,1.1443,1.0523,1.032,0.0,0.4801,False
SYN-SUBJ-005,SYN-SUBJ-005-SESS-0,24,RECALL,synthetic,1.2255,0.8551,1.3955,1.0431,0.592,1.1775,1.0444,1.437,1.2972,0.656,1.1607,0.5834,1.1381,1.1552,0.4152,1.0247,1.385,1.5738,0.783,0.0,0.6454,False
SYN-SUBJ-005,SYN-SUBJ-005-SESS-0,25,ENCODING,synthetic,4.3131,4.6759,5.1512,4.6364,2.5386,3.7509,4.5459,4.4717,4.7975,3.4394,2.6919,4.203,4.0548,4.3153,4.1563,3.2447,3.852,3.5576,4.3637,2.1336,5.3288,True
SYN-SUBJ-005,SYN-SUBJ-005-SESS-0,26,RECALL,synthetic,1.1319,0.9363,1.6264,0.6631,0.6896,0.8234,0.882,1.2872,1.1752,0.1974,1.0994,0.639,1.7339,0.9142,0.2704,0.9633,0.7279,1.7322,0.5609,0.1694,0.9107,False
SYN-SUBJ-005,SYN-SUBJ-005-SESS-0,27,NEITHER,synthetic,2.6957,3.8899,2.4981,2.583,2.3146,4.0055,4.2133,4.0449,3.3123,3.7534,4.1562,3.3375,2.9579,2.9231,2.8146,3.3047,3.5367,2.8874,5.1211,3.4754,3.207,True
SYN-SUBJ-005,SYN-SUBJ-005-SESS-0,28,RECALL,synthetic,0.93,1.1555,1.6924,1.0694,0.4691,0.6973,0.6851,1.4658,1.3387,0.0,1.1342,0.6746,1.5086,0.8606,0.4736,0.5559,1.1921,1.9053,1.2971,0.2601,0.664,False
SYN-SUBJ-005,SYN-SUBJ-005-SESS-0,29,ENCODING,synthetic,0.5481,1.559,0.8932,0.7458,0.2828,0.8017,1.7677,0.9167,0.7399,0.4408,0.8168,1.4475,1.0458,0.8803,0.5452,0.9516,1.6073,1.0477,1.1895,0.6661,0.7004,False
SYN-SUBJ-005,SYN-SUBJ-005-SESS-0,30,RECALL,synthetic,0.911,0.7716,1.7306,1.1931,0.3513,0.7987,0.8218,1.4877,0.9712,0.3708,0.8616,0.8659,1.5592,1.0815,0.3944,0.6022,0.734,1.4809,1.2785,0.2217,0.2141,False
SYN-SUBJ-005,SYN-SUBJ-005-SESS-0,31,RECALL,synthetic,0.7026,1.0034,1.0508,0.826,0.0,1.0504,1.0713,1.0075,1.2468,0.6663,0.8857,1.0214,1.3139,1.34,0.2656,0.589,1.0526,1.584,1.2779,0.429,0.982,False
SYN-SUBJ-005,SYN-SUBJ-005-SESS-0,32,ENCODING,synthetic,0.8758,1.5414,0.9816,0.7618,0.8704,0.2463,1.3649,1.1067,1.0248,0.0,0.9076,1.4963,1.2682,0.7415,0.1999,0.8122,1.5691,0.5834,1.1015,0.0214,0.2289,False
SYN-SUBJ-005,SYN-SUBJ-005-SESS-0,33,RECALL,synthetic,3.2644,3.4845,5.0755,3.0978,4.7161,4.4558,5.4839,4.0867,2.8897,3.2593,2.8765,4.3309,5.3224,2.4051,2.63,4.1628,3.2475,4.9356,4.1921,2.128,4.9862,True
SYN-SUBJ-005,SYN-SUBJ-005-SESS-0,34,RECALL,synthetic,3.3597,4.6881,5.1402,3.4506,3.0766,3.5399,2.9125,3.3885,3.3715,3.5127,3.8604,2.7609,3.2891,4.3917,4.0462,4.3691,3.3779,3.6935,3.7397,1.9141,2.546,True
SYN-SUBJ-005,SYN-SUBJ-005-SESS-0,35,ENCODING,synthetic,0.7778,1.2698,0.9459,0.9586,0.2812,0.2447,1.4297,0.6412,0.9335,0.4781,0.7288,1.5635,0.7335,0.9514,0.4774,0.9463,1.671,0.7364,0.7117,0.3702,0.3002,False
SYN-SUBJ-005,SYN-SUBJ-005-SESS-0,36,RECALL,synthetic,0.8928,0.855,1.2635,0.8457,0.1084,0.8481,0.7469,1.6165,0.7359,0.4907,1.0332,0.9322,1.5752,0.9144,0.1674,0.4628,0.9866,1.6502,1.1559,0.0,0.4395,False
SYN-SUBJ-005,SYN-SUBJ-005-SESS-0,37,RECALL,synthetic,1.1147,0.7375,1.5472,1.0966,0.5794,0.9814,1.2254,1.7829,0.9942,0.419,0.8827,1.1662,1.9322,1.2899,0.3695,0.8685,1.022,1.4601,0.6363,0.5031,0.4674,False
SYN-SUBJ-005,SYN-SUBJ-005-SESS-0,38,RECALL,synthetic,2.9974,4.1342,3.8772,4.0097,3.2423,2.824,3.0066,2.9982,2.4916,3.7252,3.4468,4.4215,4.2046,2.6678,3.2621,2.8204,3.9915,3.3376,3.3023,2.7806,5.8339,True
SYN-SUBJ-005,SYN-SUBJ-005-SESS-0,39,RECALL,synthetic,0.8902,1.09,1.5098,1.1047,0.5757,1.2816,1.2729,1.3322,0.6354,0.2227,1.6105,0.4754,1.3682,0.923,0.2769,0.3748,1.0436,1.6373,1.2751,0.3812,0.0263,False
SYN-SUBJ-005,SYN-SUBJ-005-SESS-0,40,RECALL,synthetic,3.9944,2.8051,4.1546,4.3119,2.3073,4.2636,5.0981,2.9364,3.6816,3.4757,3.0827,4.6387,4.1033,2.402,3.5305,2.8797,4.4267,3.0324,2.8173,3.1736,3.0625,True
SYN-SUBJ-005,SYN-SUBJ-005-SESS-0,41,ENCODING,synthetic,1.0799,1.3483,0.3385,0.8615,0.1658,0.7924,1.2407,0.8972,1.0622,0.4199,0.9822,1.3294,1.1801,0.9909,0.2994,0.9273,1.7727,0.5074,0.8317,0.4808,0.5957,False
SYN-SUBJ-005,SYN-SUBJ-005-SESS-0,42,ENCODING,synthetic,0.6213,1.0013,0.6152,0.8886,0.49,0.7276,1.6976,1.2297,0.633,0.3002,0.5022,1.604,0.0876,0.4667,0.6665,0.7879,1.3787,0.7606,0.7557,0.3131,0.1179,False
SYN-SUBJ-005,SYN-SUBJ-005-SESS-0,43,ENCODING,synthetic,0.7013,1.6169,1.4244,1.0551,0.311,0.787,1.3961,1.426,0.7928,0.1109,0.7871,1.7195,1.361,1.2688,0.0,0.6675,1.3143,0.6082,1.0574,0.7337,0.8848,False
SYN-SUBJ-005,SYN-SUBJ-005-SESS-0,44,RECALL,synthetic,0.838,1.2444,1.2679,1.0349,0.3767,1.2511,1.1798,1.4527,0.8738,0.4933,1.2286,0.9321,1.5197,0.9917,0.6415,0.8811,0.9382,0.9425,0.6483,0.5818,0.1251,False
SYN-SUBJ-005,SYN-SUBJ-005-SESS-0,45,NEITHER,synthetic,1.3294,0.8012,0.8835,1.1602,0.3496,0.7389,1.1674,0.977,1.1583,0.3851,1.3388,1.5112,0.5743,0.851,0.4568,0.9306,0.9626,0.815,1.7243,0.8169,0.1129,False
SYN-SUBJ-005,SYN-SUBJ-005-SESS-0,46,NEITHER,synthetic,0.5181,0.283,0.8137,0.7937,0.4815,0.756,0.7567,1.0087,0.656,0.4486,1.0694,0.9091,0.9136,1.4683,0.2793,1.1783,0.5559,1.163,0.7403,0.0,0.3603,False
SYN-SUBJ-005,SYN-SUBJ-005-SESS-0,47,RECALL,synthetic,0.7138,0.9141,1.2116,0.7321,0.1109,0.4973,0.8434,1.2198,0.9696,0.1565,1.0673,0.6758,1.3764,0.3771,0.4922,0.8703,0.5226,1.3703,0.6384,0.2261,0.5466,False
SYN-SUBJ-005,SYN-SUBJ-005-SESS-0,48,ENCODING,synthetic,1.2979,1.3994,1.0944,0.7015,0.3016,0.8731,1.6831,1.004,0.0952,0.3216,1.0197,1.0434,0.5062,0.5184,0.0,0.4757,1.1769,0.8103,0.4699,0.3007,0.249,False
SYN-SUBJ-005,SYN-SUBJ-005-SESS-0,49,NEITHER,synthetic,0.7107,0.7261,1.1305,0.8049,0.2071,1.3967,1.101,1.0313,0.8934,0.625,0.8438,0.8065,0.6063,0.6465,0.3715,0.8302,0.7996,0.6455,0.66,0.7043,0.3815,False
SYN-SUBJ-005,SYN-SUBJ-005-SESS-0,50,NEITHER,synthetic,3.6795,4.4146,4.3388,4.1299,2.3236,5.0088,3.7881,3.136,2.23,1.8278,4.2448,2.8848,2.7128,4.6759,2.9723,4.6631,3.7094,3.1715,2.6891,4.1961,5.7599,True
SYN-SUBJ-005,SYN-SUBJ-005-SESS-0,51,RECALL,synthetic,0.6325,1.2252,1.1261,1.3546,0.015,0.7198,0.83,1.6132,0.9884,0.8372,0.9293,0.8518,1.7443,1.27,0.1032,1.236,1.2196,1.1013,1.006,0.2822,0.4187,False
SYN-SUBJ-005,SYN-SUBJ-005-SESS-0,52,NEITHER,synthetic,1.1836,1.1315,0.7251,0.7688,0.439,0.8934,1.1482,0.7995,0.986,0.3098,0.9999,1.0378,0.9294,0.6353,0.6868,0.8453,0.7894,0.7291,1.0535,0.5716,0.0673,False
SYN-SUBJ-005,SYN-SUBJ-005-SESS-0,53,ENCODING,synthetic,2.8327,4.2921,5.0914,3.6912,1.8122,4.2834,4.2383,3.6938,4.5749,2.4677,4.0062,5.254,2.0308,4.5645,2.4301,3.3331,3.4339,4.6269,3.8031,2.4406,5.159,True
SYN-SUBJ-005,SYN-SUBJ-005-SESS-0,54,RECALL,synthetic,0.5593,1.0729,1.3443,0.4113,0.1364,0.8527,0.6362,1.7821,1.2582,1.0333,1.0555,0.859,1.6677,1.1774,0.3468,0.7377,0.8227,1.5793,1.1118,0.0,0.2684,False
SYN-SUBJ-005,SYN-SUBJ-005-SESS-0,55,ENCODING,synthetic,0.716,1.6005,0.6643,1.1776,0.3347,1.0278,1.6776,1.3951,1.3685,0.796,1.1324,1.8342,0.5034,1.0476,0.1021,0.6391,1.8834,0.8546,0.5752,0.0924,0.0849,False
SYN-SUBJ-005,SYN-SUBJ-005-SESS-0,56,RECALL,synthetic,0.7724,1.0102,1.2246,0.5996,0.3432,0.7729,0.9875,1.5515,1.063,0.1386,0.7252,0.484,1.5957,0.7688,0.7206,0.9335,0.9382,1.3202,1.0446,0.0,0.8267,False
SYN-SUBJ-005,SYN-SUBJ-005-SESS-0,57,RECALL,synthetic,0.8659,0.8599,1.0649,0.6284,0.4598,1.3039,0.7689,1.406,0.7804,0.2818,1.2061,0.4871,1.9012,0.9453,0.6961,0.5753,0.8904,1.1087,0.8542,0.1635,0.4742,False
SYN-SUBJ-005,SYN-SUBJ-005-SESS-0,58,RECALL,synthetic,1.1488,1.0161,1.6104,0.8946,0.3984,1.2809,0.785,1.5593,1.1995,0.5103,1.1259,0.4431,1.3016,0.6458,0.2088,0.7221,0.9342,1.2924,0.6807,0.1267,0.9103,False
SYN-SUBJ-005,SYN-SUBJ-005-SESS-0,59,NEITHER,synthetic,0.9279,1.2447,1.0751,1.1291,0.041,0.9033,1.1954,0.6189,1.0163,0.1033,0.6122,1.0584,0.7642,0.8955,0.6987,0.6586,1.6415,1.2038,0.7791,0.7108,0.1328,False
SYN-SUBJ-005,SYN-SUBJ-005-SESS-1,0,RECALL,synthetic,3.2452,2.6707,5.5587,3.2976,2.7296,2.6498,3.0661,4.3381,4.2068,2.2613,4.0566,2.7183,5.2407,2.8635,4.4543,4.6316,2.6113,2.9601,2.9667,2.0213,2.7206,True
SYN-SUBJ-005,SYN-SUBJ-005-SESS-1,1,NEITHER,synthetic,0.7958,0.9584,1.1601,0.7493,0.1557,0.6346,0.4884,0.7481,0.6635,0.4384,1.0129,0.9161,0.8407,1.1404,0.4686,0.7112,1.0676,0.8178,0.366,0.2209,0.6499,False
SYN-SUBJ-005,SYN-SUBJ-005-SESS-1,2,NEITHER,synthetic,0.5541,0.6848,0.954,0.7128,0.4966,0.4915,0.7791,0.8663,0.8072,0.644,1.1254,0.8847,0.8581,0.8073,0.8151,0.918,1.1849,0.8993,0.9143,0.0,0.0035,False
SYN-SUBJ-005,SYN-SUBJ-005-SESS-1,3,RECALL,synthetic,1.2271,0.8108,1.3178,0.9464,0.788,0.9555,0.2923,1.6713,0.7804,0.1805,0.9426,0.9309,1.074,0.464,0.3764,1.0101,1.3129,1.6662,1.087,0.401,0.2822,False
SYN-SUBJ-005,SYN-SUBJ-005-SESS-1,4,RECALL,synthetic,1.1871,1.1125,1.7043,0.752,0.4483,0.63,0.8656,1.4025,0.9696,0.0,0.6236,1.0431,1.371,1.0412,0.0925,0.8395,0.8025,1.3067,0.5657,0.1359,0.528,False
SYN-SUBJ-005,SYN-SUBJ-005-SESS-1,5,NEITHER,synthetic,0.4069,0.7266,0.6498,0.7952,0.776,0.8972,0.5651,0.9406,0.7506,0.5902,0.7762,0.823,0.8125,0.9376,0.1754,0.9774,0.8445,0.7365,1.0143,0.4236,0.4316,False
SYN-SUBJ-005,SYN-SUBJ-005-SESS-1,6,NEITHER,synthetic,0.6022,1.2864,0.6857,0.6681,0.4871,0.7684,1.5956,0.9723,0.8832,0.3998,1.409,0.7237,0.8159,1.0094,0.6581,1.0315,0.7974,1.0952,1.1766,0.3352,0.4569,False
SYN-SUBJ-005,SYN-SUBJ-005-SESS-1,7,NEITHER,synthetic,3.3677,2.5816,4.6804,4.1623,3.7581,3.5023,2.943,4.0664,2.2983,2.0844,4.3988,3.4156,2.2998,4.2069,3.8909,2.303,2.1434,3.9713,4.0049,2.2687,4.5108,True
SYN-SUBJ-005,SYN-SUBJ-005-SESS-1,8,NEITHER,synthetic,4.0503,3.1342,2.825,4.5583,4.2996,4.1584,4.9279,4.456,3.6062,3.6238,3.068,2.9056,4.7891,2.6218,4.5285,4.2277,4.4667,4.7698,2.2927,1.8745,3.8013,True
SYN-SUBJ-005,SYN-SUBJ-005-SESS-1,9,ENCODING,synthetic,1.1984,1.0758,1.2648,1.2003,0.5461,0.9914,1.9586,1.1593,0.9018,0.2293,1.0902,1.1031,1.2153,1.0153,0.4288,0.9701,1.748,1.0229,0.8919,0.4483,0.957,False
SYN-SUBJ-005,SYN-SUBJ-005-SESS-1,10,RECALL,synthetic,1.0841,0.5897,1.6429,0.6811,0.2585,1.2731,0.8523,1.2384,0.6368,0.0542,0.653,0.8733,1.2459,0.8497,0.5524,0.7293,0.7416,1.2949,0.7867,0.4302,0.8363,False
SYN-SUBJ-005,SYN-SUBJ-005-SESS-1,11,ENCODING,synthetic,0.989,1.219,1.0877,1.1285,0.5627,0.4792,1.9762,1.1759,0.894,0.3141,0.905,1.5848,0.7171,1.1663,0.2729,0.7952,1.6233,1.1653,0.7162,1.0449,0.7837,False
SYN-SUBJ-005,SYN-SUBJ-005-SESS-1,12,NEITHER,synthetic,0.8926,1.3332,1.0102,0.7059,0.6364,0.7806,1.3708,1.0933,1.1737,0.3736,0.9007,0.6364,0.7593,0.8161,0.3704,0.7224,0.813,1.2061,0.9805,0.6089,0.1769,False
SYN-SUBJ-005,SYN-SUBJ-005-SESS-1,13,ENCODING,synthetic,1.4508,1.4451,1.115,0.8681,0.677,0.7501,1.4686,0.9809,1.1402,0.0,0.8385,1.2688,0.6942,0.9799,0.9665,1.2156,1.6824,1.1803,0.9042,0.3741,0.034,False
SYN-SUBJ-005,SYN-SUBJ-005-SESS-1,14,RECALL,synthetic,0.8755,0.9745,1.2604,0.7529,1.157,1.0396,1.0551,1.5175,1.7159,0.1523,0.6193,0.9778,1.1505,1.1282,0.355,0.781,1.0419,1.042,0.6751,0.4925,0.6867,False
SYN-SUBJ-005,SYN-SUBJ-005-SESS-1,15,ENCODING,synthetic,1.3016,1.5679,0.783,1.041,0.6476,0.3803,1.4757,0.8099,0.9127,0.4168,1.0257,1.5756,0.7082,0.9914,0.4967,0.598,1.5694,0.8456,1.0509,0.6264,0.8125,False
SYN-SUBJ-005,SYN-SUBJ-005-SESS-1,16,ENCODING,synthetic,4.3406,3.5781,4.5164,3.674,3.4314,2.8424,4.1128,4.9327,3.431,2.8231,4.2393,3.7587,4.4644,2.6049,4.5514,3.9791,3.462,4.0527,3.2622,4.2437,5.574,True
SYN-SUBJ-005,SYN-SUBJ-005-SESS-1,17,RECALL,synthetic,2.6076,2.1569,3.0369,3.2901,3.1577,2.4201,4.0627,5.1171,2.4337,2.6686,3.8762,4.8132,4.3858,4.77,2.3575,3.2052,4.1733,5.2201,4.4394,2.2148,5.6142,True
SYN-SUBJ-005,SYN-SUBJ-005-SESS-1,18,ENCODING,synthetic,0.7221,1.4205,0.3478,0.5955,0.2825,1.035,1.7991,0.9138,0.5613,0.7476,1.0315,1.6948,0.9795,1.2555,0.4547,0.823,1.5657,1.1462,0.8916,0.9436,0.1836,False
SYN-SUBJ-005,SYN-SUBJ-005-SESS-1,19,ENCODING,synthetic,0.8988,1.8388,0.653,0.6441,0.0188,0.7171,1.5431,1.0822,0.8542,0.5064,1.3467,1.5508,0.5853,0.7532,0.7813,0.6097,1.6879,0.9625,0.4973,0.0,0.5558,False
SYN-SUBJ-005,SYN-SUBJ-005-SESS-1,20,RECALL,synthetic,0.915,1.0519,1.4969,0.8471,0.2711,1.0188,1.2846,1.8409,0.8345,0.7779,1.4557,0.7598,1.0054,1.0217,0.7274,0.9008,1.1808,1.3779,1.2184,0.0208,0.0877,False
SYN-SUBJ-005,SYN-SUBJ-005-SESS-1,21,NEITHER,synthetic,0.9372,0.6945,0.7654,1.0195,0.5527,0.6915,0.9611,0.7606,1.293,0.4292,0.6834,0.9703,0.9833,1.0858,0.931,0.8537,0.8647,0.7866,1.0117,0.3409,0.8012,False
SYN-SUBJ-005,SYN-SUBJ-005-SESS-1,22,ENCODING,synthetic,0.9091,1.481,1.0538,1.2688,0.586,1.223,1.2227,0.6782,1.4052,0.633,0.7813,1.489,0.6489,0.7807,0.6473,0.9151,1.607,0.975,1.1128,0.5821,0.5355,False
SYN-SUBJ-005,SYN-SUBJ-005-SESS-1,23,RECALL,synthetic,1.1991,1.0721,1.2484,1.2927,0.3054,0.6464,0.877,1.3021,0.8379,0.3827,1.6511,1.1517,1.3107,1.0639,0.0,0.8097,0.7702,1.3028,0.6769,0.3374,0.9426,False
SYN-SUBJ-005,SYN-SUBJ-005-SESS-1,24,NEITHER,synthetic,0.7562,0.9284,0.6846,0.8959,0.7787,0.5702,0.4575,0.2232,1.1675,0.714,0.8965,0.9105,0.9849,1.0645,0.3727,1.0342,1.5326,0.5988,1.3068,0.8618,0.0592,False
SYN-SUBJ-005,SYN-SUBJ-005-SESS-1,25,ENCODING,synthetic,0.7073,1.5249,0.9406,1.0377,0.4074,0.6037,1.7106,1.0751,1.1349,0.3407,0.7765,1.4095,1.0385,0.9171,0.3805,0.8797,1.675,0.9471,1.4672,0.5929,0.6959,False
SYN-SUBJ-005,SYN-SUBJ-005-SESS-1,26,ENCODING,synthetic,1.092,1.7053,0.5432,1.3553,0.3695,0.7988,1.3942,1.0263,1.2477,0.1575,0.6487,1.5033,1.1019,0.7413,0.3936,0.9203,1.5943,0.9003,0.8359,0.0806,0.9349,False
SYN-SUBJ-005,SYN-SUBJ-005-SESS-1,27,RECALL,synthetic,0.5754,1.3337,1.6644,1.0847,0.4735,0.9795,1.0558,1.43,0.6974,0.2587,1.1916,0.6544,1.3951,0.6275,0.1621,1.1459,1.003,1.2957,0.9069,0.1011,0.1193,False
SYN-SUBJ-005,SYN-SUBJ-005-SESS-1,28,ENCODING,synthetic,1.1339,1.1643,0.9489,0.8248,0.2959,1.0056,1.099,0.7238,0.9452,0.5289,0.6149,1.5331,0.6949,1.1456,0.0835,1.2613,1.8051,0.4509,0.5034,0.5114,0.8909,False
SYN-SUBJ-005,SYN-SUBJ-005-SESS-1,29,RECALL,synthetic,0.7954,0.9977,1.0006,0.7157,0.3516,0.976,0.5298,1.1966,0.9525,0.2019,1.5403,1.0548,1.2804,1.0129,0.2605,1.311,0.8426,1.0918,0.7908,0.5851,0.6045,False
SYN-SUBJ-005,SYN-SUBJ-005-SESS-1,30,ENCODING,synthetic,1.0132,1.6192,1.2513,1.2958,0.5635,1.0495,1.6141,1.0479,0.7935,0.4809,1.0176,1.3069,0.6911,0.5905,0.3939,1.0512,1.2991,0.4691,0.5007,0.0,0.5338,False
SYN-SUBJ-005,SYN-SUBJ-005-SESS-1,31,RECALL,synthetic,0.5923,0.6962,1.6936,1.1105,0.1102,1.1047,0.8212,0.8704,0.8204,0.0533,0.688,0.8034,1.4675,1.2235,0.5857,0.4172,0.7894,0.7795,0.8537,0.6811,0.958,False
SYN-SUBJ-005,SYN-SUBJ-005-SESS-1,32,RECALL,synthetic,0.7877,1.0465,1.4259,1.5189,0.4719,0.8879,0.8715,1.3154,0.8442,0.179,0.7645,0.6523,2.0978,1.0312,0.3553,1.4048,0.9528,1.1639,0.7703,0.0603,0.4994,False
SYN-SUBJ-005,SYN-SUBJ-005-SESS-1,33,RECALL,synthetic,0.8146,0.5208,1.8079,0.8845,0.9298,0.7127,0.8234,1.552,1.1708,0.3537,0.2021,0.6065,1.3764,1.1538,0.3494,0.4798,0.5737,1.7143,0.4156,0.6374,0.1265,False
SYN-SUBJ-005,SYN-SUBJ-005-SESS-1,34,ENCODING,synthetic,0.6969,1.7345,1.182,0.731,0.9328,0.6429,1.6942,0.8023,1.1036,0.5282,0.9307,1.1729,0.6459,1.4402,0.1852,0.7935,1.5971,0.7773,1.0207,0.2614,0.4532,False
SYN-SUBJ-005,SYN-SUBJ-005-SESS-1,35,RECALL,synthetic,0.6404,1.2019,1.6046,0.8931,0.0,1.2938,0.7138,2.2579,1.256,0.3046,0.7454,0.8142,1.8838,0.5509,0.4947,0.7154,0.8212,1.605,0.892,0.3256,0.5666,False
SYN-SUBJ-005,SYN-SUBJ-005-SESS-1,36,ENCODING,synthetic,0.7955,1.5394,1.3607,0.6117,0.7624,0.9762,1.4736,0.6183,0.6785,0.3636,1.1974,2.0113,1.2639,1.1023,0.0,1.0919,1.3037,0.832,1.0255,0.8534,0.6579,False
SYN-SUBJ-005,SYN-SUBJ-005-SESS-1,37,NEITHER,synthetic,0.4128,1.131,0.9657,0.7234,0.6109,0.6078,0.8745,0.8376,0.55,0.415,1.0954,1.2181,0.9315,0.8569,0.0,0.8278,1.2369,0.5818,0.9552,0.6759,0.453,False
SYN-SUBJ-005,SYN-SUBJ-005-SESS-1,38,NEITHER,synthetic,0.8028,0.6762,0.9157,0.9281,0.3927,0.9967,1.1747,0.4057,0.7471,0.2381,1.0634,1.1288,0.8544,0.8959,0.6129,0.822,0.1945,0.8224,1.4571,0.5362,0.4838,False
SYN-SUBJ-005,SYN-SUBJ-005-SESS-1,39,NEITHER,synthetic,1.0579,1.0636,0.7523,1.2424,0.5277,0.8662,1.1174,0.9438,1.2847,0.3313,1.3085,1.3006,0.9339,0.6029,0.3346,0.8322,1.4549,0.8862,0.9616,0.5662,0.6224,False
SYN-SUBJ-005,SYN-SUBJ-005-SESS-1,40,RECALL,synthetic,0.6614,0.8805,1.4572,0.8764,0.2079,0.6502,0.7132,1.1974,0.9119,0.5394,0.6666,1.1553,1.6399,0.4704,0.1844,0.4087,0.9939,1.5235,0.7484,0.0,0.2268,False
SYN-SUBJ-005,SYN-SUBJ-005-SESS-1,41,NEITHER,synthetic,0.5699,0.8611,1.1464,0.9108,0.0295,0.972,1.2805,0.6181,0.9443,0.2336,0.9473,1.1696,0.2409,0.8782,0.3011,0.9296,1.5599,1.1156,1.0632,0.4542,0.6071,False
SYN-SUBJ-005,SYN-SUBJ-005-SESS-1,42,ENCODING,synthetic,1.0734,1.068,0.9304,0.9754,0.5372,0.9202,1.3227,1.0504,1.1713,0.0241,0.4099,1.334,0.6095,0.794,0.7888,0.816,1.7925,0.8428,1.0045,0.0693,0.923,False
SYN-SUBJ-005,SYN-SUBJ-005-SESS-1,43,RECALL,synthetic,0.8955,1.1621,1.4918,1.166,0.3976,1.0483,1.5486,1.3266,1.6152,0.3292,1.0021,1.024,1.3978,0.8639,0.6774,1.1202,0.9053,1.5532,0.5626,0.2712,0.7406,False
SYN-SUBJ-005,SYN-SUBJ-005-SESS-1,44,ENCODING,synthetic,0.7152,1.1815,1.0089,0.788,0.6548,0.8428,1.1766,1.2325,0.3272,0.0,0.9972,1.8631,1.0595,0.7995,0.7614,0.6425,1.065,0.9682,1.2386,0.5556,0.5316,False
SYN-SUBJ-005,SYN-SUBJ-005-SESS-1,45,RECALL,synthetic,0.9623,0.7152,1.4219,0.8839,0.3208,0.7512,0.7099,1.3316,1.14,0.6315,1.2205,1.3294,1.7973,1.0968,0.5767,1.2359,0.7035,1.3975,0.6465,0.601,0.7201,False
SYN-SUBJ-005,SYN-SUBJ-005-SESS-1,46,NEITHER,synthetic,1.282,1.0654,0.9279,0.8353,0.2736,1.2034,1.0877,0.3492,0.7799,0.2067,0.5496,1.0829,1.1993,1.05,0.6081,0.7964,0.8672,0.9288,1.0087,0.3642,0.7209,False
SYN-SUBJ-005,SYN-SUBJ-005-SESS-1,47,NEITHER,synthetic,0.6785,0.7607,0.4569,0.9182,0.8278,1.0752,0.9267,0.8644,1.2432,1.0057,0.8607,0.8256,1.1049,0.6915,0.6504,1.1862,0.9662,0.9875,0.9645,0.587,0.7165,False
SYN-SUBJ-005,SYN-SUBJ-005-SESS-1,48,NEITHER,synthetic,0.5551,0.8367,0.6403,1.0887,0.2363,0.8834,1.0566,1.1586,0.8072,0.419,0.5648,0.6524,1.1543,1.1764,0.3815,0.8553,1.2816,0.8108,1.21,0.339,0.4752,False
SYN-SUBJ-005,SYN-SUBJ-005-SESS-1,49,NEITHER,synthetic,0.9373,1.2637,1.0008,1.2495,0.0,0.6666,0.8497,0.751,0.627,0.1969,0.7501,1.0536,1.2028,0.9665,0.3575,0.5842,0.8161,1.0656,0.9989,0.5246,0.5861,False
SYN-SUBJ-005,SYN-SUBJ-005-SESS-1,50,RECALL,synthetic,0.9531,0.6236,0.8394,1.456,0.1542,0.8023,1.1607,1.2736,0.9058,0.3969,0.6267,1.0618,1.2383,1.0398,0.2732,0.6784,0.644,1.5987,0.4363,0.0959,0.8848,False
SYN-SUBJ-005,SYN-SUBJ-005-SESS-1,51,ENCODING,synthetic,1.0671,2.0101,0.2246,1.2485,0.399,1.1325,1.6939,0.9357,0.8389,0.5708,1.0134,1.8252,0.7582,1.0395,0.2649,0.9802,1.4098,0.9312,1.1478,0.1918,0.3581,False
SYN-SUBJ-005,SYN-SUBJ-005-SESS-1,52,NEITHER,synthetic,0.9377,1.076,0.7945,0.5933,0.3783,0.7546,0.8217,1.0289,1.0456,0.6277,0.9658,1.1119,1.397,0.8701,0.0,0.543,0.6764,0.6884,0.7042,0.3126,0.3935,False
SYN-SUBJ-005,SYN-SUBJ-005-SESS-1,53,RECALL,synthetic,0.7157,0.9928,1.3145,1.0791,0.8695,0.5789,0.9024,1.1945,0.9042,0.506,1.1828,0.7008,0.9544,1.2587,0.0545,0.6867,0.9272,1.7993,1.0345,0.2522,0.4509,False
SYN-SUBJ-005,SYN-SUBJ-005-SESS-1,54,ENCODING,synthetic,0.8771,1.7636,1.3281,0.9542,0.6098,0.5772,1.5933,1.0657,0.6634,0.2457,1.186,1.7978,0.8797,0.7356,0.0,0.6978,1.1855,0.505,0.403,0.1197,0.0998,False
SYN-SUBJ-005,SYN-SUBJ-005-SESS-1,55,ENCODING,synthetic,4.3655,3.358,3.561,2.4018,2.9565,3.3649,3.6359,3.2705,2.2978,2.2662,3.6854,3.8235,4.0639,3.7639,3.8131,3.1743,4.9242,3.6557,4.0454,3.0079,3.1661,True
SYN-SUBJ-005,SYN-SUBJ-005-SESS-1,56,NEITHER,synthetic,0.7846,0.6552,1.5015,0.9174,0.5084,0.8903,0.7517,0.8304,1.2638,0.5725,0.7556,0.8562,0.8247,0.6719,0.4261,1.0041,1.1986,0.7823,1.0703,0.459,0.8902,False
SYN-SUBJ-005,SYN-SUBJ-005-SESS-1,57,ENCODING,synthetic,1.1132,1.8203,1.2337,1.2807,0.5025,1.1688,1.6129,1.1419,0.8817,0.3684,0.9396,1.7807,0.6486,0.7669,0.2516,0.4879,1.1398,1.1903,0.9402,0.3525,0.7915,False
SYN-SUBJ-005,SYN-SUBJ-005-SESS-1,58,NEITHER,synthetic,0.8727,0.7758,1.0653,0.7203,0.3391,0.869,1.1836,0.6698,0.5038,0.0,0.7188,0.9865,0.7509,0.9431,0.5747,0.9486,0.8481,1.0406,0.4777,0.3079,0.3666,False
SYN-SUBJ-005,SYN-SUBJ-005-SESS-1,59,ENCODING,synthetic,1.045,1.1941,0.8616,1.1531,0.5836,1.2876,1.4558,0.4935,0.9179,0.2424,1.4434,2.1036,0.7786,0.7808,0.4967,1.0102,0.8805,1.3575,1.0189,0.9094,0.2297,False
SYN-SUBJ-006,SYN-SUBJ-006-SESS-0,0,RECALL,synthetic,1.2096,1.0091,1.3945,1.3771,0.2669,0.7173,1.3664,1.2782,1.1228,0.5775,0.6835,0.7586,1.8971,1.0242,0.9372,1.1874,1.3396,1.5466,1.1197,0.973,0.7347,False
SYN-SUBJ-006,SYN-SUBJ-006-SESS-0,1,NEITHER,synthetic,0.7091,1.0836,0.8819,1.2173,0.5579,1.4075,0.8032,1.3202,1.112,0.0219,1.1781,1.1614,0.5885,1.1849,0.0219,1.2955,1.0502,1.0995,1.1495,0.5825,0.8811,False
SYN-SUBJ-006,SYN-SUBJ-006-SESS-0,2,ENCODING,synthetic,0.8229,1.8087,0.8435,1.2016,0.2013,0.6346,1.5055,1.4778,0.9,0.1704,1.0746,1.1555,1.036,0.7228,0.7015,1.3118,1.1129,1.102,1.2004,0.2519,0.2274,False
SYN-SUBJ-006,SYN-SUBJ-006-SESS-0,3,RECALL,synthetic,1.2559,0.8673,1.2056,0.7516,0.9509,1.1556,1.0789,1.1555,0.7599,0.1933,0.8278,0.7054,1.7999,0.9839,0.7098,0.6122,1.0035,1.7943,0.9279,0.3309,0.7694,False
SYN-SUBJ-006,SYN-SUBJ-006-SESS-0,4,ENCODING,synthetic,0.8255,1.707,1.0835,1.1468,0.5056,0.7322,1.7004,1.0426,1.2516,0.424,0.7818,1.9224,0.8523,0.7673,0.0614,1.2433,1.4585,1.4658,1.1645,0.5045,0.6293,False
SYN-SUBJ-006,SYN-SUBJ-006-SESS-0,5,ENCODING,synthetic,1.0874,1.422,1.288,0.8826,0.392,0.815,1.8887,0.9724,0.4907,0.6115,1.0955,1.8668,1.5063,1.413,0.382,1.0223,1.9411,1.0435,1.0693,0.6106,0.113,False
SYN-SUBJ-006,SYN-SUBJ-006-SESS-0,6,ENCODING,synthetic,0.9106,1.4263,1.4341,0.719,0.3267,1.1179,1.4897,1.1594,1.406,0.3588,0.5914,1.6829,1.2195,0.8574,1.0068,1.1287,1.4374,1.1804,0.7743,0.0629,0.0117,False
SYN-SUBJ-006,SYN-SUBJ-006-SESS-0,7,RECALL,synthetic,2.6074,3.6858,4.0251,4.5082,2.7747,3.96,4.5147,3.2615,5.1044,2.4265,2.8587,4.7583,3.2874,3.4767,4.3484,4.4846,2.9413,5.1558,2.6305,4.3106,5.8427,True
SYN-SUBJ-006,SYN-SUBJ-006-SESS-0,8,RECALL,synthetic,1.1156,1.1486,1.7001,1.0401,0.1338,0.8033,1.1761,1.1334,1.1131,0.667,1.2331,1.2074,1.167,0.703,0.0219,1.2564,1.0864,1.4231,1.1884,0.1629,0.5512,False
SYN-SUBJ-006,SYN-SUBJ-006-SESS-0,9,ENCODING,synthetic,0.9894,1.5928,0.8467,0.5478,0.4055,1.3362,1.7102,1.1282,0.8788,0.578,0.9501,1.5243,0.9003,1.3755,1.0207,1.0683,1.71,1.0203,0.7227,0.6258,0.3725,False
SYN-SUBJ-006,SYN-SUBJ-006-SESS-0,10,ENCODING,synthetic,0.9575,1.3236,0.9384,1.2319,0.5106,1.4459,1.6444,1.1935,1.1633,0.4405,0.9918,1.5442,1.2207,1.3399,0.8761,1.4667,1.6246,1.2737,1.5372,0.775,0.6383,False
SYN-SUBJ-006,SYN-SUBJ-006-SESS-0,11,RECALL,synthetic,0.8734,0.9352,1.7269,1.0013,0.2751,0.5298,1.3713,1.3479,1.1494,0.5121,0.6855,0.9936,1.349,0.9557,0.4197,1.387,1.4684,1.5785,0.8754,0.5381,0.6902,False
SYN-SUBJ-006,SYN-SUBJ-006-SESS-0,12,ENCODING,synthetic,1.0654,1.3867,0.823,1.0566,0.4046,0.9581,1.0364,1.3029,0.8605,0.8458,0.6396,2.0424,1.289,0.581,0.6759,0.7369,1.8123,1.2214,0.9925,0.4808,0.1609,False
SYN-SUBJ-006,SYN-SUBJ-006-SESS-0,13,NEITHER,synthetic,0.917,1.0173,0.972,1.0728,0.7829,0.6769,1.2414,1.0099,0.6308,0.7355,1.1102,1.0706,1.1619,0.8596,0.7899,1.0643,1.1261,0.9883,1.0913,0.5945,0.8863,False
SYN-SUBJ-006,SYN-SUBJ-006-SESS-0,14,ENCODING,synthetic,0.8372,1.8561,1.0247,0.8095,0.0219,1.2117,1.3327,0.8491,0.7497,0.4548,0.9654,1.3118,1.2528,1.1641,0.759,0.8497,1.6949,1.0908,1.4987,0.6919,0.8721,False
SYN-SUBJ-006,SYN-SUBJ-006-SESS-0,15,NEITHER,synthetic,1.0143,0.7816,0.5634,1.1531,0.9617,0.6754,1.2494,0.6672,1.0093,0.9997,0.5913,1.3776,0.8056,1.0395,0.3668,0.8407,1.0747,0.4086,0.8134,1.0436,0.1899,False
SYN-SUBJ-006,SYN-SUBJ-006-SESS-0,16,NEITHER,synthetic,1.4461,1.3183,1.4691,0.9922,0.3812,0.7958,0.5914,1.0008,0.8452,0.7444,0.8553,0.6238,0.7323,0.8036,0.4826,1.3994,0.8666,0.9435,0.779,0.7529,0.095,False
SYN-SUBJ-006,SYN-SUBJ-006-SESS-0,17,ENCODING,synthetic,0.8442,1.4564,0.8475,0.9975,0.5081,1.272,1.4374,1.316,1.2369,0.4778,1.4484,1.4188,0.8284,0.7806,0.6095,0.7352,1.6943,1.5301,1.4459,0.0942,0.6433,False
SYN-SUBJ-006,SYN-SUBJ-006-SESS-0,18,NEITHER,synthetic,1.2605,0.8496,1.2592,1.0174,0.4763,0.9364,0.6254,0.9489,0.7899,0.3671,0.584,0.6068,0.9322,0.8434,0.3711,1.0872,0.9021,0.8186,1.0905,0.1994,0.9524,False
SYN-SUBJ-006,SYN-SUBJ-006-SESS-0,19,RECALL,synthetic,1.0072,0.7235,1.2983,0.9986,0.4976,0.8244,1.0939,1.8472,1.398,0.7174,1.0497,0.6017,1.5879,0.7377,0.6973,1.112,1.0202,1.2008,1.154,0.202,0.5532,False
SYN-SUBJ-006,SYN-SUBJ-006-SESS-0,20,NEITHER,synthetic,1.0533,0.907,0.7518,0.6675,0.3838,1.1427,0.8569,0.9219,1.6333,0.6408,1.3428,0.8098,1.0165,0.864,0.6208,1.1822,0.7654,0.9055,0.8981,0.489,0.5332,False
SYN-SUBJ-006,SYN-SUBJ-006-SESS-0,21,RECALL,synthetic,0.7136,0.9705,1.4918,1.0131,0.556,0.7305,0.7961,1.2725,0.9987,1.1676,1.0621,1.4068,1.8755,1.2691,0.5713,1.0904,1.0048,1.265,1.208,0.5608,0.5444,False
SYN-SUBJ-006,SYN-SUBJ-006-SESS-0,22,RECALL,synthetic,0.9942,1.0168,1.8248,1.0229,0.5137,1.2558,0.7945,1.6582,1.366,0.7993,1.0952,0.8661,1.2517,1.0494,0.8569,0.555,1.0997,1.5171,0.9036,0.1072,0.2366,False
SYN-SUBJ-006,SYN-SUBJ-006-SESS-0,23,ENCODING,synthetic,1.6109,1.3945,1.1004,1.0307,0.5226,1.2423,1.6873,0.731,1.2614,0.9421,1.3346,1.6637,0.7912,1.181,1.0485,1.2574,1.5459,1.1813,1.1333,0.0936,0.9787,False
SYN-SUBJ-006,SYN-SUBJ-006-SESS-0,24,NEITHER,synthetic,0.8355,1.2873,1.0061,0.7541,0.3969,0.6256,1.0723,1.1464,1.0372,0.2672,1.067,0.9803,0.9698,1.3376,0.7933,0.5512,1.2516,1.1517,1.1483,0.7073,0.9689,False
SYN-SUBJ-006,SYN-SUBJ-006-SESS-0,25,ENCODING,synthetic,0.9183,1.8532,0.9272,0.9871,0.7484,0.5462,1.8759,0.5693,1.3469,0.8243,1.532,1.3053,1.3274,1.1772,0.6792,0.8338,1.9017,1.1161,0.9243,0.9114,0.1842,False
SYN-SUBJ-006,SYN-SUBJ-006-SESS-0,26,ENCODING,synthetic,0.8458,1.8051,1.031,1.3503,0.372,0.8983,2.0481,1.0103,1.2358,0.6945,0.8977,1.5166,1.4477,0.8985,0.6495,0.8807,1.6808,1.2886,0.6455,0.3105,0.4891,False
SYN-SUBJ-006,SYN-SUBJ-006-SESS-0,27,ENCODING,synthetic,0.9755,1.5277,1.4145,1.0518,0.6696,1.2768,1.1505,1.4073,1.1644,0.2332,1.2476,2.1669,0.8315,1.3835,0.6865,0.4641,1.7199,0.7963,0.7489,0.3796,0.7724,False
SYN-SUBJ-006,SYN-SUBJ-006-SESS-0,28,NEITHER,synthetic,1.0553,0.9817,0.6776,0.6511,0.3866,0.926,1.2216,1.1781,1.359,0.7523,1.443,1.3376,1.4032,1.1215,0.5956,0.7321,1.0176,0.8172,0.8415,1.046,0.5291,False
SYN-SUBJ-006,SYN-SUBJ-006-SESS-0,29,NEITHER,synthetic,3.4809,3.5177,3.851,3.4463,2.0196,4.0962,4.4684,4.0112,3.6987,3.309,3.4507,2.898,3.8769,2.7692,2.3566,4.5116,4.3449,4.8414,5.3316,3.146,4.3723,True
SYN-SUBJ-006,SYN-SUBJ-006-SESS-0,30,ENCODING,synthetic,1.0524,1.4034,0.9404,1.1656,0.7999,1.0897,1.8152,0.8718,0.968,0.4349,0.8233,1.8977,1.2882,0.6256,0.7783,1.0736,1.8385,1.0894,1.4741,0.539,0.5119,False
SYN-SUBJ-006,SYN-SUBJ-006-SESS-0,31,ENCODING,synthetic,0.9437,1.5583,0.8736,0.9771,0.7628,1.2653,1.7713,0.9938,0.4405,0.3115,0.8837,2.2923,0.7173,1.095,0.9743,1.2446,1.8795,1.0113,1.2645,0.5749,0.906,False
SYN-SUBJ-006,SYN-SUBJ-006-SESS-0,32,ENCODING,synthetic,0.8344,1.2283,0.821,0.9766,0.4086,0.7106,1.5579,0.6964,1.0636,0.3429,0.9862,1.9784,0.8572,1.2232,0.8562,0.7734,1.5576,0.4851,0.947,0.6223,0.2769,False
SYN-SUBJ-006,SYN-SUBJ-006-SESS-0,33,NEITHER,synthetic,1.2051,0.8992,1.4203,1.3243,0.3049,0.9685,0.6956,0.7251,1.1436,0.8551,0.6963,1.1937,0.8795,0.9643,0.2977,0.4236,0.9467,0.9974,0.5418,0.6538,0.4411,False
SYN-SUBJ-006,SYN-SUBJ-006-SESS-0,34,NEITHER,synthetic,1.066,0.6654,0.9332,0.8375,0.2207,1.1435,1.0829,0.8634,0.9929,0.1369,0.7097,1.2458,0.8564,1.3946,0.3356,0.4749,0.9207,1.0041,1.2444,0.6817,0.926,False
SYN-SUBJ-006,SYN-SUBJ-006-SESS-0,35,RECALL,synthetic,1.1363,1.2354,1.3052,0.7859,0.7141,1.3707,1.2223,1.411,0.8909,0.1045,1.0146,1.0935,1.4218,1.1853,0.6143,1.3116,0.9965,1.3273,0.9735,0.8054,0.8875,False
SYN-SUBJ-006,SYN-SUBJ-006-SESS-0,36,ENCODING,synthetic,0.8576,1.2087,0.6474,1.4118,0.4375,0.9186,1.5116,1.2434,1.1945,0.7302,1.0852,1.3774,0.9246,0.8709,0.6013,1.1291,1.4051,0.7682,0.7584,0.5112,0.0207,False
SYN-SUBJ-006,SYN-SUBJ-006-SESS-0,37,NEITHER,synthetic,0.7112,1.0192,0.594,0.9416,0.3781,0.9986,0.9774,1.0174,0.8945,0.5403,1.3527,1.6513,1.0632,0.5427,0.4222,1.2352,1.0014,0.89,0.8489,0.8119,0.0423,False
SYN-SUBJ-006,SYN-SUBJ-006-SESS-0,38,ENCODING,synthetic,1.2986,1.4761,1.2948,1.2596,0.6971,1.168,1.7644,1.1471,1.0724,0.5873,1.292,1.1814,1.34,1.4278,0.3391,0.8554,1.5891,1.0284,0.8848,0.3593,0.3487,False
SYN-SUBJ-006,SYN-SUBJ-006-SESS-0,39,NEITHER,synthetic,1.0864,0.8662,0.9506,1.0393,0.8686,0.9225,0.6853,0.3677,0.8338,0.9966,0.9515,0.8055,1.1234,1.2848,0.4466,1.0303,1.3844,1.3189,0.6664,0.5411,0.1859,False
SYN-SUBJ-006,SYN-SUBJ-006-SESS-0,40,RECALL,synthetic,1.3102,1.2045,1.6843,1.0372,1.1477,0.7441,0.7817,1.8116,0.5545,0.3661,1.05,1.1664,1.5477,0.3201,0.0482,0.8712,0.814,1.4173,1.1797,0.5677,0.8072,False
SYN-SUBJ-006,SYN-SUBJ-006-SESS-0,41,RECALL,synthetic,4.3767,2.7272,5.5548,3.5164,2.6785,4.3693,3.444,5.3636,3.2925,2.2075,4.6972,3.7097,4.0846,3.0507,3.4855,3.7215,3.7235,4.9659,3.7174,3.1926,3.4104,True
SYN-SUBJ-006,SYN-SUBJ-006-SESS-0,42,NEITHER,synthetic,0.9874,0.7535,0.7477,1.1763,0.5254,0.5976,1.0068,0.9611,1.3613,0.3318,1.078,0.7512,1.5981,1.3207,0.7751,1.2301,0.6495,0.5083,0.8981,0.7129,0.4535,False
SYN-SUBJ-006,SYN-SUBJ-006-SESS-0,43,ENCODING,synthetic,5.1603,5.8033,3.8989,4.5965,3.4837,3.2911,3.576,2.3804,3.748,3.6323,4.8454,4.1651,4.6042,2.3109,3.9622,2.5279,5.2867,4.8691,5.383,2.4059,3.4258,True
SYN-SUBJ-006,SYN-SUBJ-006-SESS-0,44,ENCODING,synthetic,1.1422,1.705,0.9787,1.3079,0.1143,1.0334,1.7266,1.3766,1.1008,0.3943,1.0631,1.5984,1.2229,1.4108,0.5702,0.6875,1.6329,0.9893,0.912,0.5651,0.9978,False
SYN-SUBJ-006,SYN-SUBJ-006-SESS-0,45,ENCODING,synthetic,1.2158,1.5675,0.9533,0.678,0.5594,1.3103,1.8281,1.2784,1.3502,0.2526,0.9455,1.2741,0.8091,0.6142,0.5873,1.5198,1.5684,0.8708,0.9457,0.5663,0.496,False
SYN-SUBJ-006,SYN-SUBJ-006-SESS-0,46,RECALL,synthetic,1.1124,1.0384,1.5604,1.2122,0.1876,0.9507,0.8855,1.772,1.2029,0.4735,0.9753,0.9176,1.8089,1.2208,0.6649,1.0588,1.0339,1.2605,0.9439,0.4732,0.93,False
SYN-SUBJ-006,SYN-SUBJ-006-SESS-0,47,ENCODING,synthetic,3.2903,5.1939,4.0853,3.7589,3.4819,3.9345,3.9486,3.135,5.0176,3.9819,3.0472,4.9113,4.1966,3.0847,4.152,3.3265,3.1438,2.715,4.621,3.7844,3.4776,True
SYN-SUBJ-006,SYN-SUBJ-006-SESS-0,48,RECALL,synthetic,1.5269,1.1431,1.521,1.2476,0.9158,1.2982,0.959,1.7144,1.0295,0.5246,1.105,1.4844,1.4586,1.0344,0.314,1.1445,0.4967,1.5784,1.1495,0.4955,0.3423,False
SYN-SUBJ-006,SYN-SUBJ-006-SESS-0,49,ENCODING,synthetic,0.9866,1.609,1.1247,1.5529,0.3653,0.9981,1.5821,0.9662,1.4296,0.0685,1.1817,1.8022,0.8594,1.3926,0.5749,0.7141,1.7894,0.9502,1.1852,0.6967,0.6515,False
SYN-SUBJ-006,SYN-SUBJ-006-SESS-0,50,NEITHER,synthetic,1.2094,1.0116,0.9676,1.1537,0.4973,1.4655,0.8716,0.8247,1.2631,0.5743,1.0663,1.2793,1.2236,1.5006,0.9202,0.4721,0.8916,1.4024,1.2665,0.2755,0.7574,False
SYN-SUBJ-006,SYN-SUBJ-006-SESS-0,51,RECALL,synthetic,0.9578,1.1898,1.0299,1.0113,0.8403,1.1617,0.4936,1.2614,0.9994,0.5768,1.2598,1.0544,1.5345,0.8085,0.4874,1.0053,1.3205,1.5779,1.4821,0.4212,0.5646,False
SYN-SUBJ-006,SYN-SUBJ-006-SESS-0,52,NEITHER,synthetic,3.2128,3.6901,2.5221,4.0961,4.5876,3.0953,3.4485,2.9992,3.2072,3.3347,3.5073,2.9825,3.0578,3.4586,2.4353,2.6789,2.904,4.857,2.6023,2.563,3.2285,True
SYN-SUBJ-006,SYN-SUBJ-006-SESS-0,53,ENCODING,synthetic,2.6227,4.8731,4.3083,4.2808,3.5421,4.7455,4.5486,3.6983,2.6306,1.821,3.7051,3.7018,4.0922,4.6838,3.9685,3.9801,4.8018,4.5419,3.3733,1.7643,5.491,True
SYN-SUBJ-006,SYN-SUBJ-006-SESS-0,54,NEITHER,synthetic,0.8926,1.2698,1.0218,1.0741,0.5355,0.6282,0.748,0.8514,0.9145,0.5734,1.2838,1.3311,0.7672,1.0316,0.7933,1.2969,0.8915,1.1166,1.078,0.2361,0.6943,False
SYN-SUBJ-006,SYN-SUBJ-006-SESS-0,55,RECALL,synthetic,0.8027,1.0591,0.8814,0.7786,1.1474,1.0943,1.2018,1.5443,0.9901,0.3777,1.1896,1.0394,1.7793,1.2382,0.5631,1.3423,0.903,1.5211,1.3521,0.3799,0.4319,False
SYN-SUBJ-006,SYN-SUBJ-006-SESS-0,56,ENCODING,synthetic,0.5438,1.8828,1.2004,0.9836,0.8791,1.1581,1.6357,1.0907,0.4773,0.4679,0.8887,1.7368,1.1569,0.4879,0.7076,1.019,1.6334,1.2634,0.9614,0.7474,0.8872,False
SYN-SUBJ-006,SYN-SUBJ-006-SESS-0,57,RECALL,synthetic,1.0703,0.9607,1.6424,1.1,1.0685,0.9154,0.8977,1.2902,1.5906,0.6651,1.8355,1.2295,1.5447,1.0819,0.6158,1.1048,0.4147,1.309,0.9503,0.1589,0.9383,False
SYN-SUBJ-006,SYN-SUBJ-006-SESS-0,58,NEITHER,synthetic,0.9066,0.8711,0.8581,0.8329,0.4409,1.1898,0.8344,1.0877,0.9626,0.3807,0.9171,0.9986,1.277,1.1452,0.5652,1.0286,1.1608,1.1146,1.078,0.917,0.2005,False
SYN-SUBJ-006,SYN-SUBJ-006-SESS-0,59,ENCODING,synthetic,0.646,1.9724,1.0003,1.1203,0.5672,1.5545,1.7213,1.396,0.8912,0.9285,1.0514,1.4183,1.1096,1.4352,0.4038,0.9396,0.9531,1.0087,1.2667,1.0109,0.6551,False
SYN-SUBJ-006,SYN-SUBJ-006-SESS-1,0,ENCODING,synthetic,1.1673,1.4685,1.1075,0.8583,0.3387,1.1382,1.5969,1.1781,1.1185,0.2566,1.3192,1.8363,0.341,1.2314,0.4737,1.1311,1.4618,0.6483,1.5379,1.3384,0.5348,False
SYN-SUBJ-006,SYN-SUBJ-006-SESS-1,1,ENCODING,synthetic,1.4915,1.6398,0.6063,1.2163,0.7193,1.2612,1.5486,1.3192,0.9973,0.7457,0.7026,1.4452,1.173,0.9419,0.2821,1.0977,1.7299,1.6443,0.9574,0.3267,0.9978,False
SYN-SUBJ-006,SYN-SUBJ-006-SESS-1,2,NEITHER,synthetic,0.8353,1.1446,0.8663,0.8199,0.3235,1.1991,0.6989,0.7072,0.8535,0.4779,1.074,1.1404,1.0031,0.7279,0.5029,0.8113,1.044,1.1336,1.167,0.822,0.3076,False
SYN-SUBJ-006,SYN-SUBJ-006-SESS-1,3,RECALL,synthetic,0.6775,1.3247,1.2328,0.442,0.3428,1.154,1.2057,1.2085,0.6564,0.1917,0.7671,1.1214,1.6868,1.0322,0.4765,0.7124,1.2477,1.6349,0.6814,0.6313,0.6706,False
SYN-SUBJ-006,SYN-SUBJ-006-SESS-1,4,NEITHER,synthetic,1.0893,1.1279,1.3197,0.7482,0.4675,1.3934,1.0278,1.0404,1.1996,0.3271,0.6263,0.5225,1.0205,1.1608,0.1456,0.8236,0.9863,1.1203,0.7277,0.7765,0.8662,False
SYN-SUBJ-006,SYN-SUBJ-006-SESS-1,5,ENCODING,synthetic,1.0108,1.7158,1.0886,1.1271,0.5515,1.1177,1.401,1.1602,1.4144,0.8717,1.2207,1.623,1.0828,1.0009,0.4438,0.5519,1.2266,0.6083,1.2363,0.5308,0.7135,False
SYN-SUBJ-006,SYN-SUBJ-006-SESS-1,6,NEITHER,synthetic,1.1601,0.4668,1.5109,1.0482,0.6077,0.9847,0.9101,0.5788,1.176,0.1266,0.6369,1.1249,1.055,0.9258,1.1042,1.1618,1.5646,0.8988,1.0415,0.8213,0.7475,False
SYN-SUBJ-006,SYN-SUBJ-006-SESS-1,7,NEITHER,synthetic,1.26,1.0457,0.7047,1.4207,0.6394,1.337,0.7428,1.1304,0.9251,0.7552,1.0038,0.8726,0.3485,1.4211,0.4983,1.0045,1.3516,0.8715,1.6968,0.224,0.8673,False
SYN-SUBJ-006,SYN-SUBJ-006-SESS-1,8,ENCODING,synthetic,1.0852,2.1795,1.3151,0.8994,0.7129,1.0856,1.7306,0.8733,1.0478,0.0275,0.9324,1.2344,1.1651,0.5941,0.5988,0.9527,1.5724,1.0397,1.1424,0.2945,0.5525,False
SYN-SUBJ-006,SYN-SUBJ-006-SESS-1,9,NEITHER,synthetic,4.1943,4.8995,4.1922,5.2329,2.4209,2.8903,3.3766,3.6097,4.9495,4.0414,3.872,3.2548,3.0495,2.7564,3.4319,4.4166,2.6773,3.3872,4.1305,4.4513,4.6086,True
SYN-SUBJ-006,SYN-SUBJ-006-SESS-1,10,RECALL,synthetic,1.066,1.1327,1.3629,0.9967,0.4785,1.1408,0.6625,1.3557,1.232,0.4528,0.8472,1.3469,1.0728,0.7478,0.834,1.1212,0.9256,1.3439,1.3889,0.8025,0.8235,False
SYN-SUBJ-006,SYN-SUBJ-006-SESS-1,11,RECALL,synthetic,3.2727,2.8035,5.3845,3.2848,3.696,4.3575,2.9722,3.1921,3.8343,2.0563,3.3645,4.751,3.3724,3.1308,2.3222,4.5278,4.3027,4.6003,2.7994,4.2409,4.6506,True
SYN-SUBJ-006,SYN-SUBJ-006-SESS-1,12,RECALL,synthetic,0.8476,0.9165,1.4877,0.8094,0.9334,1.1688,0.8847,1.3281,1.0235,0.812,1.0103,1.1636,1.222,0.4595,0.8107,0.9417,1.1922,1.3073,1.3747,0.6261,0.546,False
SYN-SUBJ-006,SYN-SUBJ-006-SESS-1,13,ENCODING,synthetic,0.9597,1.8088,0.8993,1.1707,0.6278,0.7986,1.8534,0.7936,1.0123,0.5072,1.2644,1.6927,0.9933,0.8619,0.2244,1.2383,1.9666,1.2297,1.0466,0.4101,0.8426,False
SYN-SUBJ-006,SYN-SUBJ-006-SESS-1,14,RECALL,synthetic,1.4282,0.7754,1.6517,1.1704,0.7045,0.967,1.043,1.6565,1.4703,0.2911,1.0752,1.1651,1.128,0.2154,0.6202,1.0266,0.7355,1.492,0.8498,0.3086,0.2283,False
SYN-SUBJ-006,SYN-SUBJ-006-SESS-1,15,ENCODING,synthetic,1.0398,1.7823,0.8869,1.2119,0.6156,1.2451,1.3008,0.9058,0.8052,0.6027,1.1529,1.5968,1.4385,0.9214,0.2887,1.1862,1.8408,0.5762,0.8614,0.7947,0.4286,False
SYN-SUBJ-006,SYN-SUBJ-006-SESS-1,16,ENCODING,synthetic,4.1486,4.1954,2.8095,3.4539,3.692,3.8134,3.4155,3.7051,4.2206,3.2136,3.9082,5.6101,3.867,2.6672,3.9908,3.2528,3.5634,4.9086,4.5004,3.5534,5.8495,True
SYN-SUBJ-006,SYN-SUBJ-006-SESS-1,17,RECALL,synthetic,1.0747,0.4376,1.7143,1.0579,0.3077,0.8519,0.6498,1.4486,1.0674,0.1902,1.0772,0.6385,1.6117,0.9398,0.6439,1.2181,0.7537,1.6427,0.8807,0.5597,0.8451,False
SYN-SUBJ-006,SYN-SUBJ-006-SESS-1,18,RECALL,synthetic,0.8317,0.6322,1.796,0.8586,0.5688,1.1667,1.0788,1.6542,0.973,0.8592,1.2777,1.2638,1.1181,0.8532,0.2858,0.5064,0.6129,1.6393,1.1149,0.5488,0.883,False
SYN-SUBJ-006,SYN-SUBJ-006-SESS-1,19,RECALL,synthetic,3.0485,2.7933,3.8527,5.3519,1.8667,2.5991,4.5387,5.4658,3.6965,5.0942,3.057,2.4816,4.2532,3.7783,4.2548,5.1895,3.5432,3.3001,3.8682,3.5447,3.2304,True
SYN-SUBJ-006,SYN-SUBJ-006-SESS-1,20,RECALL,synthetic,1.0263,1.248,2.0315,0.8947,0.6464,1.3663,1.3184,1.6302,1.1924,0.0219,1.2628,1.0442,1.5088,1.0776,0.8386,0.9993,0.6024,1.4816,1.1008,0.7754,0.6127,False
SYN-SUBJ-006,SYN-SUBJ-006-SESS-1,21,NEITHER,synthetic,0.7867,0.9664,0.8551,0.9187,0.4421,0.7872,0.2884,0.7102,1.0351,0.9751,1.2977,1.2046,1.1889,0.9767,0.5857,1.3397,0.9714,0.905,1.0776,0.2855,0.3951,False
SYN-SUBJ-006,SYN-SUBJ-006-SESS-1,22,RECALL,synthetic,1.1323,0.8775,1.5652,0.8776,0.337,1.102,1.3004,1.2713,0.7762,0.3295,1.2176,1.5169,1.5237,0.5998,0.705,0.7669,1.1648,1.3533,1.2171,0.627,0.5456,False
SYN-SUBJ-006,SYN-SUBJ-006-SESS-1,23,NEITHER,synthetic,0.9114,1.5269,1.405,1.2098,0.2432,1.2385,1.3929,1.3785,0.7766,1.0077,0.8452,1.0266,1.086,1.0034,0.8472,1.1963,1.0604,1.208,0.8844,0.582,0.0066,False
SYN-SUBJ-006,SYN-SUBJ-006-SESS-1,24,ENCODING,synthetic,1.1808,1.7537,1.0812,0.7663,0.7799,0.7821,2.0492,1.3449,1.1483,0.4246,0.275,1.5282,1.4578,0.9952,0.4624,1.2245,1.3618,1.1976,0.6026,0.4269,0.6238,False
SYN-SUBJ-006,SYN-SUBJ-006-SESS-1,25,ENCODING,synthetic,1.4487,1.877,1.4365,0.9045,0.614,0.9949,1.6353,0.7975,0.9682,0.5153,0.7111,1.5436,0.9209,1.2382,0.1379,1.0237,1.513,1.0845,0.9629,0.6002,0.3928,False
SYN-SUBJ-006,SYN-SUBJ-006-SESS-1,26,NEITHER,synthetic,0.6122,1.0787,1.0854,1.4297,1.0318,0.9413,1.0793,0.6995,1.1051,0.5059,1.1125,1.1798,1.0367,1.0526,0.3267,1.1625,1.1147,0.6915,1.1335,0.6182,0.1808,False
SYN-SUBJ-006,SYN-SUBJ-006-SESS-1,27,RECALL,synthetic,2.7769,3.3433,5.4032,3.4407,3.5332,2.5935,2.7486,5.5701,3.3692,1.6837,4.085,4.0786,4.0384,3.1395,3.644,5.0258,3.5557,4.7393,3.0518,2.5137,5.4446,True
SYN-SUBJ-006,SYN-SUBJ-006-SESS-1,28,NEITHER,synthetic,0.9639,0.6889,1.0531,0.8958,0.3739,0.9192,0.9418,0.9546,0.844,0.9728,1.5099,0.8383,1.0199,1.1689,0.2024,0.8465,0.6756,0.9052,0.9922,0.7648,0.0074,False
SYN-SUBJ-006,SYN-SUBJ-006-SESS-1,29,NEITHER,synthetic,1.5408,1.3033,1.0969,0.7805,0.7423,1.5224,0.8989,1.0377,0.6889,0.786,0.9989,1.4411,1.3079,1.1628,0.4689,0.7157,1.0858,0.9559,1.28,0.8052,0.6365,False
SYN-SUBJ-006,SYN-SUBJ-006-SESS-1,30,RECALL,synthetic,1.1286,0.5602,1.4326,0.3738,0.349,0.9068,1.264,1.5584,0.8923,0.5333,0.9756,0.7704,1.5094,1.2557,0.7567,1.1267,1.2077,1.6122,1.4475,0.8107,0.0802,False
SYN-SUBJ-006,SYN-SUBJ-006-SESS-1,31,NEITHER,synthetic,0.7327,0.8772,0.9693,1.0443,0.4978,1.1468,1.1204,0.9741,0.6559,0.4221,0.9077,1.1784,0.8802,1.1428,0.749,0.8604,0.9208,1.0388,1.0581,0.6123,0.1625,False
SYN-SUBJ-006,SYN-SUBJ-006-SESS-1,32,RECALL,synthetic,3.8235,2.5727,4.8111,4.1233,2.1969,4.8136,4.7545,4.5124,3.5251,2.8474,2.8816,2.5759,4.5846,4.2621,3.2836,4.6777,2.8888,5.3208,4.2038,3.2987,4.1149,True
SYN-SUBJ-006,SYN-SUBJ-006-SESS-1,33,NEITHER,synthetic,3.5468,3.9338,4.9317,5.3389,3.2296,4.9306,2.847,2.7939,3.1212,4.0641,4.9163,4.6116,2.8672,4.8306,3.586,3.5872,2.9731,3.4296,4.8804,2.383,3.1254,True
SYN-SUBJ-006,SYN-SUBJ-006-SESS-1,34,RECALL,synthetic,1.562,0.8408,1.6748,1.527,0.3613,1.0253,0.7601,1.3659,0.6086,0.397,0.9258,1.4781,1.4487,1.3534,0.2106,0.5345,1.1042,1.7775,1.2078,0.6274,0.8462,False
SYN-SUBJ-006,SYN-SUBJ-006-SESS-1,35,NEITHER,synthetic,1.0351,1.1011,1.2175,1.2339,0.9935,0.9813,1.193,0.8697,1.4236,0.7804,1.1593,1.0664,1.2477,1.1079,0.0844,0.7738,1.0203,1.0106,1.3466,0.6723,0.8741,False
SYN-SUBJ-006,SYN-SUBJ-006-SESS-1,36,NEITHER,synthetic,1.0195,1.0958,1.4965,1.2308,0.7644,1.3907,1.1202,1.162,1.2883,0.5021,0.8262,0.6229,0.4516,1.2493,0.5265,0.7951,1.0207,1.2376,0.8332,0.667,0.3908,False
SYN-SUBJ-006,SYN-SUBJ-006-SESS-1,37,RECALL,synthetic,0.9682,1.0861,1.188,1.0547,0.4666,1.077,0.7426,1.8516,1.1969,0.7973,1.1112,0.8676,1.3163,1.1691,0.6204,0.4779,1.0041,1.509,1.1941,0.9044,0.0824,False
SYN-SUBJ-006,SYN-SUBJ-006-SESS-1,38,RECALL,synthetic,1.1495,1.2483,1.4683,0.5629,0.7909,1.0993,0.9141,1.8218,0.7288,0.0535,1.344,1.3771,1.2683,0.8804,0.6769,0.9176,0.7378,1.6899,0.6433,0.0219,0.1492,False
SYN-SUBJ-006,SYN-SUBJ-006-SESS-1,39,RECALL,synthetic,0.7664,1.2618,1.939,1.3228,0.5429,0.8261,1.3552,1.2412,0.6366,0.3666,1.1587,1.0442,1.7785,1.0699,0.4781,1.167,0.9157,1.5244,1.2189,0.2563,0.2113,False
SYN-SUBJ-006,SYN-SUBJ-006-SESS-1,40,RECALL,synthetic,1.1576,0.8618,1.5852,1.1379,0.2647,1.1615,0.498,1.393,0.9818,0.4971,0.7619,1.2382,1.3379,0.8407,0.4301,1.0612,1.0439,1.2249,0.9996,0.2987,0.5024,False
SYN-SUBJ-006,SYN-SUBJ-006-SESS-1,41,RECALL,synthetic,1.012,1.0496,1.4497,0.8553,0.5529,0.8386,1.1307,1.6712,0.6659,0.3472,0.5496,0.7354,1.5152,0.6893,0.7641,0.7033,1.7591,1.4987,1.0691,0.4205,0.1381,False
SYN-SUBJ-006,SYN-SUBJ-006-SESS-1,42,ENCODING,synthetic,0.8354,1.9588,1.1521,0.6273,0.3627,1.0511,1.3095,0.6955,1.2544,0.7664,1.0681,1.6562,1.1038,1.406,0.7019,0.4572,1.3212,1.0562,0.9957,0.6851,0.5814,False
SYN-SUBJ-006,SYN-SUBJ-006-SESS-1,43,NEITHER,synthetic,1.447,1.7375,1.4158,1.2558,0.0219,0.7013,1.041,0.8293,1.1298,0.6476,0.909,1.1152,0.7589,0.4872,0.668,1.2838,1.0319,1.1882,0.7214,0.6792,0.1577,False
SYN-SUBJ-006,SYN-SUBJ-006-SESS-1,44,ENCODING,synthetic,1.315,1.3019,0.815,0.6803,0.0219,1.3885,1.8453,1.2266,0.9661,0.8603,0.9997,1.824,1.0465,1.0758,0.1828,0.9711,1.6504,0.9069,1.1293,0.1786,0.4392,False
SYN-SUBJ-006,SYN-SUBJ-006-SESS-1,45,ENCODING,synthetic,0.7118,1.9292,1.0146,1.2142,0.4707,0.7442,1.5091,1.081,0.6601,0.5243,1.1054,1.928,1.4254,0.8431,0.1523,0.718,1.688,0.7685,1.1733,0.7437,0.3769,False
SYN-SUBJ-006,SYN-SUBJ-006-SESS-1,46,NEITHER,synthetic,0.9131,1.0436,1.1429,1.2491,0.3165,1.298,0.7034,1.1244,0.9665,0.4102,0.8672,1.1009,0.4642,0.7284,0.071,0.9592,0.9308,1.614,1.0274,0.5409,0.0544,False
SYN-SUBJ-006,SYN-SUBJ-006-SESS-1,47,NEITHER,synthetic,0.9001,0.8426,1.1321,0.948,0.5478,1.3673,1.0902,1.3726,1.0921,0.8518,0.6531,0.7787,1.0938,0.6886,0.4611,0.8891,1.1009,1.1654,0.8693,0.429,0.7523,False
SYN-SUBJ-006,SYN-SUBJ-006-SESS-1,48,ENCODING,synthetic,1.3132,1.762,1.0389,0.6932,0.5061,0.851,1.8954,0.8453,0.804,0.506,1.1195,1.3679,0.9569,0.9198,0.455,0.5928,1.3108,1.1186,0.9029,0.2763,0.0156,False
SYN-SUBJ-006,SYN-SUBJ-006-SESS-1,49,ENCODING,synthetic,1.0651,1.7218,0.8659,1.0842,0.5804,1.0291,1.4669,1.1674,0.9452,0.6814,0.908,1.595,1.2423,0.7301,0.3239,1.099,1.7966,1.3995,1.0179,0.9013,0.0812,False
SYN-SUBJ-006,SYN-SUBJ-006-SESS-1,50,ENCODING,synthetic,0.6426,1.5186,1.3753,0.9066,0.3458,0.8892,1.4196,0.9814,1.0484,1.0036,1.3277,1.8887,0.9477,1.0232,0.6807,1.2955,1.447,0.6411,1.2804,0.4681,0.3767,False
SYN-SUBJ-006,SYN-SUBJ-006-SESS-1,51,RECALL,synthetic,4.6358,2.7886,5.1675,3.3819,3.6998,2.4571,3.9879,5.1538,4.3096,4.5896,3.1093,3.1031,3.6943,3.7112,3.0481,3.4844,5.4087,3.2936,3.4857,4.0264,3.9271,True
SYN-SUBJ-006,SYN-SUBJ-006-SESS-1,52,NEITHER,synthetic,3.552,4.7708,5.0879,4.3157,4.2663,3.1025,5.2055,3.3605,3.4661,4.0406,3.4151,4.1333,4.2102,4.8353,3.2754,4.3215,2.7007,3.5794,5.2397,2.9984,4.6382,True
SYN-SUBJ-006,SYN-SUBJ-006-SESS-1,53,RECALL,synthetic,0.9257,0.8283,1.6074,1.0275,0.827,1.6005,1.2053,1.7095,0.5251,0.5652,0.9185,1.1163,1.8133,1.1794,0.9167,1.6836,1.4112,1.472,1.057,0.6867,0.0497,False
SYN-SUBJ-006,SYN-SUBJ-006-SESS-1,54,NEITHER,synthetic,0.897,1.1493,0.9619,0.7143,0.244,1.4261,1.2039,1.0015,0.6546,0.8265,0.6183,0.9837,0.702,1.0471,0.6447,1.1517,1.4598,0.8782,1.0258,0.3157,0.1324,False
SYN-SUBJ-006,SYN-SUBJ-006-SESS-1,55,NEITHER,synthetic,0.7863,0.8177,1.1106,0.9223,0.3371,1.0039,0.6515,0.9537,0.8235,0.8693,1.0467,0.9858,0.8833,0.8408,0.5006,1.0527,0.9672,1.7431,0.6962,0.0219,0.1023,False
SYN-SUBJ-006,SYN-SUBJ-006-SESS-1,56,RECALL,synthetic,1.2826,0.9279,1.4331,1.5703,0.2955,1.1684,0.7443,1.9755,0.9435,0.2295,0.6245,0.9133,1.5984,1.3051,0.5296,0.7902,1.2863,1.8676,1.0279,0.0282,0.4306,False
SYN-SUBJ-006,SYN-SUBJ-006-SESS-1,57,RECALL,synthetic,1.3394,1.2654,1.8704,1.3307,0.3402,1.0866,0.5396,1.7104,1.0299,0.7915,0.9139,1.1304,1.6245,1.0367,0.6178,1.1482,1.367,1.4197,1.2551,0.8137,0.4959,False
SYN-SUBJ-006,SYN-SUBJ-006-SESS-1,58,NEITHER,synthetic,1.0453,0.3578,1.0372,1.2628,0.621,1.042,0.5989,1.0545,1.0904,0.3616,0.5766,1.0098,0.6911,0.9639,0.1928,0.8588,1.0058,0.8648,1.0626,0.4698,0.8518,False
SYN-SUBJ-006,SYN-SUBJ-006-SESS-1,59,RECALL,synthetic,0.569,0.7223,1.6222,1.2206,0.522,0.7759,1.1353,1.7725,0.9555,0.6453,1.1511,1.586,1.4737,1.3094,0.268,0.8055,1.0625,1.5805,0.6847,0.6019,0.9775,False
SYN-SUBJ-007,SYN-SUBJ-007-SESS-0,0,NEITHER,synthetic,0.8399,0.5635,0.6103,0.8134,0.0197,0.3769,0.7098,0.7382,0.6965,0.4253,0.7816,1.1346,1.1925,0.992,0.0647,0.7812,0.6965,0.766,0.7846,0.1825,0.8952,False
SYN-SUBJ-007,SYN-SUBJ-007-SESS-0,1,RECALL,synthetic,0.7253,0.4535,1.202,0.6288,0.011,0.3057,1.0724,1.3785,0.7147,0.3077,0.9814,0.8074,1.313,0.759,0.095,1.2834,0.943,1.4291,1.2143,0.3428,0.6042,False
SYN-SUBJ-007,SYN-SUBJ-007-SESS-0,2,NEITHER,synthetic,0.9909,1.2004,0.9633,0.8199,0.0,1.0818,0.8381,0.387,1.0849,0.3685,1.064,0.6351,0.3029,1.154,0.028,0.5166,1.0629,0.8298,0.6553,0.258,0.3217,False
SYN-SUBJ-007,SYN-SUBJ-007-SESS-0,3,NEITHER,synthetic,1.2473,1.0839,0.7397,1.0566,0.0,0.4981,0.7545,0.5685,0.6489,0.3768,1.1046,0.6539,0.6023,0.8326,0.8354,0.8647,1.1368,0.545,0.9496,0.0504,0.5056,False
SYN-SUBJ-007,SYN-SUBJ-007-SESS-0,4,NEITHER,synthetic,0.8677,0.7905,1.1358,1.3993,0.2216,0.4637,0.5602,0.5876,0.7289,0.0,0.9473,0.6601,0.813,0.9021,0.0625,0.296,0.8849,0.5677,1.0493,0.4705,0.5535,False
SYN-SUBJ-007,SYN-SUBJ-007-SESS-0,5,NEITHER,synthetic,2.8914,2.8079,2.8212,3.2896,1.8608,2.3992,2.0842,3.321,2.9788,4.0001,3.7061,4.5013,4.6117,1.9396,3.6597,4.1446,3.3724,3.1698,4.9081,1.6896,3.9261,True
SYN-SUBJ-007,SYN-SUBJ-007-SESS-0,6,ENCODING,synthetic,0.8077,1.1516,0.9757,0.7972,0.7082,0.8295,1.6707,0.9321,1.0347,0.319,1.0041,0.891,1.3383,0.8143,0.2157,0.7857,1.4674,0.7584,0.8153,0.5443,0.2387,False
SYN-SUBJ-007,SYN-SUBJ-007-SESS-0,7,ENCODING,synthetic,1.0056,1.6173,0.5659,0.5145,0.0,0.9998,1.157,0.5604,0.9682,0.306,0.9147,1.4281,1.0245,1.1833,0.2989,0.8543,1.3582,0.8348,0.7827,0.4403,0.2,False
SYN-SUBJ-007,SYN-SUBJ-007-SESS-0,8,RECALL,synthetic,0.4433,0.6332,0.9638,1.1608,0.0,0.5837,0.8656,1.28,0.5734,0.0781,1.2745,0.9271,0.7506,0.921,0.8462,0.6051,0.6922,1.13,0.7425,0.6429,0.9518,False
SYN-SUBJ-007,SYN-SUBJ-007-SESS-0,9,ENCODING,synthetic,0.7826,0.7531,0.7537,0.9949,0.1504,1.0577,1.4262,0.8259,0.425,0.1451,0.603,1.2638,0.6924,0.9332,0.6589,0.4776,1.4131,0.5428,0.3767,0.5733,0.5971,False
SYN-SUBJ-007,SYN-SUBJ-007-SESS-0,10,NEITHER,synthetic,1.0413,1.0362,1.1609,0.9192,0.1608,0.9193,0.8379,0.6863,0.6739,0.3601,0.734,0.7779,1.0664,0.812,0.0264,0.4691,1.0022,0.6464,0.9527,0.4653,0.9943,False
SYN-SUBJ-007,SYN-SUBJ-007-SESS-0,11,RECALL,synthetic,1.0327,0.8352,1.3014,0.8162,0.0,0.9302,0.7221,1.2126,0.683,0.2961,0.5896,0.901,1.211,0.8269,0.4265,0.9332,0.9611,1.3792,0.6693,0.5337,0.2653,False
SYN-SUBJ-007,SYN-SUBJ-007-SESS-0,12,NEITHER,synthetic,0.7571,1.2059,0.8791,1.1617,0.0427,1.3292,1.0819,0.6308,0.6769,0.5457,0.4282,0.6143,0.8249,0.2145,0.0937,0.5603,0.4158,0.9585,0.6702,0.6723,0.5807,False
SYN-SUBJ-007,SYN-SUBJ-007-SESS-0,13,RECALL,synthetic,1.0325,0.5843,1.369,1.0014,0.1411,0.6719,0.6612,1.0504,0.7658,0.2855,0.7633,0.7208,1.3673,0.9655,0.287,0.5089,0.3943,1.3598,0.6134,0.2451,0.006,False
SYN-SUBJ-007,SYN-SUBJ-007-SESS-0,14,NEITHER,synthetic,3.2161,3.5685,2.7534,4.537,3.4457,2.6559,3.1964,2.7564,2.77,2.1539,4.3482,3.5113,3.1706,3.1113,3.8707,2.6827,2.4241,2.5862,2.5083,3.4677,2.5005,True
SYN-SUBJ-007,SYN-SUBJ-007-SESS-0,15,RECALL,synthetic,0.8558,1.2371,1.0868,0.7728,0.3431,0.9981,0.6113,1.0066,0.2759,0.2111,1.167,0.8154,1.1863,0.9859,0.7093,1.0365,0.7461,1.173,0.3687,0.6504,0.4426,False
SYN-SUBJ-007,SYN-SUBJ-007-SESS-0,16,RECALL,synthetic,0.7207,0.7339,1.1263,0.7382,0.6843,0.8671,0.6338,1.421,0.8038,0.6679,0.9631,1.18,1.6952,0.7761,0.3707,0.9003,0.5277,1.3817,0.8224,0.3889,0.8867,False
SYN-SUBJ-007,SYN-SUBJ-007-SESS-0,17,NEITHER,synthetic,1.0404,0.8471,1.1586,0.6185,0.7373,0.8736,1.1136,0.801,1.0248,0.3728,1.131,0.8684,0.9374,1.0528,0.1762,1.1264,1.1955,1.0308,0.5127,0.0,0.2975,False
SYN-SUBJ-007,SYN-SUBJ-007-SESS-0,18,ENCODING,synthetic,0.7457,1.3952,0.6345,0.5801,0.341,0.5597,1.5309,1.0323,1.0044,0.541,1.3644,1.4027,0.8142,0.7576,0.6732,0.8914,1.5021,1.0716,1.1464,0.2543,0.7939,False
SYN-SUBJ-007,SYN-SUBJ-007-SESS-0,19,RECALL,synthetic,0.9642,0.2147,1.2671,0.592,0.0881,0.8641,0.4633,1.3238,1.2451,0.6416,1.1786,0.7477,1.0342,0.6703,0.0152,0.6535,0.6448,2.1396,0.8415,0.107,0.9139,False
SYN-SUBJ-007,SYN-SUBJ-007-SESS-0,20,NEITHER,synthetic,0.4995,0.609,0.7079,0.9931,0.5198,0.5436,0.8472,0.632,0.9866,0.0,0.6331,0.8619,0.914,0.9247,0.0,0.5094,0.8867,0.8626,0.729,0.0,0.9346,False
SYN-SUBJ-007,SYN-SUBJ-007-SESS-0,21,NEITHER,synthetic,1.242,1.021,1.0682,1.0049,0.0836,0.7071,0.7938,0.8166,1.1345,0.4628,0.4366,0.9435,0.9245,0.7214,0.6822,0.5464,1.1777,0.7262,0.6961,0.5706,0.1726,False
SYN-SUBJ-007,SYN-SUBJ-007-SESS-0,22,NEITHER,synthetic,0.5715,0.9607,0.5033,0.7867,0.5415,0.4407,0.2542,0.7038,0.9828,0.4919,0.5687,0.5111,1.136,0.924,0.4979,0.7585,0.7333,0.8456,0.5545,0.0,0.1999,False
SYN-SUBJ-007,SYN-SUBJ-007-SESS-0,23,NEITHER,synthetic,0.6357,0.5966,0.1112,0.9353,0.0,0.402,1.0383,0.7451,0.7983,0.0726,0.5502,0.9118,0.7417,1.2227,0.0,1.1324,0.1511,0.6222,1.1,0.0,0.4448,False
SYN-SUBJ-007,SYN-SUBJ-007-SESS-0,24,ENCODING,synthetic,1.1439,1.7199,1.2735,0.9816,0.0804,0.9164,1.4709,0.8784,0.5571,0.7765,0.7523,1.0167,0.6263,0.906,0.0,0.7967,1.6025,0.7219,0.7964,0.0585,0.4935,False
SYN-SUBJ-007,SYN-SUBJ-007-SESS-0,25,ENCODING,synthetic,0.9265,1.6428,0.7895,0.823,0.0885,0.972,0.9429,0.7341,0.9704,0.0,0.772,1.4772,1.0153,0.9004,0.29,0.9126,1.4813,0.9657,0.7635,0.3833,0.5123,False
SYN-SUBJ-007,SYN-SUBJ-007-SESS-0,26,NEITHER,synthetic,0.7542,0.9275,0.891,0.6571,0.0,0.6932,0.8403,0.7935,0.87,0.0,1.0096,0.3402,0.76,0.5217,0.5414,0.7277,1.1286,0.8926,0.8666,0.1105,0.9163,False
SYN-SUBJ-007,SYN-SUBJ-007-SESS-0,27,NEITHER,synthetic,0.8646,0.8224,0.6536,0.4138,0.0,0.6912,0.9131,1.4983,0.8279,0.0951,0.9736,0.8774,0.5023,0.6375,0.2095,0.8317,0.5311,0.5836,1.1728,0.0,0.8953,False
SYN-SUBJ-007,SYN-SUBJ-007-SESS-0,28,RECALL,synthetic,0.686,1.5453,1.1808,0.7531,0.0713,1.0546,0.5863,1.259,1.0338,0.151,0.5336,1.1345,1.2973,0.503,0.9664,0.7426,1.0135,1.3136,0.4001,0.0,0.573,False
SYN-SUBJ-007,SYN-SUBJ-007-SESS-0,29,NEITHER,synthetic,3.9538,2.8082,2.57,3.6139,3.7698,2.7644,4.5838,3.9032,3.0129,3.6739,3.2364,2.4141,4.2959,3.7069,3.0463,4.6267,3.7401,3.4982,3.5413,2.7356,2.5129,True
SYN-SUBJ-007,SYN-SUBJ-007-SESS-0,30,NEITHER,synthetic,1.0291,1.0416,0.8633,0.4992,0.055,0.976,0.9034,0.7488,0.6297,0.384,0.8097,0.6431,0.8428,0.7544,0.0444,0.4811,0.5445,1.0381,0.7422,0.5664,0.8386,False
SYN-SUBJ-007,SYN-SUBJ-007-SESS-0,31,RECALL,synthetic,0.9156,1.265,0.9304,0.9289,0.1759,0.8995,0.4856,1.0973,0.5571,0.0,0.3049,1.305,0.774,0.6961,0.3194,0.514,0.585,1.2932,0.9422,0.4892,0.3618,False
SYN-SUBJ-007,SYN-SUBJ-007-SESS-0,32,RECALL,synthetic,0.5233,0.9557,1.5935,0.2947,0.4588,0.7138,0.6588,1.3286,0.7225,0.1905,0.3663,0.368,1.4353,0.8182,0.4281,1.0425,0.834,1.2186,0.6788,0.0,0.9785,False
SYN-SUBJ-007,SYN-SUBJ-007-SESS-0,33,RECALL,synthetic,1.0702,0.5105,1.1046,0.5981,0.1433,0.5153,1.0592,0.6232,0.4536,0.1043,1.1936,0.9839,1.1034,0.8977,0.3837,1.0855,1.3061,1.258,0.4579,0.1972,0.0398,False
SYN-SUBJ-007,SYN-SUBJ-007-SESS-0,34,RECALL,synthetic,0.7039,0.8155,1.1036,0.6843,0.0387,0.6022,0.6973,1.5765,0.4877,0.0453,0.5971,0.9557,1.0118,0.7025,0.037,0.7096,0.8089,1.3457,0.8198,0.3323,0.479,False
SYN-SUBJ-007,SYN-SUBJ-007-SESS-0,35,ENCODING,synthetic,0.4796,1.1841,1.042,1.3245,0.3709,0.4632,1.2419,0.6278,1.2305,0.5642,0.6553,1.352,0.3915,0.6136,0.0493,0.7584,1.1572,0.4425,0.6603,0.285,0.8084,False
SYN-SUBJ-007,SYN-SUBJ-007-SESS-0,36,NEITHER,synthetic,1.0472,0.8052,0.6886,0.3188,0.0,0.5059,1.1117,0.8908,0.877,0.7207,0.6761,0.7197,0.2943,0.6202,0.3826,1.3295,0.2194,0.7529,0.5979,0.3765,0.9021,False
SYN-SUBJ-007,SYN-SUBJ-007-SESS-0,37,ENCODING,synthetic,0.6885,1.633,0.6534,1.058,0.035,0.9499,1.3712,0.6169,1.0183,0.2577,0.7791,1.356,0.6112,0.8092,0.4169,0.8852,1.5765,0.291,0.8381,0.5104,0.3403,False
SYN-SUBJ-007,SYN-SUBJ-007-SESS-0,38,ENCODING,synthetic,0.8238,1.1265,0.9886,0.6619,0.1052,0.5546,1.1172,0.541,0.7735,0.0,0.7447,1.1974,1.024,0.8604,0.123,0.7842,1.6066,0.756,0.6907,0.5621,0.0514,False
SYN-SUBJ-007,SYN-SUBJ-007-SESS-0,39,NEITHER,synthetic,4.0177,3.2474,5.0112,2.6556,3.9563,3.4487,3.9528,4.5211,2.1689,4.0837,4.3803,4.5324,2.7657,4.9691,3.8955,4.6742,4.5454,4.4407,2.8753,2.0456,3.6175,True
SYN-SUBJ-007,SYN-SUBJ-007-SESS-0,40,ENCODING,synthetic,0.6233,1.3876,1.0362,1.0187,0.0194,0.7971,1.688,0.6251,0.7532,0.1589,0.6851,1.4378,0.5429,0.9926,0.2768,0.4007,1.7014,1.1503,0.6767,0.503,0.7052,False
SYN-SUBJ-007,SYN-SUBJ-007-SESS-0,41,RECALL,synthetic,0.9733,0.7894,1.3434,0.8911,0.5433,0.4707,1.0035,1.3909,0.7723,0.0,0.407,0.5714,1.5711,0.8361,0.3491,0.9942,0.5832,1.4815,0.7895,0.4499,0.1223,False
SYN-SUBJ-007,SYN-SUBJ-007-SESS-0,42,NEITHER,synthetic,0.6672,0.9539,1.0992,0.9677,0.2296,1.3699,0.9055,0.7408,0.8117,0.3015,0.9419,0.8063,0.9459,1.0529,0.5617,0.9736,1.2205,1.0007,0.5888,1.1688,0.2279,False
SYN-SUBJ-007,SYN-SUBJ-007-SESS-0,43,RECALL,synthetic,0.6718,0.5792,1.5941,0.5437,0.2836,1.1153,0.6368,0.8657,0.698,0.6906,1.1093,1.1233,1.4907,0.5546,0.2085,1.1395,0.8031,1.4614,1.2126,0.1105,0.4248,False
SYN-SUBJ-007,SYN-SUBJ-007-SESS-0,44,NEITHER,synthetic,0.8499,0.7689,0.7442,0.4662,0.2512,0.6389,0.6429,0.7366,0.5953,0.4876,0.5969,0.6512,0.5635,0.9294,0.415,0.8585,0.6969,1.0247,0.8032,0.4483,0.9501,False
SYN-SUBJ-007,SYN-SUBJ-007-SESS-0,45,ENCODING,synthetic,0.8703,1.2877,0.4986,0.1657,0.2551,1.1248,1.9136,0.9261,0.8628,0.5533,0.6375,1.4758,0.5871,0.9062,0.2873,0.6833,1.621,0.5341,0.628,0.6081,0.2761,False
SYN-SUBJ-007,SYN-SUBJ-007-SESS-0,46,RECALL,synthetic,0.7,1.1273,1.3983,1.2143,0.1308,1.0174,1.1191,0.8552,0.5979,0.38,0.9589,0.6153,1.5927,0.8964,0.3036,1.2112,0.7266,1.3577,0.4349,0.083,0.7351,False
SYN-SUBJ-007,SYN-SUBJ-007-SESS-0,47,NEITHER,synthetic,0.6222,0.6476,0.6668,0.7213,0.45,1.1407,0.428,1.1572,0.8739,0.0992,0.9617,0.8427,1.0731,0.4493,0.381,0.5909,1.2001,0.724,0.7481,0.3721,0.722,False
SYN-SUBJ-007,SYN-SUBJ-007-SESS-0,48,ENCODING,synthetic,0.8335,1.1992,0.7031,1.1621,0.4725,0.6156,1.5898,1.0327,0.4763,0.221,0.6627,1.7923,0.8831,0.7692,0.4731,0.703,1.3486,0.411,0.5928,0.4984,0.5803,False
SYN-SUBJ-007,SYN-SUBJ-007-SESS-0,49,ENCODING,synthetic,0.9562,1.501,0.8487,0.5228,0.0,0.7583,1.3571,0.8767,0.8165,0.2715,1.0137,1.4134,0.8053,1.0863,0.1915,0.838,1.5267,1.1576,0.893,0.0159,0.0598,False
SYN-SUBJ-007,SYN-SUBJ-007-SESS-0,50,NEITHER,synthetic,0.6088,0.8169,0.6685,1.0996,0.0275,1.3205,0.7937,1.0604,0.6447,0.2608,1.1505,1.0665,0.48,0.822,0.1862,0.7599,0.603,0.6253,0.5349,0.2538,0.1289,False
SYN-SUBJ-007,SYN-SUBJ-007-SESS-0,51,RECALL,synthetic,0.5318,0.9686,1.3668,0.6759,0.0,0.938,0.9767,1.8322,0.751,0.0566,0.7614,1.1842,1.3784,1.0341,0.4498,0.8477,0.9113,1.565,1.2768,0.0,0.6914,False
SYN-SUBJ-007,SYN-SUBJ-007-SESS-0,52,RECALL,synthetic,1.0147,0.8203,1.3679,0.6615,0.2876,0.682,0.808,1.2369,0.7366,0.3311,0.7176,0.9705,1.2708,0.4717,1.0031,0.8795,0.3631,1.5998,0.9065,0.6888,0.1406,False
SYN-SUBJ-007,SYN-SUBJ-007-SESS-0,53,ENCODING,synthetic,0.783,1.4563,0.5808,1.2508,0.1578,0.711,1.5021,1.0098,0.8317,0.3395,1.1916,1.2943,0.817,0.3073,0.4228,0.9059,1.2267,0.7575,0.6488,0.219,0.6417,False
SYN-SUBJ-007,SYN-SUBJ-007-SESS-0,54,RECALL,synthetic,0.308,1.2572,1.3364,0.6535,0.2735,0.6037,0.9215,1.0703,0.767,0.4211,0.6955,1.0717,1.1588,1.2248,0.0897,0.6263,0.9896,1.3001,0.53,0.2741,0.2676,False
SYN-SUBJ-007,SYN-SUBJ-007-SESS-0,55,NEITHER,synthetic,3.1395,3.5998,4.3712,4.132,3.332,3.5168,2.845,4.0548,5.1068,4.4574,3.3227,2.7193,4.1634,3.2588,1.9538,4.9414,3.3738,4.8346,3.797,2.9709,3.5099,True
SYN-SUBJ-007,SYN-SUBJ-007-SESS-0,56,RECALL,synthetic,1.3324,0.6153,0.9808,1.0408,0.1808,0.5972,0.435,1.1488,0.7145,0.0508,0.8325,0.2799,0.8301,0.5518,0.2922,0.6494,0.9555,1.8194,0.8018,0.0463,0.9238,False
SYN-SUBJ-007,SYN-SUBJ-007-SESS-0,57,ENCODING,synthetic,0.7394,1.4817,0.4784,0.4078,0.2103,0.5476,1.5095,1.1247,0.9949,0.2014,0.8797,1.7508,0.605,0.9126,0.2929,0.606,1.1662,0.6729,1.1198,0.5347,0.1471,False
SYN-SUBJ-007,SYN-SUBJ-007-SESS-0,58,NEITHER,synthetic,0.5718,0.5291,0.7995,0.3724,0.3173,0.6966,1.2023,1.0759,0.6584,0.0327,1.2222,1.1114,0.6293,0.7782,0.2349,0.8085,1.2423,0.8596,0.553,0.3338,0.4715,False
SYN-SUBJ-007,SYN-SUBJ-007-SESS-0,59,ENCODING,synthetic,0.8812,0.802,0.7425,1.1349,0.5432,0.2135,1.4344,0.7661,0.9905,0.1441,0.7672,1.5626,0.8804,0.8882,0.1973,1.2207,1.2181,0.679,0.8306,0.0453,0.3233,False
SYN-SUBJ-007,SYN-SUBJ-007-SESS-1,0,RECALL,synthetic,0.7876,0.0221,1.1275,0.6103,0.2265,0.5744,0.3316,1.6063,0.8373,0.406,1.1659,1.2361,1.5074,0.5381,0.3245,0.7717,0.5359,1.4932,0.4246,0.281,0.9935,False
SYN-SUBJ-007,SYN-SUBJ-007-SESS-1,1,ENCODING,synthetic,0.3231,1.6781,0.7306,0.4768,0.5122,0.9295,1.4508,0.7903,0.6629,0.0063,0.8288,1.5671,0.8843,0.8696,0.1767,0.8915,1.4655,0.4766,1.121,0.5772,0.2469,False
SYN-SUBJ-007,SYN-SUBJ-007-SESS-1,2,NEITHER,synthetic,0.4299,0.5784,0.9503,0.8816,0.2664,0.9913,0.428,0.8491,0.9766,0.0,0.8999,1.1593,0.6816,0.77,0.6028,0.885,0.8513,0.6063,0.7097,0.0,0.865,False
SYN-SUBJ-007,SYN-SUBJ-007-SESS-1,3,RECALL,synthetic,1.5711,0.9816,1.3858,0.7347,0.0,1.1923,0.4472,1.108,0.7399,0.2051,1.2737,0.8697,0.9795,0.3239,0.3491,0.7505,0.3309,1.2068,0.5687,0.4231,0.1191,False
SYN-SUBJ-007,SYN-SUBJ-007-SESS-1,4,NEITHER,synthetic,0.7928,0.6971,0.7425,0.7451,0.2608,0.9171,0.8886,0.6561,0.3821,0.289,0.6426,1.0731,1.4342,0.2518,0.3357,0.9545,0.4501,0.968,0.4522,0.1449,0.4857,False
SYN-SUBJ-007,SYN-SUBJ-007-SESS-1,5,NEITHER,synthetic,2.7092,4.1449,2.8263,3.7592,3.5966,3.8804,2.1577,3.0839,2.6139,4.014,2.0679,2.4655,4.6295,3.2701,3.725,4.4435,2.9692,3.1555,3.1573,3.319,3.3359,True
SYN-SUBJ-007,SYN-SUBJ-007-SESS-1,6,ENCODING,synthetic,4.5827,4.3773,4.4746,3.0183,2.4246,2.3161,3.707,3.0224,4.3958,2.4537,4.6174,3.8646,4.0893,4.1414,3.389,2.9917,4.6462,3.6633,3.3131,3.8836,3.7561,True
SYN-SUBJ-007,SYN-SUBJ-007-SESS-1,7,RECALL,synthetic,0.0861,0.7643,0.7185,0.3875,0.4102,0.8167,1.1817,1.2706,0.6462,0.5247,1.3115,0.5857,1.3558,1.0237,0.0,0.7781,0.8892,1.166,0.7253,0.2129,0.1561,False
SYN-SUBJ-007,SYN-SUBJ-007-SESS-1,8,RECALL,synthetic,0.6487,0.5847,1.5364,0.8338,0.3474,0.7967,0.9952,1.3495,1.3573,0.2903,0.9298,0.9081,1.5368,0.7739,0.0,0.2829,0.919,1.1452,0.8638,0.0028,0.778,False
SYN-SUBJ-007,SYN-SUBJ-007-SESS-1,9,ENCODING,synthetic,1.1504,1.4017,0.8925,0.5572,0.0,0.5755,1.8443,0.7608,0.9031,0.3736,0.9731,1.6125,0.9386,1.0512,0.472,0.9437,1.4334,0.651,0.835,0.6083,0.181,False
SYN-SUBJ-007,SYN-SUBJ-007-SESS-1,10,NEITHER,synthetic,0.995,0.8107,0.7266,0.9228,0.6782,1.8126,0.6175,0.6804,0.904,0.2949,0.7469,0.4797,0.3637,0.9268,0.3658,1.3143,0.8934,0.8679,0.8027,0.6647,0.826,False
SYN-SUBJ-007,SYN-SUBJ-007-SESS-1,11,RECALL,synthetic,1.381,0.6713,1.4288,0.7282,0.0857,0.5319,0.8215,1.2797,0.9807,0.2055,0.4191,0.3434,1.1101,1.0181,0.6294,0.7528,0.6133,1.3352,1.0108,0.5181,0.8515,False
SYN-SUBJ-007,SYN-SUBJ-007-SESS-1,12,ENCODING,synthetic,0.9588,1.5175,1.1949,0.3492,0.2987,0.8941,1.1841,1.1599,0.8622,0.0031,1.2735,1.0743,0.7717,1.0747,0.0618,0.9414,1.356,0.4441,0.6466,0.2455,0.6416,False
SYN-SUBJ-007,SYN-SUBJ-007-SESS-1,13,NEITHER,synthetic,0.7529,0.7599,0.8342,1.0202,0.6118,0.7566,0.7802,0.7396,1.0734,0.2859,0.6875,0.7309,0.9018,0.9346,0.0801,0.4538,0.757,0.6078,0.9549,0.2026,0.7205,False
SYN-SUBJ-007,SYN-SUBJ-007-SESS-1,14,NEITHER,synthetic,0.6998,0.9978,0.6921,0.9999,0.0531,0.8047,0.4463,0.6246,1.2125,0.3492,0.9999,1.283,1.0546,0.7951,0.6093,0.723,0.9945,0.8576,1.032,0.1067,0.801,False
SYN-SUBJ-007,SYN-SUBJ-007-SESS-1,15,RECALL,synthetic,3.1949,3.4753,3.7656,4.946,3.0942,2.6361,2.5299,4.6271,2.7138,1.8013,3.2361,4.1088,3.224,2.6725,4.1114,2.8112,3.0232,3.2307,2.7089,2.0477,2.5167,True
SYN-SUBJ-007,SYN-SUBJ-007-SESS-1,16,ENCODING,synthetic,0.6696,1.4307,0.9662,0.9376,0.3049,1.3019,1.2141,0.6627,0.6485,0.5297,0.9818,1.1208,0.9461,0.8219,0.0,0.7969,1.5947,0.8129,0.7335,0.3593,0.9967,False
SYN-SUBJ-007,SYN-SUBJ-007-SESS-1,17,ENCODING,synthetic,1.0681,1.7446,0.7006,0.6089,0.3682,0.955,1.7044,0.9712,0.9147,0.2293,0.7358,1.4441,1.2594,0.8536,0.097,0.641,1.7103,0.5786,0.5754,0.135,0.0992,False
SYN-SUBJ-007,SYN-SUBJ-007-SESS-1,18,RECALL,synthetic,0.4142,0.5172,1.3992,0.8117,0.0,0.9225,0.8499,1.4069,0.6604,0.0,0.9925,0.6496,1.4172,1.2728,0.4208,0.5772,1.2548,1.254,0.8004,0.0,0.1211,False
SYN-SUBJ-007,SYN-SUBJ-007-SESS-1,19,ENCODING,synthetic,0.582,1.3939,0.8816,0.3384,0.437,0.8009,1.0695,0.9778,1.1065,0.3928,0.6866,1.2591,0.5815,0.5969,0.0,0.8213,1.7543,0.7987,0.9274,0.596,0.3416,False
SYN-SUBJ-007,SYN-SUBJ-007-SESS-1,20,ENCODING,synthetic,0.8857,1.6029,0.7133,0.4269,0.2659,0.7076,1.3793,0.5608,0.7798,0.2837,0.0,1.6641,0.8466,0.6657,0.7384,0.7953,1.1425,1.1686,0.8784,0.6974,0.0828,False
SYN-SUBJ-007,SYN-SUBJ-007-SESS-1,21,RECALL,synthetic,0.2482,0.9027,1.1973,0.7727,0.1927,0.9743,0.7459,0.8196,0.3842,0.4447,0.9482,0.9357,1.3012,0.6291,0.0,0.431,1.1203,1.1147,1.0547,0.2511,0.4207,False
SYN-SUBJ-007,SYN-SUBJ-007-SESS-1,22,RECALL,synthetic,0.5887,1.0978,1.0418,0.4555,0.3469,0.8177,0.5115,1.149,0.9507,0.0,0.7109,0.8062,1.0599,0.4137,0.1911,0.6911,0.8037,1.6688,0.5227,0.5162,0.6798,False
SYN-SUBJ-007,SYN-SUBJ-007-SESS-1,23,RECALL,synthetic,3.1668,2.9255,4.1193,3.767,2.0565,4.2914,3.3722,3.8077,3.0981,2.1194,2.3466,4.2085,4.8479,3.7837,1.6653,2.7736,2.8878,3.4944,3.084,3.0775,2.9438,True
SYN-SUBJ-007,SYN-SUBJ-007-SESS-1,24,RECALL,synthetic,0.6057,0.7515,0.977,0.8122,0.3871,0.5162,0.7411,1.3746,1.3232,0.2455,0.9138,0.7275,1.6544,1.0365,0.2632,0.7402,0.6163,1.4452,0.7173,0.0563,0.184,False
SYN-SUBJ-007,SYN-SUBJ-007-SESS-1,25,RECALL,synthetic,1.1562,0.4401,0.9868,1.1261,0.0,0.8545,0.7014,1.5047,1.3268,0.1652,0.321,0.8267,1.1926,0.6021,0.297,0.4493,0.9862,1.2666,0.5997,0.3692,0.4259,False
SYN-SUBJ-007,SYN-SUBJ-007-SESS-1,26,ENCODING,synthetic,0.8604,1.199,0.7088,0.8876,0.1716,1.1223,1.1438,1.3732,0.2091,0.0,0.5796,1.514,1.24,0.5801,0.5266,1.0861,1.6785,0.4769,0.7963,0.0,0.711,False
SYN-SUBJ-007,SYN-SUBJ-007-SESS-1,27,ENCODING,synthetic,0.8196,1.6119,1.0611,0.8308,0.3273,0.6041,1.7539,0.4445,1.0875,0.4388,0.6349,1.872,0.4967,0.346,0.4661,1.1989,1.3167,1.0752,0.3252,0.1413,0.9349,False
SYN-SUBJ-007,SYN-SUBJ-007-SESS-1,28,NEITHER,synthetic,0.7293,0.5989,0.6305,1.0351,0.0,0.5915,0.8751,0.8882,0.4101,0.2461,0.8465,0.8118,0.8367,1.1349,0.4326,0.9492,0.3435,0.6302,1.3634,0.0839,0.7742,False
SYN-SUBJ-007,SYN-SUBJ-007-SESS-1,29,ENCODING,synthetic,0.7768,1.2494,1.0978,0.9058,0.2307,0.5852,1.3436,0.5486,0.4665,0.5314,0.9592,1.4063,0.5391,0.5221,0.5483,0.438,1.488,0.5478,0.8874,0.2966,0.1383,False
SYN-SUBJ-007,SYN-SUBJ-007-SESS-1,30,ENCODING,synthetic,4.5896,4.5589,2.4638,4.8765,2.3763,4.2768,4.6967,3.7194,4.9223,3.4248,3.9123,2.9281,3.1418,4.0189,2.7203,4.4566,4.0356,3.5808,2.1475,2.0665,3.4154,True
SYN-SUBJ-007,SYN-SUBJ-007-SESS-1,31,RECALL,synthetic,1.062,0.9727,1.3114,0.8721,0.0,0.3632,0.9137,1.2947,0.6715,0.511,0.3596,0.8623,0.918,0.7208,0.2713,0.709,0.9197,1.1726,0.499,0.2493,0.6389,False
SYN-SUBJ-007,SYN-SUBJ-007-SESS-1,32,NEITHER,synthetic,0.7144,1.1414,0.8765,0.8275,0.3057,1.0252,0.5704,0.9913,0.948,0.3735,0.6473,1.0602,0.681,0.6287,0.1205,0.5682,0.5691,0.8547,0.8637,0.3167,0.6392,False
SYN-SUBJ-007,SYN-SUBJ-007-SESS-1,33,ENCODING,synthetic,0.5766,1.3717,0.7701,0.9123,0.4418,0.5637,1.3856,0.903,0.8558,0.2636,1.132,1.1093,0.6536,0.5816,0.0,0.5558,1.2912,0.66,0.7141,0.0387,0.1067,False
SYN-SUBJ-007,SYN-SUBJ-007-SESS-1,34,NEITHER,synthetic,0.396,0.9991,0.9152,0.777,0.0382,0.6761,0.9258,0.56,0.447,0.1057,0.8436,0.9531,0.5503,0.9406,0.5064,0.851,1.4447,0.9101,0.558,0.2392,0.2556,False
SYN-SUBJ-007,SYN-SUBJ-007-SESS-1,35,NEITHER,synthetic,0.5713,0.6565,0.6616,0.8467,0.1314,0.968,0.8066,0.9821,0.5555,0.0,0.5907,0.7823,0.5144,1.0316,0.7445,1.0971,0.7248,0.579,1.1582,0.3957,0.5394,False
SYN-SUBJ-007,SYN-SUBJ-007-SESS-1,36,RECALL,synthetic,0.5352,0.9203,1.3098,0.777,0.4129,0.6751,0.9684,1.5393,0.9456,0.8098,0.5166,0.8615,1.0438,1.0168,0.3604,0.6298,0.6491,1.6196,0.9412,0.0,0.1646,False
SYN-SUBJ-007,SYN-SUBJ-007-SESS-1,37,ENCODING,synthetic,0.6489,1.5473,0.9388,0.9085,0.387,0.5294,1.5971,1.311,0.4796,0.2234,0.2811,1.4855,0.9897,0.4956,0.3114,0.6169,1.7131,0.4322,1.2164,0.1572,0.4691,False
SYN-SUBJ-007,SYN-SUBJ-007-SESS-1,38,NEITHER,synthetic,1.1773,1.136,0.6566,0.7929,0.5751,1.0869,0.4696,0.3326,0.9326,0.7066,1.0444,0.8959,0.8786,0.8426,0.4792,0.443,0.7647,0.9553,0.6628,0.0359,0.8884,False
SYN-SUBJ-007,SYN-SUBJ-007-SESS-1,39,ENCODING,synthetic,0.5302,0.986,0.6966,0.5399,0.0,0.8738,1.6149,0.4164,1.2735,0.0,0.6493,1.0969,0.5542,0.8324,0.2273,0.5356,1.4288,0.5426,0.5928,0.3521,0.6073,False
SYN-SUBJ-007,SYN-SUBJ-007-SESS-1,40,NEITHER,synthetic,0.6133,0.7666,0.748,0.9852,0.6869,0.8373,1.1317,1.2735,1.1154,0.0,1.0375,0.7732,0.7556,0.6333,0.1324,0.8367,0.7495,0.6715,0.8785,0.3463,0.2584,False
SYN-SUBJ-007,SYN-SUBJ-007-SESS-1,41,NEITHER,synthetic,0.565,0.8549,0.7137,1.1585,0.0,0.9951,0.5707,1.174,0.7053,0.2402,0.8587,0.7706,0.7718,0.7225,0.0,1.0773,0.8135,0.8213,0.6597,0.2907,0.3486,False
SYN-SUBJ-007,SYN-SUBJ-007-SESS-1,42,NEITHER,synthetic,0.5601,0.3721,1.0786,0.6127,0.6603,0.3707,0.8574,1.0037,0.3991,0.2752,0.4609,1.2064,0.6975,0.7238,0.0387,0.673,0.9541,0.8974,0.8192,0.8256,0.5054,False
SYN-SUBJ-007,SYN-SUBJ-007-SESS-1,43,RECALL,synthetic,0.6389,0.9268,1.5187,0.3957,0.4628,0.8185,1.3658,1.0776,0.6316,0.0,0.5948,0.9246,1.3188,0.6579,0.1181,0.9343,1.0047,1.0338,0.9941,0.6395,0.6698,False
SYN-SUBJ-007,SYN-SUBJ-007-SESS-1,44,RECALL,synthetic,4.2732,3.584,3.165,3.087,2.5828,3.3256,2.6038,3.0692,4.1048,3.442,3.0692,2.6145,5.456,2.9603,2.1864,1.8664,2.4597,2.8779,2.6023,2.6016,2.8989,True
SYN-SUBJ-007,SYN-SUBJ-007-SESS-1,45,ENCODING,synthetic,0.6233,1.8276,0.9451,0.7624,0.0,0.3162,1.0775,1.3222,1.0819,0.4175,1.1876,1.2476,0.7371,0.7371,0.2888,0.7146,1.3802,0.97,0.5475,0.3854,0.2424,False
SYN-SUBJ-007,SYN-SUBJ-007-SESS-1,46,RECALL,synthetic,0.4434,0.7185,0.8391,0.7601,0.3804,0.8988,0.594,1.0666,0.3754,0.8795,0.8087,0.5821,0.9203,0.8928,0.2828,1.0705,1.025,1.2995,0.7744,0.1982,0.8282,False
SYN-SUBJ-007,SYN-SUBJ-007-SESS-1,47,ENCODING,synthetic,2.6408,5.0998,3.3928,5.116,2.2448,2.4306,4.0699,2.3815,4.6301,3.7131,4.0779,3.9554,4.1766,3.5921,1.6072,3.6883,5.276,3.2129,2.8231,1.9534,4.7916,True
SYN-SUBJ-007,SYN-SUBJ-007-SESS-1,48,NEITHER,synthetic,0.9305,0.7237,0.9365,1.0152,0.0181,0.9135,0.7805,0.7591,0.7424,0.1378,0.7285,0.711,0.4297,1.076,0.448,1.07,0.5563,0.5036,0.6478,0.0,0.0007,False
SYN-SUBJ-007,SYN-SUBJ-007-SESS-1,49,RECALL,synthetic,0.8052,1.0125,1.1624,0.7642,0.1395,1.0329,0.5338,1.3524,1.2633,0.2183,0.753,0.8324,1.5854,0.3259,0.0135,1.0952,0.8543,1.3034,1.1476,0.4671,0.9351,False
SYN-SUBJ-007,SYN-SUBJ-007-SESS-1,50,ENCODING,synthetic,1.2628,1.7787,0.5757,0.9804,0.0115,0.6324,1.525,0.7545,1.2746,0.1618,0.9504,1.222,1.0515,0.9639,0.4018,0.8535,1.6961,0.7501,1.2865,0.4184,0.3611,False
SYN-SUBJ-007,SYN-SUBJ-007-SESS-1,51,ENCODING,synthetic,3.6249,4.3726,4.1128,3.4833,2.8602,3.3002,2.9891,2.2183,2.4903,3.2445,3.2556,3.5423,3.9494,3.742,2.4552,2.894,4.1122,2.0497,4.2861,3.1039,3.1845,True
SYN-SUBJ-007,SYN-SUBJ-007-SESS-1,52,ENCODING,synthetic,0.9139,0.8654,0.6414,0.5806,0.2669,1.2452,1.2178,0.8498,1.1774,0.1565,0.7807,1.4485,0.8998,0.5217,0.3159,0.6864,1.2676,0.6373,0.5083,0.5273,0.5976,False
SYN-SUBJ-007,SYN-SUBJ-007-SESS-1,53,RECALL,synthetic,0.9552,0.6894,1.2361,0.4867,0.1233,0.8016,0.6779,1.1424,0.6606,0.4314,0.7617,0.5937,0.9957,0.3532,0.6581,0.7368,0.2942,1.5736,0.4251,0.2612,0.8726,False
SYN-SUBJ-007,SYN-SUBJ-007-SESS-1,54,NEITHER,synthetic,0.6752,1.1876,0.8733,1.3813,0.1041,1.0448,0.6609,0.8578,0.5413,0.4403,0.5658,0.8942,0.7274,1.0003,0.5749,1.2033,0.9005,0.532,0.7704,0.2904,0.5079,False
SYN-SUBJ-007,SYN-SUBJ-007-SESS-1,55,NEITHER,synthetic,1.0745,1.2304,0.4151,1.0395,0.0,0.6576,0.6685,0.6239,1.0728,0.0018,1.1768,0.7864,0.8364,0.7469,0.6907,0.8537,0.6406,1.2153,0.5372,0.5998,0.5959,False
SYN-SUBJ-007,SYN-SUBJ-007-SESS-1,56,NEITHER,synthetic,0.3985,0.8864,1.0703,0.8083,0.1881,1.3427,0.8156,0.3732,0.4416,0.1358,0.27,0.9759,0.656,0.8027,0.5081,0.7561,0.4203,0.3705,0.4648,0.0,0.0048,False
SYN-SUBJ-007,SYN-SUBJ-007-SESS-1,57,NEITHER,synthetic,0.9195,0.8468,0.5773,0.7097,0.065,1.0918,0.6614,0.4643,0.7233,0.5122,0.448,0.2641,0.9364,0.8897,0.3072,0.8845,1.0772,0.6115,0.846,0.0,0.6845,False
SYN-SUBJ-007,SYN-SUBJ-007-SESS-1,58,ENCODING,synthetic,0.4505,1.0696,0.7449,0.8825,0.1974,0.2595,1.5352,0.9133,0.7575,0.3427,0.945,1.3881,0.4678,1.1988,0.3522,0.6645,1.0506,0.9449,1.1703,0.0421,0.3439,False
SYN-SUBJ-007,SYN-SUBJ-007-SESS-1,59,NEITHER,synthetic,2.6588,4.2158,4.5581,3.1111,3.8179,3.6682,2.8713,2.2545,2.8675,2.1992,3.4348,2.1961,2.7728,4.2726,2.7556,3.3415,2.6487,3.0857,3.4566,3.7983,5.1151,True
SYN-SUBJ-008,SYN-SUBJ-008-SESS-0,0,ENCODING,synthetic,0.8157,1.3411,1.1455,0.7128,0.4599,1.0645,1.3439,1.1871,1.2893,0.7476,0.9006,1.6421,1.3464,0.9622,0.5291,1.3235,1.138,0.5081,0.6557,0.2396,0.0593,False
SYN-SUBJ-008,SYN-SUBJ-008-SESS-0,1,RECALL,synthetic,3.4474,2.6154,4.8386,3.8899,2.3771,5.0902,2.4735,4.4282,3.4385,3.0755,4.7905,2.4522,3.6283,3.5255,3.924,4.4094,2.8983,4.9163,3.8941,1.834,5.0142,True
SYN-SUBJ-008,SYN-SUBJ-008-SESS-0,2,RECALL,synthetic,1.0792,1.0047,1.1561,1.0443,0.607,1.1078,0.8723,1.4267,1.2629,0.3742,0.8899,1.1553,1.0076,0.8146,0.0557,0.8382,0.7231,1.1335,1.0466,0.5429,0.1471,False
SYN-SUBJ-008,SYN-SUBJ-008-SESS-0,3,NEITHER,synthetic,4.2187,4.6388,4.9341,3.2404,1.9123,4.4231,2.8867,3.3587,4.1521,2.8091,4.2056,3.2488,3.76,2.5968,2.2292,2.2376,4.0929,3.8638,4.607,2.5282,3.6123,True
SYN-SUBJ-008,SYN-SUBJ-008-SESS-0,4,ENCODING,synthetic,1.1263,1.6662,1.127,0.7581,0.1808,0.6902,1.5664,0.946,0.9857,0.6445,1.5854,1.2745,0.6152,1.1129,0.6991,0.6661,1.8572,1.3538,1.1138,0.5393,0.7809,False
SYN-SUBJ-008,SYN-SUBJ-008-SESS-0,5,ENCODING,synthetic,1.0176,1.4977,0.7537,0.8057,0.7941,0.6176,1.517,1.0244,1.2701,0.4325,1.0057,1.9682,0.705,0.8697,0.274,1.4638,1.8284,0.9354,1.1802,0.4911,0.5455,False
SYN-SUBJ-008,SYN-SUBJ-008-SESS-0,6,ENCODING,synthetic,1.0944,1.8601,1.1877,0.7814,0.4392,1.0136,1.6711,0.8506,0.9567,0.4472,0.4953,1.4651,0.7395,0.9494,0.1569,1.0912,2.0803,1.0332,1.3298,0.4555,0.9384,False
SYN-SUBJ-008,SYN-SUBJ-008-SESS-0,7,RECALL,synthetic,0.9159,0.9831,1.1704,0.7161,0.5716,0.9104,0.6602,1.3644,1.0774,0.7332,1.07,1.3465,1.6963,1.0731,0.5552,0.9752,1.0135,1.6481,1.1302,0.038,0.0276,False
SYN-SUBJ-008,SYN-SUBJ-008-SESS-0,8,NEITHER,synthetic,0.8198,1.1234,0.8209,1.1255,0.7589,0.907,0.9894,1.3436,1.2861,0.5156,0.6593,1.0719,0.805,0.9938,0.7452,0.8991,0.923,0.8281,1.1468,0.6573,0.4535,False
SYN-SUBJ-008,SYN-SUBJ-008-SESS-0,9,RECALL,synthetic,3.3023,4.1835,4.2433,4.2078,2.6081,4.2911,4.5144,4.0493,5.1508,2.9521,3.207,4.5497,4.8149,3.4386,3.7627,4.0492,4.3012,5.0814,3.3646,1.6518,5.83,True
SYN-SUBJ-008,SYN-SUBJ-008-SESS-0,10,ENCODING,synthetic,3.8354,3.6124,3.8121,2.9274,3.6588,3.434,5.391,3.1293,3.3496,3.1776,4.6864,4.6426,4.3792,3.8682,3.2836,3.227,3.4593,4.1844,2.6056,4.1905,5.8181,True
SYN-SUBJ-008,SYN-SUBJ-008-SESS-0,11,ENCODING,synthetic,0.8791,1.8971,1.5161,0.7571,0.734,0.994,1.6814,0.9863,1.2503,0.6371,0.9537,1.8678,1.1826,1.1521,0.7713,0.9833,1.7343,1.0458,1.1081,0.7989,0.7727,False
SYN-SUBJ-008,SYN-SUBJ-008-SESS-0,12,RECALL,synthetic,1.2619,1.1732,1.2745,0.8731,0.2341,0.9457,0.5363,1.3191,0.9834,0.0381,0.7628,0.7703,1.3741,0.8321,0.3797,1.1297,0.9506,1.3873,1.0154,0.2623,0.3358,False
SYN-SUBJ-008,SYN-SUBJ-008-SESS-0,13,RECALL,synthetic,0.9345,0.9837,1.1918,0.8948,0.4831,1.6184,0.7685,1.2425,1.1276,0.2512,0.7281,1.3857,1.4049,0.8527,0.6116,1.1749,1.0008,1.7876,1.1958,0.7452,0.3524,False
SYN-SUBJ-008,SYN-SUBJ-008-SESS-0,14,ENCODING,synthetic,0.9797,1.6104,0.8913,0.7268,0.3125,1.1189,2.1504,0.9004,1.0032,0.5996,0.8621,1.8453,0.6939,0.6966,0.089,1.2982,1.7095,1.3741,0.8834,0.6366,0.8233,False
SYN-SUBJ-008,SYN-SUBJ-008-SESS-0,15,RECALL,synthetic,5.0975,3.9897,3.6588,3.1206,5.0163,3.7436,4.4843,4.7366,2.9101,2.438,3.7491,3.1024,4.7018,3.3322,4.4222,5.0549,3.5994,5.2047,4.8801,2.4428,3.6275,True
SYN-SUBJ-008,SYN-SUBJ-008-SESS-0,16,RECALL,synthetic,4.8762,4.664,3.9583,4.4236,4.3983,3.9234,3.4998,5.3058,5.5149,2.0327,4.0029,2.9035,3.8528,4.0767,2.4466,4.6545,4.1539,4.6129,3.5313,4.283,2.6615,True
SYN-SUBJ-008,SYN-SUBJ-008-SESS-0,17,NEITHER,synthetic,0.8153,0.883,0.8065,1.082,0.2061,1.1408,1.1598,0.9665,0.6893,0.5064,0.6671,1.0616,1.1146,0.5777,0.5529,1.1454,1.3437,1.0153,0.8978,0.4341,0.8773,False
SYN-SUBJ-008,SYN-SUBJ-008-SESS-0,18,ENCODING,synthetic,1.0614,1.0347,1.1157,0.7353,0.5913,1.1953,1.8234,1.0389,1.2142,1.0684,1.0475,1.4839,1.3486,0.761,0.184,1.1126,1.5705,0.6259,0.6637,0.6043,0.8094,False
SYN-SUBJ-008,SYN-SUBJ-008-SESS-0,19,RECALL,synthetic,0.8553,1.0192,1.9145,0.8115,0.5947,1.5328,1.0557,1.866,1.2677,0.4701,1.1549,1.0295,1.1916,1.0956,0.3922,1.0703,1.0022,1.4425,0.8326,0.6322,0.6977,False
SYN-SUBJ-008,SYN-SUBJ-008-SESS-0,20,RECALL,synthetic,0.8033,0.6936,1.9349,1.3205,0.7087,0.6437,0.9742,1.7655,0.9753,0.4564,1.3485,0.9045,1.4545,0.8447,0.5132,0.6283,0.9127,1.7322,0.8392,0.3076,0.1342,False
SYN-SUBJ-008,SYN-SUBJ-008-SESS-0,21,RECALL,synthetic,1.4345,0.868,1.1878,0.5422,0.4829,0.9332,1.0735,1.8628,0.7564,0.6724,1.0364,0.7508,1.7396,1.1455,0.8062,1.0749,1.0039,1.6873,0.9582,0.327,0.5831,False
SYN-SUBJ-008,SYN-SUBJ-008-SESS-0,22,RECALL,synthetic,1.1733,1.0596,1.1874,1.0397,0.8168,1.166,1.1129,1.6858,0.7063,0.1034,0.8993,0.973,1.4794,0.877,0.3832,1.0436,0.8828,1.2267,0.6013,0.4414,0.6733,False
SYN-SUBJ-008,SYN-SUBJ-008-SESS-0,23,NEITHER,synthetic,1.2426,0.9874,1.1696,1.137,0.1564,0.8326,0.9644,1.0208,1.1786,0.1007,1.4368,0.9889,0.7638,1.1648,0.3979,1.2677,1.07,1.1719,0.5814,0.5932,0.562,False
SYN-SUBJ-008,SYN-SUBJ-008-SESS-0,24,RECALL,synthetic,1.177,1.3069,1.3998,0.8565,0.7355,1.1397,1.4528,2.0009,1.0757,0.7271,1.3685,0.5048,1.3108,0.6632,0.4577,0.8688,1.1504,1.7926,0.982,0.4862,0.5693,False
SYN-SUBJ-008,SYN-SUBJ-008-SESS-0,25,NEITHER,synthetic,0.9843,0.8118,1.1128,0.9584,0.6089,1.1727,0.8137,1.2738,1.0849,0.6067,0.7203,1.4315,1.0201,1.076,0.2904,1.2032,1.2333,0.4471,1.1697,0.9165,0.6105,False
SYN-SUBJ-008,SYN-SUBJ-008-SESS-0,26,RECALL,synthetic,0.9719,0.7429,1.4807,0.7122,0.6042,0.7654,0.8759,1.4084,1.0725,0.357,0.5404,1.5019,1.5775,1.2112,0.2465,1.1753,1.107,1.4118,1.0459,0.9238,0.7984,False
SYN-SUBJ-008,SYN-SUBJ-008-SESS-0,27,RECALL,synthetic,1.0774,1.5611,1.3325,0.7935,0.5807,0.7742,1.0369,1.3059,1.0998,0.4507,0.9263,0.9719,1.2486,1.1194,0.5221,0.8003,1.0193,1.1383,0.8536,0.5942,0.2075,False
SYN-SUBJ-008,SYN-SUBJ-008-SESS-0,28,RECALL,synthetic,1.1933,0.8373,1.3026,0.9598,0.5028,1.5728,0.9237,1.2618,1.4973,0.2423,0.6623,0.6791,1.7211,1.054,0.3335,0.9658,1.0717,1.6964,0.6372,0.494,0.561,False
SYN-SUBJ-008,SYN-SUBJ-008-SESS-0,29,ENCODING,synthetic,1.1639,1.5112,0.6896,1.3709,0.2426,1.4565,2.053,1.1333,0.8224,0.8838,0.9614,1.6209,1.2288,0.9283,0.2289,0.9937,1.1886,1.1572,0.858,0.6041,0.4113,False
SYN-SUBJ-008,SYN-SUBJ-008-SESS-0,30,ENCODING,synthetic,1.0036,1.5643,1.1901,1.0038,0.0128,1.2601,1.3333,1.108,1.2904,0.581,1.4003,1.9774,1.2252,1.0892,0.3965,0.7762,1.5339,0.6813,1.5729,0.3766,0.7591,False
SYN-SUBJ-008,SYN-SUBJ-008-SESS-0,31,NEITHER,synthetic,0.8988,1.0978,0.899,1.2734,0.2191,0.7131,1.0844,1.0125,0.9291,0.5549,1.2258,1.3724,1.4882,1.0051,0.3338,0.9404,1.1996,0.8748,0.8681,0.1711,0.7472,False
SYN-SUBJ-008,SYN-SUBJ-008-SESS-0,32,NEITHER,synthetic,0.9897,1.0844,1.0672,1.1688,0.47,0.7485,1.2817,1.3437,1.2174,0.5045,0.9298,1.3615,0.6876,1.1677,0.3689,1.1936,0.8012,1.1244,0.9069,0.3924,0.245,False
SYN-SUBJ-008,SYN-SUBJ-008-SESS-0,33,RECALL,synthetic,1.0779,0.98,1.5749,0.5953,0.1476,1.3013,0.8342,1.5845,0.8274,0.0774,1.0194,0.8676,1.6497,0.9656,0.6881,0.9431,1.2962,1.34,1.2951,0.6656,0.4597,False
SYN-SUBJ-008,SYN-SUBJ-008-SESS-0,34,RECALL,synthetic,0.7866,1.4439,1.0392,1.0683,0.2302,0.6961,1.0762,1.4696,1.2005,0.8775,1.5186,0.7297,1.5432,1.3028,0.6713,0.8836,1.1776,1.8801,1.2006,0.5457,0.208,False
SYN-SUBJ-008,SYN-SUBJ-008-SESS-0,35,NEITHER,synthetic,0.6469,1.0946,0.6596,1.4753,0.6486,0.9758,0.5632,0.8444,1.1767,0.322,1.0007,0.9588,1.1972,1.0342,1.2222,1.1218,0.6616,0.8419,1.0958,1.0384,0.8649,False
SYN-SUBJ-008,SYN-SUBJ-008-SESS-0,36,ENCODING,synthetic,0.8497,1.5505,1.0352,0.7827,0.008,1.0476,1.1123,1.2808,1.0723,0.708,0.7518,1.6854,1.0497,1.0141,0.7223,1.3773,1.5839,1.0534,0.9182,0.1636,0.5019,False
SYN-SUBJ-008,SYN-SUBJ-008-SESS-0,37,NEITHER,synthetic,0.7578,1.4064,0.3202,1.1071,0.5681,1.2317,0.8151,1.0061,0.7356,0.7368,0.8989,1.3668,1.1951,0.7495,0.5567,1.3072,1.2059,0.8291,0.7684,0.4091,0.4616,False
SYN-SUBJ-008,SYN-SUBJ-008-SESS-0,38,NEITHER,synthetic,0.8309,0.7732,0.573,1.1664,0.2359,1.2156,1.2836,0.9842,0.6143,0.3523,1.1762,0.8123,0.8651,0.6657,0.4499,0.9835,1.1557,1.0277,1.1884,0.4671,0.1859,False
SYN-SUBJ-008,SYN-SUBJ-008-SESS-0,39,RECALL,synthetic,0.6839,1.1418,1.3363,1.2067,0.1869,0.8207,0.825,1.5881,0.9604,0.5958,1.0395,1.2268,1.2911,0.8552,0.6588,0.8302,1.4783,1.5846,1.3333,0.7399,0.7406,False
SYN-SUBJ-008,SYN-SUBJ-008-SESS-0,40,RECALL,synthetic,1.1558,0.5276,1.6469,1.0166,0.4919,0.9169,1.1805,1.9678,1.356,0.4994,0.6347,1.1628,1.4182,0.6483,0.4977,1.4179,0.3467,1.1044,0.9117,0.3541,0.4136,False
SYN-SUBJ-008,SYN-SUBJ-008-SESS-0,41,RECALL,synthetic,0.5374,1.0977,1.5694,1.0767,0.7368,0.8468,1.0025,1.6975,1.2411,0.6881,1.5143,1.4308,1.4287,0.9093,0.4863,1.0947,1.3458,1.2019,0.9551,0.2586,0.489,False
SYN-SUBJ-008,SYN-SUBJ-008-SESS-0,42,NEITHER,synthetic,0.7153,1.3322,0.6912,1.3147,0.6247,0.8358,1.5,1.0349,0.9124,0.928,1.7813,1.23,0.9789,1.1775,0.0608,1.1273,0.9876,0.5997,1.1109,0.6442,0.9425,False
SYN-SUBJ-008,SYN-SUBJ-008-SESS-0,43,ENCODING,synthetic,1.2873,1.4495,1.401,0.7247,0.3705,0.9929,1.5372,1.1633,1.0645,0.0555,0.9132,1.7159,0.8874,1.2463,0.7527,1.0956,1.4105,1.2189,1.3268,0.7409,0.7446,False
SYN-SUBJ-008,SYN-SUBJ-008-SESS-0,44,ENCODING,synthetic,0.7789,1.8822,0.6153,0.9975,0.3928,1.2083,1.6922,0.8467,1.0365,0.5979,1.0656,1.5904,0.9021,1.0088,0.7327,0.8581,1.4242,1.3673,0.5068,0.4777,0.0589,False
SYN-SUBJ-008,SYN-SUBJ-008-SESS-0,45,RECALL,synthetic,1.0717,0.7148,1.6037,0.9539,0.407,1.9993,1.3127,1.4938,0.772,0.1564,0.8961,0.9018,1.7629,0.9869,0.1164,1.0436,1.4553,1.2698,1.4718,0.7415,0.9738,False
SYN-SUBJ-008,SYN-SUBJ-008-SESS-0,46,NEITHER,synthetic,1.2264,1.3808,1.4665,1.2193,0.2449,0.9624,1.0787,0.9719,1.105,0.2083,0.7331,1.216,1.1652,1.3129,0.7434,0.7435,1.2489,0.9673,0.9052,0.8983,0.8402,False
SYN-SUBJ-008,SYN-SUBJ-008-SESS-0,47,NEITHER,synthetic,1.1593,0.9114,0.8964,1.0079,0.9566,1.229,1.2249,0.7512,1.1548,0.7759,1.2791,0.8106,0.7902,1.236,0.397,0.8646,0.8096,0.6881,0.7141,0.5677,0.1936,False
SYN-SUBJ-008,SYN-SUBJ-008-SESS-0,48,RECALL,synthetic,0.9905,1.1284,1.1345,1.007,0.4706,0.8837,0.9508,1.6167,0.671,0.8349,0.8714,0.5861,1.5285,0.7464,0.4207,0.9658,0.8677,2.1311,1.1289,0.215,0.2673,False
SYN-SUBJ-008,SYN-SUBJ-008-SESS-0,49,RECALL,synthetic,0.5398,0.99,1.3174,1.1084,0.7681,1.255,1.2462,1.6998,1.127,0.8791,0.7419,0.6038,2.2306,1.3452,0.2092,1.5781,1.0912,2.0279,0.694,0.1427,0.0439,False
SYN-SUBJ-008,SYN-SUBJ-008-SESS-0,50,NEITHER,synthetic,4.7537,3.6501,3.2348,3.5472,4.2901,3.2401,3.9834,4.5946,5.0119,2.7952,4.1143,3.5118,4.1819,2.7836,3.7635,3.0541,4.5981,4.5639,4.3574,3.0284,5.8564,True
SYN-SUBJ-008,SYN-SUBJ-008-SESS-0,51,RECALL,synthetic,0.922,1.1103,1.4179,0.572,0.2252,1.4556,0.9863,1.7234,0.7733,0.7101,1.0196,1.1058,1.332,1.019,0.008,1.2959,1.1655,1.8048,1.0369,0.5417,0.721,False
SYN-SUBJ-008,SYN-SUBJ-008-SESS-0,52,RECALL,synthetic,1.1306,0.565,1.4491,1.0468,0.1054,0.4378,0.7818,1.3136,0.9172,0.1535,0.7858,0.9806,1.962,0.9336,0.008,1.0361,1.276,1.1989,0.8838,0.973,0.4088,False
SYN-SUBJ-008,SYN-SUBJ-008-SESS-0,53,ENCODING,synthetic,0.5861,1.7036,0.8051,1.0742,0.868,0.9834,1.6274,0.5394,0.834,0.5226,0.7541,1.3178,0.7111,0.6238,0.739,0.74,1.8597,0.8821,0.9247,0.598,0.5348,False
SYN-SUBJ-008,SYN-SUBJ-008-SESS-0,54,ENCODING,synthetic,0.4232,1.9028,1.4652,0.897,0.008,1.0157,1.4871,1.0451,1.192,0.5752,1.2674,1.3794,0.9937,0.8028,0.4619,1.2528,1.5149,1.3053,0.8105,0.1646,0.3992,False
SYN-SUBJ-008,SYN-SUBJ-008-SESS-0,55,RECALL,synthetic,1.0029,1.1392,2.169,0.9754,0.1828,1.1462,0.7602,1.6177,1.1523,0.4406,0.9304,0.48,1.5829,0.849,0.1488,0.889,0.9219,1.1591,1.0016,0.4477,0.9654,False
SYN-SUBJ-008,SYN-SUBJ-008-SESS-0,56,ENCODING,synthetic,1.3959,1.9348,1.1479,1.2507,0.4629,1.4443,1.2346,0.809,1.1039,0.8102,1.2928,1.8638,1.2417,0.8154,0.5165,1.064,1.948,0.8733,1.1805,0.5557,0.4358,False
SYN-SUBJ-008,SYN-SUBJ-008-SESS-0,57,ENCODING,synthetic,0.5765,1.2934,1.1312,1.0392,0.9072,1.0764,1.5667,1.2314,0.9438,0.3488,1.0037,1.7359,0.792,1.0328,0.5727,1.0201,1.3857,0.6553,1.063,0.6029,0.1263,False
SYN-SUBJ-008,SYN-SUBJ-008-SESS-0,58,RECALL,synthetic,1.1874,1.0533,1.3401,1.0553,0.1728,0.7532,1.0409,1.8434,1.1143,0.5354,0.7419,0.7941,0.9235,1.1789,0.0285,1.205,0.9715,1.5528,0.8488,0.5003,0.8385,False
SYN-SUBJ-008,SYN-SUBJ-008-SESS-0,59,RECALL,synthetic,1.0319,0.8356,1.578,1.0926,0.214,0.6724,1.2511,1.6906,1.1484,0.4897,1.267,1.1946,1.5266,1.1494,0.7139,0.8069,0.8306,1.865,0.5525,0.6229,0.7005,False
SYN-SUBJ-008,SYN-SUBJ-008-SESS-1,0,RECALL,synthetic,0.7816,0.7217,1.2064,0.7027,0.7446,1.102,0.6712,1.82,1.1383,0.6838,1.2604,1.2626,1.4783,0.9683,0.008,1.176,1.2504,1.4964,0.8555,0.9514,0.3574,False
SYN-SUBJ-008,SYN-SUBJ-008-SESS-1,1,RECALL,synthetic,1.2721,1.2203,1.2151,0.831,0.2426,1.2481,0.7211,1.0196,1.1533,0.405,0.9752,1.0941,1.6413,0.9712,1.1042,0.812,1.2148,1.3023,0.9925,0.293,0.6095,False
SYN-SUBJ-008,SYN-SUBJ-008-SESS-1,2,ENCODING,synthetic,1.1739,1.658,0.9173,1.0708,0.1927,0.904,1.5595,0.7323,0.9996,0.4416,1.0748,1.2655,0.84,0.8736,0.9312,0.8887,1.5167,1.0394,1.1186,0.8102,0.1778,False
SYN-SUBJ-008,SYN-SUBJ-008-SESS-1,3,NEITHER,synthetic,0.836,0.6508,0.9689,0.8603,0.2653,0.7599,1.1063,0.8489,1.1589,0.7376,0.8366,0.8709,1.1703,0.7335,0.2728,0.9158,0.6635,0.7606,1.683,0.2514,0.4926,False
SYN-SUBJ-008,SYN-SUBJ-008-SESS-1,4,RECALL,synthetic,1.125,1.0566,1.3609,1.0196,0.5222,0.6367,0.7969,1.5604,0.9435,0.008,1.3516,1.0363,2.0077,0.8743,0.7027,0.8822,1.0371,1.5822,1.0326,0.669,0.2523,False
SYN-SUBJ-008,SYN-SUBJ-008-SESS-1,5,RECALL,synthetic,1.1652,1.0438,1.1647,0.9783,0.8757,1.1614,0.6748,1.4093,0.738,0.7862,1.537,0.7193,1.5663,0.9128,0.5761,0.8094,1.3099,1.474,0.7208,0.7633,0.8755,False
SYN-SUBJ-008,SYN-SUBJ-008-SESS-1,6,RECALL,synthetic,1.182,0.8494,1.3599,1.0187,0.6473,0.8464,1.1875,1.06,0.854,0.3565,0.7146,1.233,1.4621,1.0038,0.2963,0.4363,1.0519,1.7175,1.1557,0.931,0.9099,False
SYN-SUBJ-008,SYN-SUBJ-008-SESS-1,7,RECALL,synthetic,1.1289,1.1292,1.6184,1.0937,0.6586,0.9696,0.57,1.3329,0.8014,0.4206,1.2736,1.0034,1.9614,1.2791,0.5031,0.9678,0.8207,1.8768,0.9593,0.0539,0.8205,False
SYN-SUBJ-008,SYN-SUBJ-008-SESS-1,8,ENCODING,synthetic,1.0391,1.7724,1.1714,0.9118,0.7147,1.3895,1.7104,0.8039,1.0089,0.451,0.7608,1.6487,1.0475,0.8155,0.3519,1.2836,1.6416,0.961,0.9661,0.7478,0.4383,False
SYN-SUBJ-008,SYN-SUBJ-008-SESS-1,9,ENCODING,synthetic,0.6618,1.1798,1.1179,1.0,0.5727,0.6338,1.5044,1.142,1.284,0.4637,1.1125,1.7279,0.9253,1.0069,0.2697,1.0761,1.4375,0.5867,0.8721,0.2748,0.6769,False
SYN-SUBJ-008,SYN-SUBJ-008-SESS-1,10,RECALL,synthetic,0.8693,1.0809,1.2286,1.0398,1.021,1.1181,0.6342,1.4448,0.9654,0.6304,1.0545,0.8383,1.4712,1.1267,0.008,1.0362,1.2364,1.6368,1.1098,0.7071,0.0471,False
SYN-SUBJ-008,SYN-SUBJ-008-SESS-1,11,RECALL,synthetic,1.0172,0.901,1.7788,0.8815,0.8292,0.5637,1.2096,1.7,0.907,0.4134,0.6163,0.6412,1.728,1.4667,0.1008,0.9354,1.6466,1.6501,1.4108,0.8739,0.6642,False
SYN-SUBJ-008,SYN-SUBJ-008-SESS-1,12,RECALL,synthetic,0.9463,1.0403,1.7438,0.676,0.1594,0.8741,0.9543,1.6432,0.74,0.7341,0.9712,1.3607,1.3899,1.0403,0.911,1.2296,0.4462,1.3898,0.5754,0.6953,0.7636,False
SYN-SUBJ-008,SYN-SUBJ-008-SESS-1,13,RECALL,synthetic,1.2388,0.9148,1.4543,1.1,0.6014,1.1575,1.4326,1.8201,1.1684,0.7597,1.4423,1.0433,1.4104,1.2334,0.6902,0.8047,0.7561,1.9846,0.9431,0.6923,0.3943,False
SYN-SUBJ-008,SYN-SUBJ-008-SESS-1,14,RECALL,synthetic,0.5427,0.9769,1.8588,0.8347,0.6759,1.0612,1.2444,1.5932,0.8241,0.6151,0.9531,1.3599,1.7555,0.5311,0.4098,1.1975,0.8794,1.6351,1.5573,0.7569,0.6871,False
SYN-SUBJ-008,SYN-SUBJ-008-SESS-1,15,ENCODING,synthetic,4.4913,4.6469,2.7992,3.9996,3.6176,4.1434,5.3326,2.8988,5.2452,2.4828,3.6203,3.9153,3.5308,2.0049,1.8695,4.3777,4.3296,2.1309,3.606,4.3003,3.3303,True
SYN-SUBJ-008,SYN-SUBJ-008-SESS-1,16,RECALL,synthetic,0.7779,0.9936,1.2668,0.6457,0.5465,0.9736,0.9226,0.9632,1.3255,0.435,1.0085,0.5445,1.3715,0.9453,0.5569,0.9173,1.2885,1.5773,0.8448,0.5778,0.1618,False
SYN-SUBJ-008,SYN-SUBJ-008-SESS-1,17,RECALL,synthetic,1.4712,1.0627,1.3234,0.8179,0.5984,0.9196,0.9528,1.8951,1.0997,0.4358,0.842,0.9052,1.2831,1.387,0.2732,0.4202,0.7353,1.4282,0.5991,0.3975,0.1307,False
SYN-SUBJ-008,SYN-SUBJ-008-SESS-1,18,NEITHER,synthetic,0.8653,0.9144,0.6846,0.9554,0.391,1.4605,1.218,0.9011,0.9667,0.2577,1.197,0.7628,0.8741,1.209,0.5217,1.1738,1.1596,1.0152,1.3456,0.3446,0.1385,False
SYN-SUBJ-008,SYN-SUBJ-008-SESS-1,19,RECALL,synthetic,0.8164,0.9911,1.5201,1.1283,0.7412,0.9684,0.5895,1.2242,0.915,0.3733,1.1573,1.5071,1.5409,1.1714,0.4287,1.0421,0.7709,1.5436,1.3017,0.3955,0.6216,False
SYN-SUBJ-008,SYN-SUBJ-008-SESS-1,20,ENCODING,synthetic,3.7748,5.2665,4.158,3.8423,4.0995,4.6634,4.8213,4.2386,3.3983,3.2803,3.3838,4.6289,3.8543,4.6108,3.4207,3.1768,4.6607,3.5986,3.6486,2.4978,3.3878,True
SYN-SUBJ-008,SYN-SUBJ-008-SESS-1,21,NEITHER,synthetic,1.1223,0.6987,1.5711,0.9984,0.9629,1.0319,0.6557,0.8639,0.9158,0.2051,1.1102,1.247,1.2196,1.0303,0.2548,0.6462,1.0894,1.0295,0.9813,0.4679,0.9417,False
SYN-SUBJ-008,SYN-SUBJ-008-SESS-1,22,NEITHER,synthetic,1.2197,1.4147,0.8204,0.6671,0.607,1.2709,0.6053,0.8265,0.7913,0.5234,1.1871,1.1538,1.3034,0.5962,0.7338,0.9732,0.7856,1.0171,0.7139,1.3088,0.3403,False
SYN-SUBJ-008,SYN-SUBJ-008-SESS-1,23,ENCODING,synthetic,0.907,1.5485,1.3109,1.2129,0.565,1.1959,1.4159,1.1626,0.5518,0.008,0.8111,1.2344,1.3291,1.0917,0.3851,1.3265,1.7147,1.314,0.5797,0.2984,0.8898,False
SYN-SUBJ-008,SYN-SUBJ-008-SESS-1,24,RECALL,synthetic,1.2618,1.0963,1.5882,0.2218,0.5868,0.7972,1.0446,1.3114,1.0725,0.4969,0.748,0.7175,1.58,1.0439,0.3692,0.7589,1.2211,1.4433,1.2256,0.8619,0.7582,False
SYN-SUBJ-008,SYN-SUBJ-008-SESS-1,25,NEITHER,synthetic,3.645,4.8892,4.2963,4.5829,3.8494,4.3404,5.121,5.1124,4.5873,3.8176,4.7677,3.652,2.4394,4.557,2.7561,3.7723,4.912,2.8838,3.9425,2.8563,3.7516,True
SYN-SUBJ-008,SYN-SUBJ-008-SESS-1,26,ENCODING,synthetic,1.0992,1.4672,1.0861,1.0762,0.2618,1.364,1.5328,1.0908,1.154,0.5513,1.3852,1.6215,0.9275,1.2235,0.7791,1.18,1.5259,0.689,1.3111,0.7146,0.8345,False
SYN-SUBJ-008,SYN-SUBJ-008-SESS-1,27,RECALL,synthetic,0.5256,1.395,1.445,1.0008,0.4927,0.7301,0.7723,1.6056,1.2579,0.669,0.8568,1.1435,1.673,1.1581,0.6816,0.5366,1.0604,1.7483,1.0586,0.686,0.8858,False
SYN-SUBJ-008,SYN-SUBJ-008-SESS-1,28,NEITHER,synthetic,0.9378,0.5817,0.9219,0.944,0.608,1.3513,0.9241,1.0359,0.7063,0.6587,1.0173,0.8811,1.1826,1.2879,0.8604,0.7046,1.6132,0.339,1.4314,0.7423,0.8007,False
SYN-SUBJ-008,SYN-SUBJ-008-SESS-1,29,RECALL,synthetic,0.9643,1.2664,1.4603,0.3835,0.3888,0.9514,0.9918,1.5843,1.1712,0.3966,0.9372,1.3838,1.8715,1.0652,0.4752,1.2891,0.802,1.4624,0.7907,0.2975,0.2088,False
SYN-SUBJ-008,SYN-SUBJ-008-SESS-1,30,NEITHER,synthetic,1.1584,0.8441,0.7431,0.7079,0.5614,0.4494,1.0642,0.8409,0.9876,0.5374,0.9128,1.1517,0.579,0.6009,0.3245,1.2207,1.4171,0.6425,1.0685,0.3433,0.4271,False
SYN-SUBJ-008,SYN-SUBJ-008-SESS-1,31,ENCODING,synthetic,1.1404,1.7388,1.2989,1.0317,0.509,0.8333,1.9553,1.1331,1.2687,0.4544,1.0943,1.7388,0.9553,1.2185,0.836,1.0094,1.5044,1.1878,0.8543,0.3749,0.3983,False
SYN-SUBJ-008,SYN-SUBJ-008-SESS-1,32,NEITHER,synthetic,1.156,1.3329,1.3884,1.4661,0.7171,0.9771,1.2651,1.1626,0.8524,0.48,0.5739,0.851,1.2091,0.893,0.2613,0.9327,1.4689,1.0586,1.4045,0.7987,0.767,False
SYN-SUBJ-008,SYN-SUBJ-008-SESS-1,33,RECALL,synthetic,1.1135,1.4194,1.3207,1.1055,0.8192,0.5789,1.4511,1.6239,1.1513,0.2713,0.9221,0.9984,1.4731,1.1102,0.5405,0.9916,1.279,1.3585,0.9072,0.4274,0.7415,False
SYN-SUBJ-008,SYN-SUBJ-008-SESS-1,34,NEITHER,synthetic,1.0656,0.9081,0.6744,0.8994,0.5357,1.1223,1.0407,0.6958,1.1495,0.6725,0.7725,1.2417,1.264,0.8161,0.7708,1.4733,1.1471,1.234,1.3394,0.397,0.705,False
SYN-SUBJ-008,SYN-SUBJ-008-SESS-1,35,NEITHER,synthetic,1.1553,1.2057,1.0127,0.9084,0.3754,0.7824,1.0414,1.2972,1.4735,0.1492,1.5457,0.8448,0.8306,0.9511,0.6239,0.8526,1.0819,0.7934,0.843,0.4777,0.0194,False
SYN-SUBJ-008,SYN-SUBJ-008-SESS-1,36,RECALL,synthetic,1.155,1.2036,1.4253,1.5229,0.008,1.548,0.8808,1.3697,1.4427,0.6613,0.7151,1.0799,1.6189,0.7654,0.3287,0.6393,0.8999,1.6674,1.3351,1.1345,0.9149,False
SYN-SUBJ-008,SYN-SUBJ-008-SESS-1,37,NEITHER,synthetic,0.8152,1.03,0.6485,0.936,0.2395,1.2047,1.3759,0.9045,1.3477,0.6757,1.4984,1.2304,0.739,0.7237,0.5764,0.6085,0.7037,0.9299,1.1002,0.8522,0.8514,False
SYN-SUBJ-008,SYN-SUBJ-008-SESS-1,38,ENCODING,synthetic,0.771,1.8494,0.7395,1.1833,0.2113,0.6258,1.4242,1.0928,1.5754,0.2928,0.7223,1.807,1.2079,1.4266,0.0281,0.7282,1.3229,0.9766,0.9938,0.8628,0.4829,False
SYN-SUBJ-008,SYN-SUBJ-008-SESS-1,39,RECALL,synthetic,1.1637,0.9722,1.6553,0.6877,0.8016,0.9609,0.88,1.2845,1.2584,0.6643,0.9257,1.0441,1.3305,0.9213,0.4487,1.554,0.8585,1.4483,0.9448,0.6895,0.4668,False
SYN-SUBJ-008,SYN-SUBJ-008-SESS-1,40,ENCODING,synthetic,1.1403,1.8178,1.1898,1.1143,0.2806,1.1723,1.5059,1.224,0.9526,0.1115,0.8166,1.8646,0.7634,0.8796,0.4904,0.8715,1.4946,1.3485,0.9626,0.7067,0.8011,False
SYN-SUBJ-008,SYN-SUBJ-008-SESS-1,41,ENCODING,synthetic,0.9893,1.4272,0.9632,1.1234,0.1007,1.034,1.2629,0.7874,0.5035,0.2255,1.0414,2.2613,0.7216,1.0097,0.8442,1.0452,1.462,1.026,0.8597,0.3804,0.2363,False
SYN-SUBJ-008,SYN-SUBJ-008-SESS-1,42,RECALL,synthetic,4.6903,4.1445,5.0179,4.4396,2.8236,3.4981,3.3667,4.2931,3.3368,4.2661,2.8792,3.7421,3.62,3.5656,4.2986,4.0096,3.8802,4.3822,4.147,3.7731,4.8515,True
SYN-SUBJ-008,SYN-SUBJ-008-SESS-1,43,ENCODING,synthetic,1.491,1.55,0.8645,0.6307,0.5829,0.924,1.7514,1.2261,0.5945,0.652,1.1107,1.8923,1.0434,0.9758,0.6943,1.3104,1.3829,1.7007,1.2354,0.4056,0.1787,False
SYN-SUBJ-008,SYN-SUBJ-008-SESS-1,44,RECALL,synthetic,1.0618,1.0558,1.4868,0.789,0.4049,0.9469,0.7379,1.6782,1.0692,1.0424,1.1626,0.9034,1.5843,1.1046,0.3077,1.1292,0.7456,2.0205,1.3322,0.2853,0.0541,False
SYN-SUBJ-008,SYN-SUBJ-008-SESS-1,45,NEITHER,synthetic,1.4501,0.9165,1.8736,1.1438,0.5544,1.3732,0.7261,0.7339,0.4691,0.4327,1.0677,0.8868,0.9271,1.1978,0.054,1.1312,1.1419,1.0291,0.9441,0.2076,0.5864,False
SYN-SUBJ-008,SYN-SUBJ-008-SESS-1,46,ENCODING,synthetic,1.0339,1.5517,0.4902,1.1984,0.3759,0.9901,1.2043,0.7734,1.6,1.1224,0.7264,1.2291,0.6677,1.3035,0.7527,1.1446,1.4393,0.8809,1.0111,0.75,0.2306,False
SYN-SUBJ-008,SYN-SUBJ-008-SESS-1,47,NEITHER,synthetic,0.8975,1.1447,1.1563,1.02,0.9864,0.6334,1.1826,1.3333,1.3729,0.2673,0.5612,0.7176,0.5681,0.9691,0.3281,1.353,1.3821,1.2755,1.0093,0.5733,0.1538,False
SYN-SUBJ-008,SYN-SUBJ-008-SESS-1,48,RECALL,synthetic,1.0403,0.8493,1.2596,0.7791,0.7901,0.7789,0.851,1.6515,1.0838,0.6458,1.6387,1.5832,1.5953,1.419,0.6192,1.081,1.0258,1.8764,0.7947,0.4104,0.0501,False
SYN-SUBJ-008,SYN-SUBJ-008-SESS-1,49,ENCODING,synthetic,1.0636,1.3092,1.0352,0.8944,0.5074,0.95,1.5692,1.1699,0.5016,0.3711,0.8026,1.6213,1.3119,0.7589,0.6714,0.9012,1.2155,1.3994,1.2516,0.3503,0.5959,False
SYN-SUBJ-008,SYN-SUBJ-008-SESS-1,50,RECALL,synthetic,1.2161,0.8777,1.3003,1.4292,0.4902,0.8641,0.9746,1.2061,1.0488,1.1167,1.0541,0.9758,1.3657,1.3645,0.512,0.6554,0.8836,1.7023,0.9362,0.6007,0.2108,False
SYN-SUBJ-008,SYN-SUBJ-008-SESS-1,51,RECALL,synthetic,1.1431,0.8343,1.5456,0.9383,0.0779,1.1794,0.9634,1.5478,0.6702,0.7976,0.9185,0.7212,1.304,0.9023,0.4585,0.9852,1.6941,1.3761,0.9023,0.4093,0.3875,False
SYN-SUBJ-008,SYN-SUBJ-008-SESS-1,52,RECALL,synthetic,1.0324,1.237,1.4237,0.7491,0.4834,0.6575,1.3694,1.3559,1.2558,0.7198,1.1639,0.9616,1.5685,0.7906,0.1192,1.0816,0.8543,1.3192,1.5466,0.575,0.6258,False
SYN-SUBJ-008,SYN-SUBJ-008-SESS-1,53,RECALL,synthetic,1.0502,1.0492,1.4893,1.2351,0.5549,1.1252,0.8096,1.2918,1.3939,0.5253,1.2891,0.5679,1.5726,1.1739,0.5273,0.7325,1.2716,1.1757,1.0478,0.6457,0.3712,False
SYN-SUBJ-008,SYN-SUBJ-008-SESS-1,54,NEITHER,synthetic,1.2276,1.2861,1.41,1.2372,0.7981,1.1643,1.1933,1.102,0.8018,0.5933,1.0209,0.8255,1.2875,1.7864,0.6634,0.9385,0.6445,0.737,0.8451,0.632,0.4015,False
SYN-SUBJ-008,SYN-SUBJ-008-SESS-1,55,RECALL,synthetic,1.476,0.8736,1.4996,0.829,0.6815,1.4539,1.0451,1.534,0.8207,0.5785,1.3742,1.3325,1.5647,0.9528,0.7174,0.7478,0.7784,1.5151,1.0548,0.3662,0.1064,False
SYN-SUBJ-008,SYN-SUBJ-008-SESS-1,56,NEITHER,synthetic,0.6388,0.8737,0.8375,0.9517,0.9233,1.2076,1.2924,0.9256,0.787,0.0648,0.9467,1.1333,1.1968,0.7953,0.5737,0.9892,1.021,1.0561,1.0575,0.6071,0.039,False
SYN-SUBJ-008,SYN-SUBJ-008-SESS-1,57,RECALL,synthetic,1.6203,0.545,1.6533,1.1609,0.462,1.2191,1.122,1.4394,0.9789,0.464,1.5725,1.0972,1.3866,1.343,0.1136,1.1026,1.0152,1.4471,1.0509,0.3889,0.1797,False
SYN-SUBJ-008,SYN-SUBJ-008-SESS-1,58,NEITHER,synthetic,0.9756,0.8025,0.9725,0.9516,0.8584,1.3199,1.075,1.0877,0.7611,0.3773,1.2593,0.6488,0.7051,1.19,0.0512,0.9658,1.2162,1.1551,1.0218,0.8888,0.1492,False
SYN-SUBJ-008,SYN-SUBJ-008-SESS-1,59,NEITHER,synthetic,0.9528,0.6943,1.2581,1.018,0.786,0.8028,1.058,1.5862,1.1625,0.7729,0.5764,1.0622,0.9752,1.2247,0.8164,0.6978,0.6722,1.394,0.7961,0.3582,0.5738,False
SYN-SUBJ-009,SYN-SUBJ-009-SESS-0,0,ENCODING,synthetic,1.2028,1.5731,0.9533,0.823,0.0,0.9269,1.6133,1.0124,0.5383,0.2146,1.0846,1.685,1.5236,0.7301,0.369,0.8065,1.4353,1.2031,0.5854,0.2936,0.2114,False
SYN-SUBJ-009,SYN-SUBJ-009-SESS-0,1,ENCODING,synthetic,0.9496,1.6303,1.2806,1.1629,0.3103,0.919,1.8389,0.5483,0.7864,0.2701,1.1478,1.4586,1.2655,1.1314,0.6278,1.2269,1.218,1.0437,1.147,0.4339,0.0386,False
SYN-SUBJ-009,SYN-SUBJ-009-SESS-0,2,RECALL,synthetic,0.7509,0.8427,2.3434,1.2133,0.3441,1.0061,0.7733,1.1806,0.8375,0.4152,0.9936,1.1157,1.5802,0.5339,0.2637,1.0697,1.2313,1.7318,0.5759,0.5275,0.4724,False
SYN-SUBJ-009,SYN-SUBJ-009-SESS-0,3,RECALL,synthetic,0.7414,0.986,1.5159,1.4174,0.6123,0.8556,0.6882,1.208,1.1993,0.2858,1.5284,0.9448,1.4332,1.0496,0.4861,1.3422,1.1374,1.4295,1.0693,0.7552,0.9635,False
SYN-SUBJ-009,SYN-SUBJ-009-SESS-0,4,ENCODING,synthetic,3.3636,5.1711,3.8373,4.3011,2.5942,3.1156,5.5753,3.8492,4.2687,2.1808,4.7689,3.1525,3.6936,3.7939,3.7684,4.3264,4.4381,3.4171,2.5239,4.0602,2.5887,True
SYN-SUBJ-009,SYN-SUBJ-009-SESS-0,5,ENCODING,synthetic,0.6605,1.6076,0.9369,0.6599,0.8354,0.7986,1.5811,1.2126,0.7385,0.3342,0.9855,1.6897,0.9994,0.9267,0.3117,0.9099,1.7335,0.7522,0.5537,0.2425,0.8321,False
SYN-SUBJ-009,SYN-SUBJ-009-SESS-0,6,ENCODING,synthetic,1.4893,1.6144,0.9073,1.1381,0.8595,0.776,1.362,1.2199,0.7609,0.4888,0.9695,1.8971,0.8254,1.2356,0.1065,1.145,1.2054,1.4269,1.0276,1.1527,0.48,False
SYN-SUBJ-009,SYN-SUBJ-009-SESS-0,7,NEITHER,synthetic,3.0846,2.6112,4.0517,4.3907,2.7283,3.1773,4.7479,3.5742,2.5247,2.8462,4.8287,4.0464,4.3924,3.057,4.3467,4.2697,3.3923,3.8839,3.7027,3.8372,4.4369,True
SYN-SUBJ-009,SYN-SUBJ-009-SESS-0,8,NEITHER,synthetic,4.597,2.3826,4.3829,4.8472,2.5525,3.7176,4.5051,4.4508,4.5072,2.2647,4.2111,3.9416,2.9142,2.7097,3.3571,4.3277,3.0612,4.9111,2.2993,3.9281,4.5975,True
SYN-SUBJ-009,SYN-SUBJ-009-SESS-0,9,ENCODING,synthetic,1.1907,1.8158,1.3297,0.8861,0.6815,0.9081,1.5202,0.284,0.8468,0.5298,1.1125,1.2183,0.7645,1.2369,0.7651,1.5732,1.9012,0.9474,1.0248,0.0,0.1111,False
SYN-SUBJ-009,SYN-SUBJ-009-SESS-0,10,NEITHER,synthetic,3.5779,4.3071,4.0894,4.9313,2.129,4.4489,4.1199,3.8113,4.0289,3.0154,4.457,4.2572,3.9995,3.3488,3.5074,3.0496,4.0967,3.8045,5.3353,2.097,5.9715,True
SYN-SUBJ-009,SYN-SUBJ-009-SESS-0,11,RECALL,synthetic,0.9158,0.8367,1.9094,1.4984,0.4734,0.6265,1.0208,1.5345,0.5782,0.6527,0.2215,0.8127,1.4865,0.8164,0.1644,1.1676,0.6539,1.1455,0.9997,0.3028,0.4135,False
SYN-SUBJ-009,SYN-SUBJ-009-SESS-0,12,ENCODING,synthetic,0.7608,1.6028,0.7129,0.9217,0.1955,0.6935,1.2922,1.0745,0.8597,0.9014,1.1931,1.8794,0.7329,0.5891,0.3945,0.5662,1.6668,0.9116,1.0457,0.3472,0.8869,False
SYN-SUBJ-009,SYN-SUBJ-009-SESS-0,13,RECALL,synthetic,1.0625,0.8491,1.5723,0.811,0.1356,0.7608,0.775,1.2758,1.3051,0.0,0.7207,1.4336,1.2653,1.0296,0.335,1.2183,0.9429,1.2424,1.2416,0.2646,0.7667,False
SYN-SUBJ-009,SYN-SUBJ-009-SESS-0,14,NEITHER,synthetic,0.4244,0.9077,1.0041,0.8653,0.4676,0.7573,1.1157,0.9863,0.6917,0.2453,0.8048,1.1967,1.1248,1.0458,0.3322,0.6102,0.7245,0.606,1.0028,0.0,0.6986,False
SYN-SUBJ-009,SYN-SUBJ-009-SESS-0,15,ENCODING,synthetic,0.3664,1.4208,1.466,1.1127,0.0932,0.7531,1.9333,0.971,1.5256,0.2562,0.8091,1.5558,1.1051,1.2926,0.1107,1.1734,1.565,1.0897,0.8341,0.4256,0.7963,False
SYN-SUBJ-009,SYN-SUBJ-009-SESS-0,16,ENCODING,synthetic,0.7362,1.8186,0.6668,0.8111,0.4799,0.5342,1.9693,0.8478,1.0889,0.8747,1.415,1.4597,0.8382,1.142,0.1008,0.7897,1.7732,1.2476,0.918,0.5357,0.0644,False
SYN-SUBJ-009,SYN-SUBJ-009-SESS-0,17,NEITHER,synthetic,0.4919,1.2871,1.3234,0.9602,0.0,1.2179,0.6464,1.1575,1.0072,0.3419,1.2557,1.445,0.8048,1.4014,0.4482,0.9908,1.0047,0.9376,0.7792,0.5442,0.7431,False
SYN-SUBJ-009,SYN-SUBJ-009-SESS-0,18,NEITHER,synthetic,0.798,0.8599,0.9248,1.287,0.6104,1.146,1.3945,0.8167,0.9884,0.5375,1.2198,0.6857,0.7642,0.908,0.5582,1.1687,0.7823,0.2401,0.9472,0.2244,0.3489,False
SYN-SUBJ-009,SYN-SUBJ-009-SESS-0,19,ENCODING,synthetic,3.6146,3.1549,2.977,4.4157,2.79,4.3298,4.0327,2.4256,3.0277,1.8735,3.3273,3.1863,3.8067,4.3235,4.091,2.8237,3.2217,3.611,2.9667,3.7262,3.3082,True
SYN-SUBJ-009,SYN-SUBJ-009-SESS-0,20,NEITHER,synthetic,0.7477,0.5993,1.1869,0.6817,0.5204,1.1922,1.0452,0.6248,1.3548,0.379,1.3255,1.4175,1.2661,0.9951,0.7021,0.6464,0.9782,1.1884,1.144,0.2758,0.3855,False
SYN-SUBJ-009,SYN-SUBJ-009-SESS-0,21,NEITHER,synthetic,0.9156,0.9004,0.9345,0.9438,0.046,1.3216,0.9758,0.9501,1.1327,0.5767,0.9106,0.9197,0.8501,0.7416,0.485,0.7133,1.151,0.9693,0.7692,0.1901,0.2993,False
SYN-SUBJ-009,SYN-SUBJ-009-SESS-0,22,NEITHER,synthetic,1.0045,0.7972,1.0626,0.9339,0.6251,1.0644,0.9111,0.9745,0.5817,0.1426,0.4129,0.4726,0.5814,1.1355,0.4492,0.8046,1.1338,0.5949,0.6617,0.7088,0.6963,False
SYN-SUBJ-009,SYN-SUBJ-009-SESS-0,23,ENCODING,synthetic,1.5114,1.4562,0.7162,1.3564,0.5274,1.1893,1.3306,1.003,0.8142,0.5918,1.2937,1.6674,0.8636,0.6457,0.0,1.2639,1.5218,0.5555,0.8672,0.3871,0.1065,False
SYN-SUBJ-009,SYN-SUBJ-009-SESS-0,24,ENCODING,synthetic,1.0067,1.0764,0.7704,1.2758,0.5726,0.6908,1.4408,0.6271,0.9626,0.4953,1.1666,1.6653,0.8833,0.9214,0.4454,1.1221,1.9695,0.8295,0.494,0.3371,0.007,False
SYN-SUBJ-009,SYN-SUBJ-009-SESS-0,25,NEITHER,synthetic,1.0687,0.7036,1.0792,0.4675,0.2345,1.4315,1.2686,1.6268,1.0478,1.0477,0.7493,1.2689,0.8179,1.3198,0.3009,0.8411,0.7269,1.3253,0.6817,0.3258,0.4449,False
SYN-SUBJ-009,SYN-SUBJ-009-SESS-0,26,NEITHER,synthetic,1.0024,0.8358,1.034,1.1837,0.1674,0.758,1.1429,0.9554,0.8049,0.6555,1.2484,1.3287,0.7021,1.379,1.1138,1.4543,1.2557,0.9321,1.1139,0.2838,0.5306,False
SYN-SUBJ-009,SYN-SUBJ-009-SESS-0,27,RECALL,synthetic,1.3386,1.0328,1.6955,0.6767,0.5852,0.8957,0.9588,1.2656,0.8459,0.1056,0.9087,0.9528,1.2323,0.9134,0.0523,1.1015,1.1347,1.6477,0.6649,0.2895,0.6174,False
SYN-SUBJ-009,SYN-SUBJ-009-SESS-0,28,ENCODING,synthetic,3.6988,3.2741,4.6633,4.0676,3.871,3.6653,5.0071,4.2446,5.078,2.2628,3.4976,4.2908,3.4317,4.6407,3.78,3.3489,4.7668,4.1143,4.448,2.0047,5.6828,True
SYN-SUBJ-009,SYN-SUBJ-009-SESS-0,29,NEITHER,synthetic,4.0833,3.9743,5.2704,4.0043,3.0285,4.875,2.9333,2.2816,4.1515,3.9386,4.0263,4.6118,4.3129,4.6842,3.0285,4.7677,3.8608,4.5415,3.3413,3.8301,4.9872,True
SYN-SUBJ-009,SYN-SUBJ-009-SESS-0,30,NEITHER,synthetic,0.5994,1.0115,1.0641,0.2942,0.1086,1.3018,0.531,1.0596,1.1894,0.2929,0.2972,1.2969,0.7001,0.8524,0.0,0.7945,0.9735,1.1405,1.3961,0.5471,0.6934,False
SYN-SUBJ-009,SYN-SUBJ-009-SESS-0,31,ENCODING,synthetic,0.8655,1.4382,0.8225,0.6727,0.538,0.9015,1.844,0.7619,1.0585,0.7739,0.9195,1.5168,0.7558,0.9223,0.3083,0.8596,1.6589,1.3038,0.9129,0.4682,0.9042,False
SYN-SUBJ-009,SYN-SUBJ-009-SESS-0,32,RECALL,synthetic,0.8262,0.8507,1.0742,0.8042,0.586,0.9741,1.7874,1.9521,1.2306,0.7851,0.9996,0.7246,1.531,1.0856,0.296,0.5609,1.0049,1.2401,0.7452,0.4906,0.69,False
SYN-SUBJ-009,SYN-SUBJ-009-SESS-0,33,ENCODING,synthetic,1.0679,1.6731,0.7238,0.9475,0.4895,0.7151,1.7134,0.9697,0.7818,0.6184,0.6814,0.8398,1.6149,1.1153,0.6813,0.9898,1.4348,0.9491,0.7437,0.5367,0.937,False
SYN-SUBJ-009,SYN-SUBJ-009-SESS-0,34,RECALL,synthetic,1.0675,0.5043,1.544,1.0259,0.2512,0.8713,0.8732,1.3365,0.7423,0.2174,0.8825,0.4948,1.5529,0.7459,0.1954,1.0283,1.0573,1.3463,1.3399,0.9897,0.6491,False
SYN-SUBJ-009,SYN-SUBJ-009-SESS-0,35,NEITHER,synthetic,1.1745,0.9717,0.8646,1.2432,0.2066,1.2288,1.1529,0.8378,0.6659,0.9606,0.8601,0.8916,1.1004,0.898,0.4166,0.9559,0.5035,0.9352,0.6369,0.2007,0.9229,False
SYN-SUBJ-009,SYN-SUBJ-009-SESS-0,36,ENCODING,synthetic,1.0984,1.7255,1.2574,0.9024,0.2734,0.8155,1.5608,0.8708,0.5489,0.3837,1.0454,1.3055,0.6677,1.1875,0.4895,0.8055,2.0394,0.8,0.7838,0.3697,0.6857,False
SYN-SUBJ-009,SYN-SUBJ-009-SESS-0,37,ENCODING,synthetic,3.5497,4.2416,3.1809,4.8664,1.5987,3.4142,3.6036,4.5958,3.5675,3.7725,3.8207,4.5105,2.8695,4.0947,4.1168,3.0167,3.7056,3.8662,3.2844,2.0071,2.7976,True
SYN-SUBJ-009,SYN-SUBJ-009-SESS-0,38,ENCODING,synthetic,1.0126,1.553,0.4471,0.7421,0.0683,0.906,1.3406,1.0001,0.8509,0.4547,0.859,1.8429,0.6192,0.9486,0.7693,0.6478,1.981,0.5617,1.0825,0.4933,0.1588,False
SYN-SUBJ-009,SYN-SUBJ-009-SESS-0,39,NEITHER,synthetic,0.7883,0.5446,1.612,0.756,0.7696,1.5239,0.4226,0.7536,0.9096,0.8203,0.7122,1.1769,1.2663,1.3229,0.3903,0.9332,0.5104,0.7399,1.0884,0.1065,0.8861,False
SYN-SUBJ-009,SYN-SUBJ-009-SESS-0,40,RECALL,synthetic,0.8654,0.7497,1.5239,0.7216,0.3178,1.0646,0.5646,1.3116,0.6219,0.4913,0.8899,0.9214,1.8171,0.9397,0.2268,0.7706,0.6567,1.4681,1.4693,0.0,0.0864,False
SYN-SUBJ-009,SYN-SUBJ-009-SESS-0,41,NEITHER,synthetic,0.4456,0.5462,1.0531,1.1063,0.3593,0.9837,0.687,0.7566,1.4588,0.394,0.8939,0.8422,0.7803,0.7396,0.4735,0.9707,0.6582,1.3511,1.1996,0.5668,0.4242,False
SYN-SUBJ-009,SYN-SUBJ-009-SESS-0,42,RECALL,synthetic,0.867,0.6248,1.5981,0.942,0.1938,0.3324,0.7571,1.5549,0.4338,0.5194,1.1178,0.6286,1.6345,1.1912,0.4774,1.0504,1.125,1.8072,0.9059,0.7488,0.361,False
SYN-SUBJ-009,SYN-SUBJ-009-SESS-0,43,RECALL,synthetic,0.8709,1.4045,1.4582,0.8293,0.0,0.5134,0.7483,1.3634,1.1981,0.4642,1.0448,0.8781,1.7314,0.9331,0.3897,0.6814,1.0118,1.3472,1.0677,0.6817,0.6489,False
SYN-SUBJ-009,SYN-SUBJ-009-SESS-0,44,NEITHER,synthetic,0.7294,0.9677,0.892,1.1051,0.7557,0.8795,0.8929,0.596,0.7937,0.4726,1.1503,0.7956,0.8232,0.736,0.4917,0.9583,1.201,0.4298,1.1977,0.5199,0.8152,False
SYN-SUBJ-009,SYN-SUBJ-009-SESS-0,45,RECALL,synthetic,0.6702,1.2376,1.5092,0.9367,0.3116,1.0995,0.5556,1.4938,1.0944,0.3543,0.8671,0.7892,2.0896,1.3034,0.6837,1.4057,0.3983,1.5302,1.0023,0.1569,0.6484,False
SYN-SUBJ-009,SYN-SUBJ-009-SESS-0,46,NEITHER,synthetic,0.6272,0.4274,0.6101,0.5431,0.1341,1.0886,0.9283,0.657,0.7594,0.8704,1.0023,1.0551,0.7348,0.6082,0.4473,0.7385,0.8803,0.8626,1.1079,0.5332,0.3492,False
SYN-SUBJ-009,SYN-SUBJ-009-SESS-0,47,NEITHER,synthetic,0.7767,1.5056,1.043,0.4563,0.8767,1.2254,1.0366,1.1869,0.9975,0.0931,0.9653,1.1997,0.5606,1.1232,0.4081,0.502,0.8255,0.6799,0.5276,0.3445,0.9005,False
SYN-SUBJ-009,SYN-SUBJ-009-SESS-0,48,ENCODING,synthetic,0.8058,1.7957,1.3095,1.1659,0.3153,1.278,1.6245,0.6424,0.7445,0.2658,0.7307,1.5194,0.8743,0.8958,1.0143,1.1548,1.6169,0.6479,1.125,0.7888,0.6738,False
SYN-SUBJ-009,SYN-SUBJ-009-SESS-0,49,RECALL,synthetic,0.7743,1.2129,1.1942,0.8055,0.5302,1.1515,0.9366,1.5709,0.619,0.5513,1.0329,1.0023,1.4002,0.8512,0.358,0.7011,0.8973,1.3412,0.6799,0.3761,0.4243,False
SYN-SUBJ-009,SYN-SUBJ-009-SESS-0,50,NEITHER,synthetic,0.7331,0.58,0.5513,0.6678,0.6393,1.0394,0.8201,0.8728,0.8896,0.3601,0.7142,0.5938,0.9946,1.121,0.7151,0.8121,0.9822,0.8813,1.1341,0.7348,0.4186,False
SYN-SUBJ-009,SYN-SUBJ-009-SESS-0,51,ENCODING,synthetic,1.2173,1.4722,0.9609,0.9173,0.5558,0.7625,1.7452,0.5183,0.4146,0.3754,0.4902,1.5746,1.1931,0.6315,0.4886,1.0014,1.542,0.7277,1.1199,0.397,0.7288,False
SYN-SUBJ-009,SYN-SUBJ-009-SESS-0,52,RECALL,synthetic,0.7728,1.0675,0.925,0.6365,0.7078,0.8568,0.7488,1.3747,0.492,0.502,1.0137,1.1075,1.571,1.0062,0.3908,0.9977,0.8707,1.8758,0.5457,0.0623,0.4238,False
SYN-SUBJ-009,SYN-SUBJ-009-SESS-0,53,RECALL,synthetic,0.5692,0.9231,0.673,1.1511,0.0,0.8389,0.8328,1.6076,0.4142,0.3895,0.9656,0.2803,1.433,0.9539,0.9277,0.6499,1.3148,1.873,1.6472,0.3909,0.4159,False
SYN-SUBJ-009,SYN-SUBJ-009-SESS-0,54,ENCODING,synthetic,1.1907,1.4686,0.8552,0.7191,1.1724,0.8891,1.3651,0.8378,1.1698,0.2475,1.073,1.5554,0.807,1.6082,0.3836,1.1343,1.3231,0.7717,0.9862,0.2058,0.1188,False
SYN-SUBJ-009,SYN-SUBJ-009-SESS-0,55,ENCODING,synthetic,0.5509,1.7735,1.0183,1.0314,0.874,0.693,2.0825,1.1578,0.5737,0.51,0.8336,1.6948,1.1449,0.9721,0.4583,1.1733,1.6206,1.028,0.7921,0.2721,0.2481,False
SYN-SUBJ-009,SYN-SUBJ-009-SESS-0,56,ENCODING,synthetic,1.0818,1.4924,1.2028,0.6911,0.4317,0.6399,1.1851,0.8493,1.0415,0.6099,1.0927,1.3633,0.965,1.0141,0.4768,0.8072,1.8086,1.0757,1.2432,0.4591,0.186,False
SYN-SUBJ-009,SYN-SUBJ-009-SESS-0,57,RECALL,synthetic,1.0923,0.4115,1.2415,1.041,0.601,0.7751,1.0758,1.2597,0.7832,0.5363,0.5726,1.0913,1.3434,1.2222,0.777,0.9941,0.6425,1.3352,0.8784,0.5153,0.1714,False
SYN-SUBJ-009,SYN-SUBJ-009-SESS-0,58,NEITHER,synthetic,0.6732,0.8642,1.4811,1.0777,0.6048,0.6333,0.4952,1.2909,0.5978,0.1701,1.0638,1.1942,1.1441,1.2503,0.2298,0.8891,1.0968,0.7818,1.0286,0.4589,0.2202,False
SYN-SUBJ-009,SYN-SUBJ-009-SESS-0,59,NEITHER,synthetic,0.6946,0.7175,1.0212,0.8693,0.3794,0.4334,0.9679,1.0735,1.4307,0.4838,1.2169,0.8272,1.0601,0.9147,0.0,1.1103,0.6845,0.9612,0.6505,0.5683,0.6634,False
SYN-SUBJ-009,SYN-SUBJ-009-SESS-1,0,RECALL,synthetic,1.1031,1.1501,1.387,0.9728,0.4321,0.959,1.2179,1.42,0.4936,0.2545,0.8366,0.9699,1.4203,0.6757,0.3403,0.7758,0.9936,1.7816,0.6419,0.8451,0.7567,False
SYN-SUBJ-009,SYN-SUBJ-009-SESS-1,1,NEITHER,synthetic,0.7039,0.9591,0.785,1.0049,0.1411,0.53,1.0942,0.7102,0.6679,0.0948,1.1412,1.008,0.8056,1.1294,0.2793,0.8425,1.3345,0.7756,0.9961,0.7803,0.8249,False
SYN-SUBJ-009,SYN-SUBJ-009-SESS-1,2,ENCODING,synthetic,1.114,1.1136,0.9782,0.906,0.3191,0.5045,1.9199,1.0354,1.0626,0.618,0.8664,1.7797,0.5797,0.6633,0.1468,0.2864,1.6806,0.4247,1.2907,0.3925,0.2932,False
SYN-SUBJ-009,SYN-SUBJ-009-SESS-1,3,ENCODING,synthetic,1.2362,1.4748,1.1573,0.8641,0.1229,0.7519,1.697,0.7406,0.8193,0.2871,0.5905,1.809,1.1024,0.7567,1.074,0.972,1.4644,1.2978,1.2624,0.1829,0.4312,False
SYN-SUBJ-009,SYN-SUBJ-009-SESS-1,4,NEITHER,synthetic,0.9909,1.0756,1.305,0.4031,0.5938,1.1987,0.7814,1.2016,1.1644,0.2988,1.416,0.9632,1.0742,0.8141,0.0,0.5388,0.64,0.7645,1.2756,0.0,0.4217,False
SYN-SUBJ-009,SYN-SUBJ-009-SESS-1,5,ENCODING,synthetic,1.2455,1.5788,0.8922,1.0092,0.7056,1.2189,1.6269,1.5466,0.8771,0.4031,1.2268,1.7996,0.8217,0.9278,0.439,0.7918,1.5693,1.1622,0.8521,0.4055,0.8911,False
SYN-SUBJ-009,SYN-SUBJ-009-SESS-1,6,NEITHER,synthetic,1.2082,1.0737,1.0549,0.9441,0.502,0.7763,0.8452,1.377,0.8035,0.6767,1.1821,1.196,0.6321,0.9478,0.0,1.1456,1.1442,0.8239,0.6144,0.5762,0.4627,False
SYN-SUBJ-009,SYN-SUBJ-009-SESS-1,7,NEITHER,synthetic,0.7503,1.5408,0.8073,1.124,0.0,0.6396,1.157,0.9673,1.0783,0.3188,0.8386,0.8336,0.9051,0.8301,0.6565,1.1291,1.3754,0.4883,0.9087,0.5266,0.2243,False
SYN-SUBJ-009,SYN-SUBJ-009-SESS-1,8,RECALL,synthetic,0.8819,0.8078,1.7529,0.5062,0.7918,1.3867,1.4265,1.2433,0.9842,0.075,0.4992,0.9292,1.7544,1.094,0.5075,0.9839,0.8208,1.3149,0.7643,0.9506,0.4914,False
SYN-SUBJ-009,SYN-SUBJ-009-SESS-1,9,NEITHER,synthetic,1.1986,1.2942,1.3698,1.0446,0.6634,1.1963,0.9796,0.4167,0.8754,0.444,0.8928,0.6186,0.9044,1.0121,0.5353,0.7179,1.0276,0.8114,1.336,0.2622,0.7378,False
SYN-SUBJ-009,SYN-SUBJ-009-SESS-1,10,RECALL,synthetic,0.84,1.3291,1.5088,1.0788,0.4571,0.7504,0.6562,1.0813,1.1189,0.4571,1.1088,1.2858,1.6683,0.4482,0.1268,1.2906,1.0764,1.6761,0.7985,0.7266,0.7074,False
SYN-SUBJ-009,SYN-SUBJ-009-SESS-1,11,RECALL,synthetic,0.3834,1.0055,1.8121,1.1679,0.1277,0.4823,0.8151,1.6586,1.3904,0.7079,1.4877,1.2695,1.7694,1.2251,0.4081,0.5271,0.9782,1.8777,0.8606,0.1568,0.2021,False
SYN-SUBJ-009,SYN-SUBJ-009-SESS-1,12,NEITHER,synthetic,0.6569,0.6624,1.137,0.7658,0.2925,1.0116,0.9622,1.3924,1.0237,0.5138,1.0793,0.9553,1.2613,1.13,0.4608,1.031,0.9489,1.0394,0.7522,0.3142,0.0344,False
SYN-SUBJ-009,SYN-SUBJ-009-SESS-1,13,NEITHER,synthetic,0.6759,0.7399,0.6888,0.6199,0.0995,0.7531,0.855,1.1548,1.1073,0.8626,1.1861,1.1359,0.6777,0.77,0.5891,1.0055,0.6528,1.5131,0.8755,0.049,0.0941,False
SYN-SUBJ-009,SYN-SUBJ-009-SESS-1,14,ENCODING,synthetic,0.4789,1.74,0.864,0.9803,0.2534,1.4727,2.0871,0.4086,1.0204,0.3751,1.0411,1.3947,0.6236,0.8356,0.0461,0.5768,1.6074,0.6558,1.3773,0.5329,0.0302,False
SYN-SUBJ-009,SYN-SUBJ-009-SESS-1,15,ENCODING,synthetic,0.9416,1.4781,1.0747,0.8079,0.6179,0.8736,1.4908,0.9747,0.7388,0.4392,0.5055,1.4792,0.6681,1.3179,0.2003,0.9368,1.4629,0.7055,1.1072,0.2169,0.2261,False
SYN-SUBJ-009,SYN-SUBJ-009-SESS-1,16,RECALL,synthetic,0.9947,1.173,1.6189,0.6142,0.7174,0.8567,1.2528,1.5996,1.1794,0.1011,0.9571,0.7148,1.752,0.6612,1.0891,0.8332,1.3356,1.3108,0.7123,0.3224,0.7715,False
SYN-SUBJ-009,SYN-SUBJ-009-SESS-1,17,ENCODING,synthetic,0.9675,1.4918,0.7381,1.2133,0.155,1.1246,1.662,0.7164,0.8579,0.258,0.7737,0.8123,0.9361,1.3135,0.7024,1.0369,1.5202,0.7123,1.1135,0.0351,0.58,False
SYN-SUBJ-009,SYN-SUBJ-009-SESS-1,18,ENCODING,synthetic,1.1801,1.6094,0.9313,1.1054,0.4443,0.9918,1.5347,0.704,0.6472,0.3684,0.846,1.9072,0.8208,0.6338,0.1713,0.6775,1.5403,1.1566,0.8774,0.0,0.4929,False
SYN-SUBJ-009,SYN-SUBJ-009-SESS-1,19,ENCODING,synthetic,1.3555,1.1767,1.0037,0.8137,0.0075,1.3605,1.5201,0.6966,1.0531,0.4301,0.8412,1.4465,0.6989,0.8107,0.6028,0.9569,1.3454,1.3925,0.9633,0.2507,0.4956,False
SYN-SUBJ-009,SYN-SUBJ-009-SESS-1,20,NEITHER,synthetic,0.6542,0.8452,0.6752,1.1257,0.3382,0.8258,0.9337,0.9771,0.9216,0.6138,0.9229,1.1687,0.8328,1.1732,0.5234,0.6437,0.8859,0.3328,0.9062,0.6794,0.4911,False
SYN-SUBJ-009,SYN-SUBJ-009-SESS-1,21,ENCODING,synthetic,0.8352,1.6002,0.6693,1.3867,0.1759,0.8008,1.7197,0.976,0.9063,0.4288,1.262,1.7825,0.8766,1.3756,0.3238,1.0452,1.695,1.0715,0.9854,0.6689,0.0684,False
SYN-SUBJ-009,SYN-SUBJ-009-SESS-1,22,RECALL,synthetic,1.0885,1.0757,1.8612,0.6852,0.5023,0.8616,0.7809,1.4154,0.9304,0.378,0.8176,1.1285,1.2645,0.7524,0.3167,1.0868,0.9152,1.1366,0.9369,0.728,0.2555,False
SYN-SUBJ-009,SYN-SUBJ-009-SESS-1,23,ENCODING,synthetic,1.0976,1.6359,1.1348,0.9662,0.4917,0.7409,1.4514,0.7441,0.7612,0.7061,0.73,1.1391,1.1091,0.9634,0.537,0.9355,1.3228,0.7778,1.0734,0.4124,0.7754,False
SYN-SUBJ-009,SYN-SUBJ-009-SESS-1,24,ENCODING,synthetic,0.6937,1.7639,1.2488,0.7209,0.2982,0.593,1.469,0.5094,0.9132,0.0,0.6934,1.726,0.5735,0.8508,0.8525,0.508,1.3601,1.267,0.2652,0.6427,0.5855,False
SYN-SUBJ-009,SYN-SUBJ-009-SESS-1,25,RECALL,synthetic,3.3779,4.4087,2.9043,3.7009,4.0921,4.1834,3.9492,3.5848,4.7641,4.465,3.2372,3.7295,4.0152,4.4526,3.7403,3.6404,3.4094,4.1597,4.3535,3.7529,5.449,True
SYN-SUBJ-009,SYN-SUBJ-009-SESS-1,26,NEITHER,synthetic,1.005,0.8215,0.7687,1.1768,0.5503,0.906,1.3338,0.8457,1.5086,0.4166,1.1688,0.6588,0.7432,0.9961,0.0736,1.0204,0.841,1.3381,0.7737,0.3379,0.6742,False
SYN-SUBJ-009,SYN-SUBJ-009-SESS-1,27,RECALL,synthetic,0.4889,0.7848,0.9466,1.1871,0.1435,0.9049,1.4553,1.7688,0.9803,0.3648,0.6678,1.0257,1.5451,0.9061,0.2884,0.6121,0.7821,1.2594,0.8493,0.4863,0.7384,False
SYN-SUBJ-009,SYN-SUBJ-009-SESS-1,28,ENCODING,synthetic,1.2357,1.2221,1.1279,0.8528,0.3539,1.3105,1.6242,0.8078,0.8329,0.0887,1.0751,1.411,0.8333,0.511,0.5517,0.423,1.6616,0.8254,0.9657,0.579,0.5349,False
SYN-SUBJ-009,SYN-SUBJ-009-SESS-1,29,RECALL,synthetic,1.1635,0.6477,1.1464,0.7887,0.3886,0.8646,1.2662,1.8286,0.6739,0.6773,1.2001,0.8445,1.5384,0.7292,0.0,0.7389,0.9188,1.3402,0.1969,0.3161,0.4687,False
SYN-SUBJ-009,SYN-SUBJ-009-SESS-1,30,ENCODING,synthetic,0.5981,1.4852,1.2894,1.1079,0.8341,0.936,2.0747,1.4469,1.0857,0.5749,0.7749,1.6422,0.9068,0.8305,0.6944,1.1303,1.4427,0.9282,0.7203,0.321,0.3034,False
SYN-SUBJ-009,SYN-SUBJ-009-SESS-1,31,NEITHER,synthetic,1.1335,0.7236,1.3743,0.8159,0.1636,0.441,1.1981,0.5995,1.0879,0.401,0.5312,0.9383,0.7242,0.9533,0.1273,0.3379,0.9066,0.9316,0.6165,0.4934,0.121,False
SYN-SUBJ-009,SYN-SUBJ-009-SESS-1,32,ENCODING,synthetic,1.2015,2.0425,1.1612,1.2783,0.3852,0.6161,2.1773,1.0576,0.9388,0.1758,0.6322,1.3863,0.6525,0.687,0.3887,0.957,1.3023,0.8705,0.8982,0.2656,0.9928,False
SYN-SUBJ-009,SYN-SUBJ-009-SESS-1,33,NEITHER,synthetic,0.8729,1.0001,0.7822,1.3249,0.3654,0.8141,1.2396,1.1811,1.008,0.2887,1.2133,0.9185,1.1357,0.569,0.4594,0.8877,1.1108,0.9852,0.8431,0.4197,0.6315,False
SYN-SUBJ-009,SYN-SUBJ-009-SESS-1,34,NEITHER,synthetic,0.8346,0.5173,0.9363,0.3393,0.4417,0.9983,1.0698,0.5084,0.8428,0.118,1.1617,0.7382,0.9023,1.1277,0.6484,1.249,0.5633,1.0894,0.4468,0.3039,0.9339,False
SYN-SUBJ-009,SYN-SUBJ-009-SESS-1,35,ENCODING,synthetic,0.6494,1.9308,1.043,0.5742,0.4037,1.1573,1.4765,1.053,0.6985,0.4739,0.8604,1.9559,0.6362,0.9127,0.1173,1.0399,1.2028,0.9342,1.4919,0.4432,0.0404,False
SYN-SUBJ-009,SYN-SUBJ-009-SESS-1,36,RECALL,synthetic,1.0266,1.0359,1.697,1.5555,0.0,1.3967,0.9574,1.6036,1.0706,0.2258,1.1144,0.8739,1.7003,1.4345,0.6005,0.8787,1.4791,1.4658,0.9834,0.0,0.4614,False
SYN-SUBJ-009,SYN-SUBJ-009-SESS-1,37,RECALL,synthetic,1.1684,0.9906,1.2954,1.16,0.2321,1.2322,0.8965,1.6811,0.8044,0.448,0.7554,1.1978,1.0792,0.9704,0.3844,0.8999,0.887,1.1996,1.0213,0.285,0.7233,False
SYN-SUBJ-009,SYN-SUBJ-009-SESS-1,38,RECALL,synthetic,0.9655,1.0616,1.2706,1.0009,0.4239,1.073,1.2934,1.297,1.2572,0.9403,0.6533,0.8965,1.805,0.6415,0.5451,0.6609,1.0316,1.634,0.8292,0.3752,0.2331,False
SYN-SUBJ-009,SYN-SUBJ-009-SESS-1,39,ENCODING,synthetic,1.1144,1.1682,0.9126,0.8503,0.1119,0.8421,1.6375,1.0641,0.9914,0.405,0.9293,1.4935,0.9899,1.1033,0.4586,0.5531,1.3216,0.7016,0.9949,0.2714,0.2809,False
SYN-SUBJ-009,SYN-SUBJ-009-SESS-1,40,RECALL,synthetic,1.0591,0.905,1.1101,0.5138,0.4029,0.9025,0.6683,1.4901,0.5554,0.1844,0.7793,0.7436,1.7763,0.7821,0.1722,0.9677,0.7618,1.1691,1.2162,0.2057,0.3862,False
SYN-SUBJ-009,SYN-SUBJ-009-SESS-1,41,RECALL,synthetic,0.7992,1.0973,1.4996,0.8096,0.1816,1.2044,0.759,1.3875,0.8247,0.3303,0.8768,1.1451,1.3504,0.5881,0.0872,1.0418,1.2699,1.4113,0.696,0.3976,0.2042,False
SYN-SUBJ-009,SYN-SUBJ-009-SESS-1,42,NEITHER,synthetic,0.6166,0.8787,0.7165,0.6856,0.481,1.2025,1.1685,0.7805,1.2538,0.2435,1.1753,0.6448,1.1421,1.0475,0.4393,1.042,0.5108,0.905,1.0484,0.1976,0.3454,False
SYN-SUBJ-009,SYN-SUBJ-009-SESS-1,43,RECALL,synthetic,0.7614,0.5651,1.4575,0.9585,0.0,1.1315,0.905,1.1274,0.6544,0.1055,0.7038,1.0888,1.7223,0.9134,0.0,1.0225,1.0868,1.1424,0.7465,0.3935,0.5595,False
SYN-SUBJ-009,SYN-SUBJ-009-SESS-1,44,RECALL,synthetic,1.2741,1.1458,1.4576,1.1551,0.2483,1.3885,0.8253,1.5287,0.7838,0.7185,0.4887,1.2503,1.2724,0.9916,0.3159,0.6992,0.7725,1.321,0.7562,0.7188,0.0072,False
SYN-SUBJ-009,SYN-SUBJ-009-SESS-1,45,NEITHER,synthetic,0.7543,1.304,0.701,1.0673,0.3058,0.7267,1.0082,0.97,0.868,0.4346,1.2192,1.3257,1.0709,0.9448,0.5288,0.6677,1.0372,1.2885,1.0044,0.8363,0.1677,False
SYN-SUBJ-009,SYN-SUBJ-009-SESS-1,46,NEITHER,synthetic,0.9779,0.7683,0.8857,0.7771,0.5908,0.8757,1.1696,0.796,0.6204,0.2982,1.2711,1.0789,1.0432,0.9345,0.673,1.1695,0.8331,1.2173,0.4039,0.8327,0.0229,False
SYN-SUBJ-009,SYN-SUBJ-009-SESS-1,47,RECALL,synthetic,1.0223,0.8187,1.2235,1.4592,0.0263,1.0701,1.1969,1.201,1.0217,0.6972,0.7825,1.1163,1.5325,0.8903,0.8754,0.9078,1.0104,1.0941,1.0951,0.455,0.0967,False
SYN-SUBJ-009,SYN-SUBJ-009-SESS-1,48,RECALL,synthetic,1.2931,0.7814,1.2433,0.6276,0.3911,0.9154,0.7601,1.6658,0.9348,0.63,0.6306,1.0601,1.2592,1.4576,0.5323,0.5627,1.2362,1.3697,0.9896,0.0,0.7442,False
SYN-SUBJ-009,SYN-SUBJ-009-SESS-1,49,NEITHER,synthetic,0.6049,0.9285,0.7969,0.7221,0.0163,1.5429,0.6756,0.8424,0.9951,0.2284,0.8274,0.965,0.5192,0.8559,0.0,0.9203,0.8635,1.3854,0.7221,0.7009,0.4033,False
SYN-SUBJ-009,SYN-SUBJ-009-SESS-1,50,RECALL,synthetic,0.6803,0.9256,1.4292,0.8447,0.4502,1.2295,0.6287,1.2872,0.8366,0.2513,1.1296,0.3471,1.7234,1.4284,0.279,1.4174,0.738,1.6691,0.8018,0.3434,0.1121,False
SYN-SUBJ-009,SYN-SUBJ-009-SESS-1,51,ENCODING,synthetic,0.5748,1.8298,0.8404,0.9284,0.3557,0.9209,1.4269,1.1197,0.7542,0.261,1.1419,1.5318,0.9867,0.7676,0.2103,1.0862,1.1367,1.0333,0.6136,0.249,0.8813,False
SYN-SUBJ-009,SYN-SUBJ-009-SESS-1,52,RECALL,synthetic,2.7431,4.728,3.8774,2.7581,3.4447,4.563,4.5821,2.7015,3.2655,3.23,4.5965,3.7065,3.1269,2.7424,3.6847,2.8785,3.2598,4.6795,5.4117,2.1584,5.4945,True
SYN-SUBJ-009,SYN-SUBJ-009-SESS-1,53,RECALL,synthetic,1.1897,1.106,1.7023,0.7616,0.0157,1.298,1.052,1.116,0.5962,0.1625,1.3435,1.299,1.1481,0.6464,0.6595,0.9838,1.0119,1.5077,1.1067,0.0101,0.2226,False
SYN-SUBJ-009,SYN-SUBJ-009-SESS-1,54,NEITHER,synthetic,0.6579,1.0429,1.0121,0.6513,0.1227,0.9639,0.7155,0.6637,1.2234,0.821,0.8199,0.5289,1.3915,0.7739,0.9491,0.589,1.3635,0.3151,1.4873,0.4915,0.702,False
SYN-SUBJ-009,SYN-SUBJ-009-SESS-1,55,NEITHER,synthetic,1.1211,1.2058,0.9672,1.0636,0.4467,0.7291,0.5458,1.4404,1.4198,0.5633,1.2197,0.58,1.01,0.9519,0.6038,0.9222,0.9988,0.8611,1.1949,0.3045,0.5222,False
SYN-SUBJ-009,SYN-SUBJ-009-SESS-1,56,RECALL,synthetic,0.8907,0.7434,1.6831,0.9419,0.9395,1.1636,1.0804,1.3795,0.3431,0.7809,0.9747,0.9784,1.4421,1.0178,0.0,1.4756,0.8638,1.5018,0.7758,0.7715,0.168,False
SYN-SUBJ-009,SYN-SUBJ-009-SESS-1,57,ENCODING,synthetic,1.2736,1.6377,0.4139,0.7911,0.3649,0.8156,1.3539,0.6176,0.9781,0.8051,1.248,1.0564,0.984,1.0803,0.1131,1.3293,1.2389,0.9163,0.9061,0.2982,0.4292,False
SYN-SUBJ-009,SYN-SUBJ-009-SESS-1,58,ENCODING,synthetic,1.0473,1.0859,0.7876,1.1541,0.2691,0.6825,1.1492,0.6336,0.9707,0.4619,0.7162,1.4081,1.2615,1.1966,0.4812,0.8703,1.516,0.9917,0.9785,0.5094,0.7545,False
SYN-SUBJ-009,SYN-SUBJ-009-SESS-1,59,ENCODING,synthetic,1.0586,1.5356,1.0279,0.5095,0.921,0.7419,1.5533,0.7412,0.9228,0.0,1.2044,1.099,0.8157,0.565,0.3148,0.9312,1.95,1.0333,1.0387,0.2628,0.5639,False
SYN-SUBJ-010,SYN-SUBJ-010-SESS-0,0,RECALL,synthetic,3.8151,3.9493,4.8088,4.6092,3.6792,3.3442,3.9384,5.1268,3.0281,2.1735,4.7027,4.1526,3.0892,4.4317,3.4211,4.7348,4.0836,3.8554,3.3123,3.1378,2.6571,True
SYN-SUBJ-010,SYN-SUBJ-010-SESS-0,1,RECALL,synthetic,1.1569,1.2696,1.4236,0.635,0.4295,1.5207,1.5104,1.3697,0.7693,0.1553,0.9446,1.6312,1.5419,1.2239,0.4248,0.7727,0.8119,1.3866,1.0655,0.3787,0.7192,False
SYN-SUBJ-010,SYN-SUBJ-010-SESS-0,2,RECALL,synthetic,1.0698,1.0077,1.2701,0.787,0.456,1.4599,0.799,1.1907,0.7859,0.5415,0.732,0.9078,1.3787,0.8836,0.5904,0.6929,0.9878,1.4529,0.9142,0.7029,0.9348,False
SYN-SUBJ-010,SYN-SUBJ-010-SESS-0,3,ENCODING,synthetic,1.075,1.5542,0.8453,1.0774,0.6094,1.0251,1.7205,1.1002,0.7639,0.7799,1.0475,1.5741,0.6796,0.7357,0.2528,1.1818,1.3938,1.4695,1.3754,0.8869,0.0083,False
SYN-SUBJ-010,SYN-SUBJ-010-SESS-0,4,RECALL,synthetic,1.1332,1.1622,1.3485,1.0012,0.3229,1.1295,1.119,1.5234,0.961,0.1262,0.6779,1.0299,1.8497,0.9898,0.6135,0.9577,0.8576,1.0732,0.6671,0.7728,0.9164,False
SYN-SUBJ-010,SYN-SUBJ-010-SESS-0,5,NEITHER,synthetic,0.8276,1.3388,1.2737,1.284,0.2895,1.4267,1.2097,1.0932,0.6927,0.5579,0.6934,0.9314,1.5257,1.2209,0.1895,0.6461,0.5999,0.5626,1.032,0.7795,0.0451,False
SYN-SUBJ-010,SYN-SUBJ-010-SESS-0,6,ENCODING,synthetic,3.184,3.4432,3.654,5.2024,3.0927,4.52,5.0884,3.1299,4.8587,3.7593,4.6023,3.7541,3.8125,4.6496,2.9114,4.3596,4.4634,4.4884,4.9211,2.8242,5.1175,True
SYN-SUBJ-010,SYN-SUBJ-010-SESS-0,7,ENCODING,synthetic,0.8564,1.62,1.1025,1.5167,0.0911,0.8033,1.2033,0.7718,0.9094,0.673,0.9654,1.3726,1.2211,0.6889,0.4325,0.954,1.5887,0.9645,1.2341,0.0,0.7086,False
SYN-SUBJ-010,SYN-SUBJ-010-SESS-0,8,NEITHER,synthetic,1.2035,0.7033,0.9002,0.817,0.8317,0.882,0.9831,0.9404,0.9106,0.3154,1.0126,0.7965,0.5586,0.9319,0.2403,0.8802,1.1084,0.6958,1.2844,0.5693,0.6567,False
SYN-SUBJ-010,SYN-SUBJ-010-SESS-0,9,ENCODING,synthetic,1.0824,1.4325,1.4964,1.3677,0.7017,0.9816,1.6052,1.0018,0.9437,0.3301,1.1141,1.5522,1.1184,1.0641,0.156,1.1952,1.486,0.7904,1.0313,0.51,0.7957,False
SYN-SUBJ-010,SYN-SUBJ-010-SESS-0,10,RECALL,synthetic,2.8805,4.6367,5.0572,3.0235,2.5638,2.5013,2.5579,3.6458,3.5779,3.5692,4.0965,4.2055,4.4518,4.7061,3.2466,5.1809,4.8204,3.6108,4.2175,4.3338,4.3024,True
SYN-SUBJ-010,SYN-SUBJ-010-SESS-0,11,RECALL,synthetic,1.2458,0.9177,1.4455,1.1355,0.3996,1.0693,1.119,1.6351,0.8238,0.0,0.7825,0.7916,1.5608,1.017,0.6039,0.7563,1.5347,1.4421,0.4448,0.5331,0.4633,False
SYN-SUBJ-010,SYN-SUBJ-010-SESS-0,12,RECALL,synthetic,1.2297,1.1046,1.3342,0.8125,0.5284,0.6118,1.3111,1.7154,0.9571,0.8557,1.0128,0.3754,1.684,1.2983,0.8604,0.8455,0.939,1.5883,0.8652,0.3643,0.1209,False
SYN-SUBJ-010,SYN-SUBJ-010-SESS-0,13,ENCODING,synthetic,0.6961,1.0831,0.9726,0.705,0.4172,1.0892,1.1729,1.1134,1.1283,0.5684,0.6565,1.5955,1.0188,0.8508,0.8973,0.4311,0.882,0.8467,1.0468,0.5188,0.4009,False
SYN-SUBJ-010,SYN-SUBJ-010-SESS-0,14,RECALL,synthetic,2.6309,2.8289,3.7596,3.4791,3.9248,3.8025,3.2703,4.9208,3.5378,2.9693,2.9334,3.7366,3.322,3.8834,3.7491,4.0854,4.0461,4.0514,3.4858,2.8983,4.689,True
SYN-SUBJ-010,SYN-SUBJ-010-SESS-0,15,RECALL,synthetic,1.537,0.9785,1.5808,0.9901,0.8099,1.0216,1.0945,1.5045,0.7274,0.6943,0.8489,0.8448,1.4115,0.77,0.639,0.6945,0.9973,1.2681,0.8855,0.3934,0.8334,False
SYN-SUBJ-010,SYN-SUBJ-010-SESS-0,16,RECALL,synthetic,3.0906,2.7601,4.8311,3.5182,3.7658,4.8101,3.36,4.9805,4.5819,2.4423,3.0023,3.2726,5.5179,2.9239,4.5618,2.5242,4.9661,5.0586,3.7302,2.5922,5.3675,True
SYN-SUBJ-010,SYN-SUBJ-010-SESS-0,17,RECALL,synthetic,1.2612,0.9697,1.4371,1.3572,0.0,0.807,0.7104,2.0797,1.3596,0.1782,1.0196,1.1997,1.3683,0.7365,0.2709,0.8074,1.0265,0.8245,1.188,0.2672,0.0451,False
SYN-SUBJ-010,SYN-SUBJ-010-SESS-0,18,ENCODING,synthetic,0.8573,1.3266,1.0527,1.0088,0.6357,0.69,1.9212,0.7386,0.8727,0.5909,1.1486,1.1139,1.5292,1.3671,0.7755,0.8389,1.3956,0.8398,0.6677,0.7656,0.4669,False
SYN-SUBJ-010,SYN-SUBJ-010-SESS-0,19,ENCODING,synthetic,3.7489,5.4469,4.0724,4.434,4.5454,4.1945,3.9531,4.2712,4.18,4.2242,3.8361,5.3068,3.4844,4.8427,4.26,4.4606,5.1182,3.4192,3.7124,3.2907,5.4388,True
SYN-SUBJ-010,SYN-SUBJ-010-SESS-0,20,NEITHER,synthetic,1.1292,1.1467,0.501,0.6068,0.2291,1.1057,0.5946,0.6207,0.9417,0.2197,1.2094,1.1327,0.6625,1.3903,0.4123,0.7039,1.3739,1.0505,0.8114,0.8139,0.8635,False
SYN-SUBJ-010,SYN-SUBJ-010-SESS-0,21,NEITHER,synthetic,3.6463,3.0781,4.1528,4.2746,3.6659,3.2663,2.7073,2.3906,3.428,4.2308,2.3788,3.7188,3.7525,4.8935,3.7272,3.2353,4.3005,2.4566,5.1685,2.5599,3.2316,True
SYN-SUBJ-010,SYN-SUBJ-010-SESS-0,22,RECALL,synthetic,2.4304,4.6383,4.6295,2.7127,3.6442,3.2091,3.9992,3.3087,3.0162,2.8909,4.3375,4.0888,4.0546,4.7969,2.3655,3.4466,3.7115,5.1967,4.4717,4.0329,2.6868,True
SYN-SUBJ-010,SYN-SUBJ-010-SESS-0,23,ENCODING,synthetic,3.8502,4.1524,4.3006,3.1294,3.2075,3.6648,4.1049,3.8187,2.4424,4.3695,3.7006,5.3386,3.6396,4.9043,4.4831,3.99,3.7351,4.4092,4.8933,2.898,4.1831,True
SYN-SUBJ-010,SYN-SUBJ-010-SESS-0,24,NEITHER,synthetic,1.0327,0.8659,0.6247,1.0912,0.5843,1.1971,1.4553,0.8935,1.0495,0.5072,1.1016,1.0898,1.2406,0.7475,0.7548,0.7751,0.9559,0.8012,0.641,1.0187,0.2485,False
SYN-SUBJ-010,SYN-SUBJ-010-SESS-0,25,RECALL,synthetic,0.8674,0.7708,1.5587,0.8324,0.0765,1.3113,1.0076,1.5022,0.6324,0.4951,0.5008,0.6426,1.8781,1.0659,0.3043,0.3346,0.9999,1.0666,0.9101,0.3942,0.5309,False
SYN-SUBJ-010,SYN-SUBJ-010-SESS-0,26,RECALL,synthetic,0.7914,0.9955,1.5179,0.9705,0.9631,0.8806,1.1226,1.6852,0.888,0.4019,1.3511,1.3295,1.1055,0.7755,0.2877,0.6397,0.953,1.6708,1.4492,0.0475,0.2449,False
SYN-SUBJ-010,SYN-SUBJ-010-SESS-0,27,NEITHER,synthetic,0.8293,1.047,0.8018,0.9765,0.3798,0.6812,0.9978,0.9762,0.6881,0.4627,1.1768,0.9756,1.0559,0.6819,0.3597,0.8188,1.3609,1.0192,1.1465,0.6202,0.4612,False
SYN-SUBJ-010,SYN-SUBJ-010-SESS-0,28,RECALL,synthetic,1.3061,1.2451,1.0971,1.1796,0.7702,1.0086,0.8572,1.3737,1.1134,0.5425,0.947,1.3981,1.9269,0.8454,0.2707,1.0008,1.0324,1.0579,0.6727,0.6824,0.9643,False
SYN-SUBJ-010,SYN-SUBJ-010-SESS-0,29,RECALL,synthetic,0.8576,1.1708,1.4872,0.6498,0.6151,1.1562,1.1403,1.6463,0.532,0.6102,0.6265,1.022,1.6277,1.3545,0.821,0.8203,0.8142,2.0532,1.3624,0.4591,0.128,False
SYN-SUBJ-010,SYN-SUBJ-010-SESS-0,30,ENCODING,synthetic,1.0302,1.2033,0.9067,1.0029,0.0998,0.7578,1.7836,1.0134,0.9045,0.3566,0.9606,1.4703,0.6806,1.0551,0.438,1.1871,1.5322,0.9192,1.2484,0.6865,0.7565,False
SYN-SUBJ-010,SYN-SUBJ-010-SESS-0,31,RECALL,synthetic,0.8637,1.2328,1.2636,0.5734,0.4173,0.9315,1.3771,1.3395,0.8136,0.3673,0.9641,1.1779,1.2424,0.49,0.5269,1.0981,1.2616,1.8581,1.4254,0.6821,0.8681,False
SYN-SUBJ-010,SYN-SUBJ-010-SESS-0,32,ENCODING,synthetic,0.7169,1.6781,1.2009,0.7532,0.1807,1.0492,1.1511,0.9297,0.8972,0.7605,0.7958,1.6068,1.5706,1.1701,0.6677,0.9148,1.1174,0.883,1.1708,0.4692,0.1033,False
SYN-SUBJ-010,SYN-SUBJ-010-SESS-0,33,RECALL,synthetic,3.9805,3.8594,3.577,2.5085,3.1979,4.1466,2.4161,5.366,3.487,3.0731,4.13,4.6612,4.0843,4.454,2.3607,3.4622,3.8209,5.4993,2.8613,2.5526,4.9781,True
SYN-SUBJ-010,SYN-SUBJ-010-SESS-0,34,ENCODING,synthetic,0.9125,1.1216,1.142,0.9452,0.0278,0.987,1.9201,0.9488,0.9527,0.6728,1.0614,1.4676,1.1913,1.2965,0.4504,0.8418,1.9377,0.5234,1.2514,0.9097,0.1055,False
SYN-SUBJ-010,SYN-SUBJ-010-SESS-0,35,RECALL,synthetic,0.7561,0.8833,1.2783,0.5575,0.7115,1.149,1.1339,1.2869,0.8653,0.6328,1.0118,0.7245,1.5668,0.6687,0.1724,0.8922,1.074,1.7268,1.3408,0.5643,0.4827,False
SYN-SUBJ-010,SYN-SUBJ-010-SESS-0,36,RECALL,synthetic,1.0993,1.1717,1.5618,0.9008,0.5739,0.8436,0.839,0.9087,0.9963,0.5191,0.9065,0.9346,1.7164,0.5683,0.332,0.7727,1.2616,1.2405,1.3872,0.8822,0.9582,False
SYN-SUBJ-010,SYN-SUBJ-010-SESS-0,37,RECALL,synthetic,0.7759,1.3386,1.3834,1.1114,0.9093,1.2418,0.8575,1.9012,0.9052,0.4118,1.0259,1.1308,1.1722,0.9949,0.272,1.0922,0.6724,1.7387,1.0321,0.4412,0.0795,False
SYN-SUBJ-010,SYN-SUBJ-010-SESS-0,38,ENCODING,synthetic,0.7793,1.448,1.2312,0.92,0.616,0.752,1.3498,0.8295,0.8949,0.0,0.8035,1.6449,0.643,1.477,0.3748,0.8552,1.3561,0.3661,0.8916,1.0151,0.5463,False
SYN-SUBJ-010,SYN-SUBJ-010-SESS-0,39,NEITHER,synthetic,0.5048,1.0481,0.9751,0.6898,0.7891,1.0165,1.0788,1.3568,1.2846,0.5524,1.115,0.9693,1.0466,0.8846,0.116,0.943,0.5935,1.2315,0.886,0.4097,0.9096,False
SYN-SUBJ-010,SYN-SUBJ-010-SESS-0,40,NEITHER,synthetic,0.9835,1.0112,1.3028,0.8392,0.5328,0.6367,0.474,0.662,0.8571,0.2826,0.9475,1.2643,0.8704,0.9878,0.2258,0.7401,1.0578,0.9806,0.7838,0.558,0.0079,False
SYN-SUBJ-010,SYN-SUBJ-010-SESS-0,41,ENCODING,synthetic,0.8712,1.5333,0.8313,1.1493,0.8759,0.7208,1.6972,1.2565,1.3538,0.3134,1.4382,1.5661,1.3444,1.114,0.8399,1.1299,1.8363,1.0928,0.7527,0.0736,0.3273,False
SYN-SUBJ-010,SYN-SUBJ-010-SESS-0,42,ENCODING,synthetic,1.1388,1.3258,0.9003,1.1054,0.3256,0.7862,1.4959,0.6194,0.9223,0.2728,1.5577,1.3275,1.2119,1.3059,0.4484,0.9285,1.4023,1.0663,0.7755,0.2843,0.1442,False
SYN-SUBJ-010,SYN-SUBJ-010-SESS-0,43,NEITHER,synthetic,1.0664,1.311,0.8574,1.0702,0.1642,1.301,1.0056,0.7612,0.8867,0.5162,0.6516,0.6968,1.2191,1.0157,0.3985,1.2774,0.7623,0.5184,0.871,0.0915,0.243,False
SYN-SUBJ-010,SYN-SUBJ-010-SESS-0,44,NEITHER,synthetic,0.7789,1.0827,0.8914,0.7672,0.6772,1.0157,1.0589,0.8062,1.0199,0.3685,0.5682,1.217,1.0646,0.9438,0.3194,0.5023,1.2734,0.7816,0.2574,0.7684,0.2446,False
SYN-SUBJ-010,SYN-SUBJ-010-SESS-0,45,RECALL,synthetic,0.9172,0.8676,1.7011,1.1458,0.0,0.8607,0.7395,1.1103,1.2568,1.0912,0.6294,1.1106,1.2366,0.7009,0.7313,1.2032,1.0612,1.8551,1.1501,0.7916,0.479,False
SYN-SUBJ-010,SYN-SUBJ-010-SESS-0,46,RECALL,synthetic,0.8052,0.9718,1.8224,1.0401,0.7357,1.0287,1.2602,1.4032,1.0715,0.711,0.9282,1.3156,1.1824,1.0226,0.5634,1.393,1.5541,1.2135,0.9663,0.3732,0.3687,False
SYN-SUBJ-010,SYN-SUBJ-010-SESS-0,47,ENCODING,synthetic,1.0148,1.867,1.1459,0.7077,0.3502,0.8085,1.262,1.0695,0.742,0.3558,0.852,1.3848,1.4301,0.851,0.7671,0.4561,1.0501,1.3866,0.7362,0.4094,0.9291,False
SYN-SUBJ-010,SYN-SUBJ-010-SESS-0,48,RECALL,synthetic,0.6982,1.1438,1.4785,0.6498,0.5045,0.8931,0.5583,1.6001,1.1059,0.6925,1.127,1.3452,1.2848,0.32,0.4609,0.9592,0.6939,1.6224,1.0174,0.2389,0.3496,False
SYN-SUBJ-010,SYN-SUBJ-010-SESS-0,49,NEITHER,synthetic,0.7983,1.2705,0.8217,1.0081,0.2478,0.8,0.8526,1.0163,1.0197,0.6304,1.2968,0.4163,1.2537,1.0391,0.3184,1.2267,0.8149,1.0583,1.1863,0.7197,0.4791,False
SYN-SUBJ-010,SYN-SUBJ-010-SESS-0,50,NEITHER,synthetic,0.7233,1.0345,1.0336,1.2813,0.6395,1.2834,1.4139,1.145,1.1785,0.308,0.8757,1.0388,0.8253,0.7862,0.5342,0.3679,1.1963,1.0982,1.1523,0.5962,0.282,False
SYN-SUBJ-010,SYN-SUBJ-010-SESS-0,51,ENCODING,synthetic,1.0479,1.3762,1.0891,1.0793,0.3612,1.0155,1.6848,0.7825,1.1043,0.2236,0.9668,1.7512,1.2012,0.9135,0.6075,0.8517,1.62,1.1589,1.0455,0.2885,0.0574,False
SYN-SUBJ-010,SYN-SUBJ-010-SESS-0,52,RECALL,synthetic,0.7783,1.0071,1.5037,1.5071,0.3496,1.2987,0.5225,1.7633,0.837,0.8011,1.0686,0.7193,2.0521,1.0778,0.0,1.2468,1.1353,1.6442,0.7604,0.4197,0.1802,False
SYN-SUBJ-010,SYN-SUBJ-010-SESS-0,53,ENCODING,synthetic,0.8278,1.6761,0.6701,1.0327,0.8662,1.0246,1.9334,0.7724,1.2065,0.4446,0.597,2.0793,0.8834,0.7367,0.6219,1.237,1.6767,0.9428,1.1175,0.7216,0.0321,False
SYN-SUBJ-010,SYN-SUBJ-010-SESS-0,54,RECALL,synthetic,1.1761,0.8787,1.2479,0.7615,0.4435,1.1855,0.8866,1.5263,1.0191,0.4445,0.7739,1.2084,1.1979,1.3447,0.6392,0.9214,0.9657,1.4512,1.0566,0.5201,0.7747,False
SYN-SUBJ-010,SYN-SUBJ-010-SESS-0,55,NEITHER,synthetic,1.1847,1.1506,0.9629,0.9997,0.7006,0.9219,0.7519,0.8925,1.2481,0.4965,0.9696,1.2106,0.4978,1.2973,0.7764,0.9602,1.2562,0.6444,1.096,0.7489,0.0107,False
SYN-SUBJ-010,SYN-SUBJ-010-SESS-0,56,NEITHER,synthetic,1.3334,1.4115,1.1576,0.7735,0.8097,0.7559,0.7632,0.7909,0.5745,0.849,0.556,0.759,0.7515,0.7151,0.5334,1.1511,0.7213,0.8958,1.0651,0.2875,0.0368,False
SYN-SUBJ-010,SYN-SUBJ-010-SESS-0,57,NEITHER,synthetic,5.0503,3.9222,2.9408,3.9861,3.2862,4.68,3.7912,3.9297,3.6476,2.8267,4.242,2.7353,3.186,4.1932,2.9802,3.0904,4.3229,2.8828,2.2876,2.4389,3.7903,True
SYN-SUBJ-010,SYN-SUBJ-010-SESS-0,58,NEITHER,synthetic,0.9929,1.0002,1.0191,0.6324,0.398,0.6592,1.1477,0.9343,0.7145,0.0799,0.7584,0.6258,1.2083,1.4498,0.4191,0.7422,0.6154,1.0219,0.9004,0.2056,0.8651,False
SYN-SUBJ-010,SYN-SUBJ-010-SESS-0,59,NEITHER,synthetic,4.8458,3.9058,2.2027,4.397,1.723,2.2639,4.5394,3.793,2.8938,4.5576,4.2377,3.4344,3.6811,4.1469,2.3808,4.7814,2.833,4.2303,4.2929,4.1768,4.0736,True
SYN-SUBJ-010,SYN-SUBJ-010-SESS-1,0,NEITHER,synthetic,1.1386,0.7774,0.8441,1.0968,0.1203,1.4437,0.9559,1.1217,1.1719,0.6776,0.5421,1.2191,0.9399,1.0188,1.055,1.2765,0.4801,0.7511,0.6022,0.4304,0.6098,False
SYN-SUBJ-010,SYN-SUBJ-010-SESS-1,1,RECALL,synthetic,3.29,3.3683,5.1827,2.6038,3.2811,3.3242,3.5975,3.0899,3.5751,3.5542,4.5383,3.7604,3.3214,3.9531,3.4037,4.5811,4.7528,3.8653,3.0614,2.8558,4.2182,True
SYN-SUBJ-010,SYN-SUBJ-010-SESS-1,2,NEITHER,synthetic,3.4351,3.2681,4.0964,4.4181,3.2763,3.5123,3.0301,3.7958,2.6808,2.9349,3.1096,4.669,5.1562,2.7611,3.6758,3.5536,3.4898,3.7242,3.0982,2.419,4.7568,True
SYN-SUBJ-010,SYN-SUBJ-010-SESS-1,3,NEITHER,synthetic,1.2196,1.0098,0.9657,0.9964,0.846,0.8039,0.5638,0.5418,1.1603,0.4313,0.917,0.8521,1.2385,0.7686,0.1442,1.0456,0.668,0.8203,1.0268,0.8031,0.2117,False
SYN-SUBJ-010,SYN-SUBJ-010-SESS-1,4,NEITHER,synthetic,0.7934,0.8101,1.2229,0.9519,0.3946,0.8708,1.1871,1.0692,0.8757,0.6272,0.9548,0.7626,0.7789,0.9663,0.323,0.5714,0.7164,0.7615,1.0545,0.0341,0.2566,False
SYN-SUBJ-010,SYN-SUBJ-010-SESS-1,5,ENCODING,synthetic,1.239,1.3804,1.1178,1.1123,0.2374,1.2866,1.5925,0.9652,1.0253,0.3045,0.8956,1.6329,0.6582,1.1532,0.3843,1.3283,1.855,1.1758,1.0703,0.7566,0.593,False
SYN-SUBJ-010,SYN-SUBJ-010-SESS-1,6,RECALL,synthetic,0.6452,0.7043,1.8737,1.3137,0.9395,1.4711,0.9877,1.5745,0.7013,0.7312,0.7428,0.5322,1.1039,0.8741,0.3487,1.2544,1.3855,1.353,0.8486,0.0,0.2101,False
SYN-SUBJ-010,SYN-SUBJ-010-SESS-1,7,RECALL,synthetic,1.1809,1.0599,1.4183,1.3198,0.6944,1.1406,1.0213,1.2412,1.0488,0.1686,0.5878,1.0903,1.3081,1.3313,0.3278,0.825,1.1243,1.9929,0.7847,0.3248,0.0032,False
SYN-SUBJ-010,SYN-SUBJ-010-SESS-1,8,ENCODING,synthetic,1.7184,1.6942,0.7835,0.9824,0.7318,0.9448,1.436,0.8158,0.7055,0.9591,0.9953,1.8183,1.1191,0.893,0.3274,0.5691,1.9491,1.3751,0.7627,0.9063,0.2592,False
SYN-SUBJ-010,SYN-SUBJ-010-SESS-1,9,NEITHER,synthetic,3.9261,2.7213,4.132,3.6476,4.3917,3.171,2.8642,4.0584,2.182,2.3496,3.5103,5.0211,3.4505,3.7963,4.8397,2.9639,3.0855,2.1989,4.0323,4.6207,3.6506,True
SYN-SUBJ-010,SYN-SUBJ-010-SESS-1,10,RECALL,synthetic,0.9423,1.2134,1.2655,0.6639,0.6117,0.7827,0.6342,1.1756,0.886,0.4388,0.8336,1.093,1.1668,1.204,0.8858,1.217,0.711,1.6465,1.1061,0.0,0.2703,False
SYN-SUBJ-010,SYN-SUBJ-010-SESS-1,11,ENCODING,synthetic,0.7482,1.4944,1.3908,1.0463,0.7768,0.7316,1.8809,1.2518,0.7918,0.3045,0.8843,1.6914,1.1753,1.1102,0.488,1.1896,1.9189,1.1484,1.1166,0.5619,0.9022,False
SYN-SUBJ-010,SYN-SUBJ-010-SESS-1,12,NEITHER,synthetic,1.0052,0.8614,1.3082,0.3484,0.4707,0.7992,1.1339,0.9547,1.0772,0.2144,0.9099,1.2977,0.8579,0.9876,0.7302,1.1521,0.8383,0.8927,0.9115,0.0,0.6938,False
SYN-SUBJ-010,SYN-SUBJ-010-SESS-1,13,NEITHER,synthetic,1.2977,1.1656,0.866,1.0968,0.1014,0.9306,0.9626,1.1179,1.0749,0.0,0.927,1.0309,1.2145,1.1302,0.2118,1.2919,1.5515,0.906,1.2866,1.0981,0.7273,False
SYN-SUBJ-010,SYN-SUBJ-010-SESS-1,14,ENCODING,synthetic,0.7133,1.9862,0.5894,0.5122,0.8512,0.8814,1.5986,1.0034,1.4183,0.6202,0.9921,1.5927,1.458,0.9925,0.2927,0.9971,1.8456,1.1246,0.5475,0.4229,0.7728,False
SYN-SUBJ-010,SYN-SUBJ-010-SESS-1,15,NEITHER,synthetic,0.9934,1.2361,1.7276,1.3195,0.3346,0.9858,0.6919,0.8373,0.4675,0.3414,0.4536,0.7681,1.614,0.8217,0.0,0.4847,0.9859,1.2265,1.1074,0.2501,0.8428,False
SYN-SUBJ-010,SYN-SUBJ-010-SESS-1,16,ENCODING,synthetic,4.9427,3.8463,2.1751,4.1948,3.3458,2.635,4.2627,3.1675,3.3128,4.2119,4.7787,3.3858,4.885,3.9995,3.9274,2.7552,4.3656,4.7231,3.9531,2.5519,4.8472,True
SYN-SUBJ-010,SYN-SUBJ-010-SESS-1,17,ENCODING,synthetic,1.2116,1.2325,1.0749,0.6998,0.4549,1.5405,1.5265,0.9285,1.3419,0.5437,1.5211,1.2344,1.081,1.2868,0.6479,0.8605,1.7191,1.156,0.6204,0.3439,0.6745,False
SYN-SUBJ-010,SYN-SUBJ-010-SESS-1,18,NEITHER,synthetic,0.6786,0.9848,1.3752,0.9401,0.2571,1.2681,0.3267,1.0038,0.983,0.4559,0.987,0.4607,0.7818,1.2477,0.2974,0.7973,0.6956,1.0499,0.7399,0.5389,0.5046,False
SYN-SUBJ-010,SYN-SUBJ-010-SESS-1,19,NEITHER,synthetic,0.7132,1.051,1.0512,0.9471,0.4724,0.8335,1.276,1.3742,1.1763,0.4743,1.1857,0.7208,1.305,1.1087,0.6889,0.9261,1.0834,1.1744,0.558,0.376,0.6123,False
SYN-SUBJ-010,SYN-SUBJ-010-SESS-1,20,RECALL,synthetic,0.5859,0.8347,1.3994,0.9382,0.3717,0.9751,0.4162,1.7566,1.1806,0.2545,0.9865,0.6616,0.8754,1.0757,0.2354,0.7922,1.1189,1.0119,0.6157,0.4517,0.0649,False
SYN-SUBJ-010,SYN-SUBJ-010-SESS-1,21,ENCODING,synthetic,1.0369,1.7055,0.9179,0.9942,0.6173,1.176,1.3682,0.528,0.9768,0.9093,0.5206,1.7497,0.9762,1.3456,0.3803,1.0811,2.0403,1.213,1.1784,0.0,0.8732,False
SYN-SUBJ-010,SYN-SUBJ-010-SESS-1,22,NEITHER,synthetic,1.1714,0.82,0.9063,1.1848,0.4103,0.6289,1.1158,0.9806,0.4713,0.6047,0.9476,1.2048,0.8293,0.8483,0.7844,1.0015,1.4758,1.1191,0.8728,0.7743,0.954,False
SYN-SUBJ-010,SYN-SUBJ-010-SESS-1,23,ENCODING,synthetic,1.1621,1.6191,1.0111,0.7357,0.428,1.0655,1.5699,0.5952,1.1603,0.5483,0.6599,1.5556,1.4537,1.4355,0.5602,0.6913,1.5229,1.3714,1.0293,0.3011,0.7153,False
SYN-SUBJ-010,SYN-SUBJ-010-SESS-1,24,NEITHER,synthetic,3.1829,2.8042,3.175,2.5581,2.5636,3.6264,3.9386,2.7199,2.3694,3.8408,4.4835,2.5678,3.0796,2.906,2.7668,3.4718,2.7597,4.6413,2.5026,2.6889,3.3204,True
SYN-SUBJ-010,SYN-SUBJ-010-SESS-1,25,RECALL,synthetic,0.9991,0.9736,1.1582,1.251,0.7799,1.0392,0.0833,1.4312,0.8635,0.555,1.614,0.5437,1.7136,0.9367,0.3598,1.193,1.1075,1.5599,0.5972,0.5895,0.7585,False
SYN-SUBJ-010,SYN-SUBJ-010-SESS-1,26,NEITHER,synthetic,0.6621,0.8658,0.4524,1.1124,0.223,0.7181,1.0236,0.921,1.0491,0.2039,0.9833,1.375,1.1875,0.9013,0.4185,1.1582,0.9512,0.6413,1.0794,0.5907,0.4766,False
SYN-SUBJ-010,SYN-SUBJ-010-SESS-1,27,ENCODING,synthetic,1.1542,1.7251,1.1114,0.823,0.7309,1.394,1.3883,1.3356,1.1902,0.0973,1.0924,1.5241,1.2887,1.0336,0.4464,1.3028,1.5054,0.8065,1.1074,0.4002,0.6337,False
SYN-SUBJ-010,SYN-SUBJ-010-SESS-1,28,ENCODING,synthetic,0.814,1.3653,1.0048,0.9033,0.6261,0.5958,1.4048,0.7684,0.9292,0.2732,0.6443,2.1091,1.0939,1.1415,0.1837,1.0191,1.2545,0.6288,1.1035,0.4581,0.4106,False
SYN-SUBJ-010,SYN-SUBJ-010-SESS-1,29,NEITHER,synthetic,1.0409,0.7413,1.1156,1.0367,0.5481,0.6356,1.0537,1.0019,0.8188,0.2949,0.9103,1.483,1.1639,0.7546,0.7635,0.9022,0.5716,0.8926,0.8086,0.9323,0.4502,False
SYN-SUBJ-010,SYN-SUBJ-010-SESS-1,30,NEITHER,synthetic,0.7958,0.8621,0.7357,0.8895,0.203,0.3234,0.8762,0.5478,0.7153,0.1547,0.5632,1.4274,1.4898,1.4312,0.8346,0.9666,0.7083,1.2198,1.2685,0.5301,0.7561,False
SYN-SUBJ-010,SYN-SUBJ-010-SESS-1,31,RECALL,synthetic,0.9599,1.7082,1.3447,1.0256,0.2787,1.1967,1.1502,1.3316,0.7127,1.08,1.0422,1.4163,1.7767,1.6792,0.2697,0.7406,0.9012,1.7101,1.1114,0.6188,0.4334,False
SYN-SUBJ-010,SYN-SUBJ-010-SESS-1,32,RECALL,synthetic,0.9404,1.2608,1.3879,0.8758,0.1803,0.8945,1.0365,1.7207,0.3272,0.2033,0.9798,1.1689,1.4995,0.7838,0.8675,0.8547,0.6398,1.5513,1.397,0.3525,0.8401,False
SYN-SUBJ-010,SYN-SUBJ-010-SESS-1,33,NEITHER,synthetic,1.0139,0.2216,0.8376,1.2419,0.2245,0.9652,1.4396,0.8033,0.605,0.4284,0.9177,1.0369,0.8119,1.4312,0.4343,0.6692,1.1026,0.9494,0.4024,0.3093,0.8415,False
SYN-SUBJ-010,SYN-SUBJ-010-SESS-1,34,ENCODING,synthetic,0.8969,2.07,1.0522,1.3997,0.8803,0.9463,1.5044,0.5574,0.9522,0.4511,1.1147,1.7528,1.0818,0.8311,0.6741,0.7768,1.7991,1.1812,1.1804,0.0415,0.4746,False
SYN-SUBJ-010,SYN-SUBJ-010-SESS-1,35,ENCODING,synthetic,0.6844,1.6045,1.4046,0.9308,0.8839,1.2789,2.0156,1.0805,0.7194,0.9337,1.0645,1.9575,0.906,1.0173,0.6154,1.2873,1.7801,1.0557,1.0895,0.5674,0.637,False
SYN-SUBJ-010,SYN-SUBJ-010-SESS-1,36,ENCODING,synthetic,0.8096,1.6347,0.9553,1.142,0.6691,0.7952,1.5967,0.7135,1.1744,0.5447,1.0045,1.6909,0.8706,1.1964,0.4535,1.2408,2.0121,1.0406,0.7213,0.6699,0.7541,False
SYN-SUBJ-010,SYN-SUBJ-010-SESS-1,37,ENCODING,synthetic,0.9674,1.4782,0.7927,0.8692,0.5422,0.4421,1.9301,0.8203,1.376,0.1734,0.8354,1.566,1.1205,1.011,0.3816,0.9096,2.0459,0.8774,1.2303,0.5604,0.5353,False
SYN-SUBJ-010,SYN-SUBJ-010-SESS-1,38,ENCODING,synthetic,0.4766,1.8329,1.2401,0.7738,0.7103,0.9409,1.9248,1.1329,0.6497,0.6391,0.9512,1.6426,1.137,0.6681,0.3696,1.12,1.3173,0.772,0.4113,0.4543,0.8759,False
SYN-SUBJ-010,SYN-SUBJ-010-SESS-1,39,ENCODING,synthetic,0.6328,1.642,0.9947,1.0584,0.2788,1.2602,1.2992,0.6519,0.9658,0.7444,0.7461,1.419,1.0356,0.9578,0.9243,0.9467,1.711,1.1476,1.3372,0.1979,0.2531,False
SYN-SUBJ-010,SYN-SUBJ-010-SESS-1,40,RECALL,synthetic,1.0317,0.9531,1.8147,1.2414,0.5393,1.011,0.9093,1.807,1.0012,0.8816,0.5791,0.741,1.6835,1.2727,0.776,0.5466,1.103,1.5781,0.7061,0.1188,0.8156,False
SYN-SUBJ-010,SYN-SUBJ-010-SESS-1,41,NEITHER,synthetic,0.74,0.8634,0.8148,1.0006,0.4353,1.086,1.0586,1.1278,0.8577,0.0,1.083,0.9692,1.673,0.9433,0.146,1.3876,1.0968,1.4234,1.159,0.0,0.2226,False
SYN-SUBJ-010,SYN-SUBJ-010-SESS-1,42,NEITHER,synthetic,0.5012,0.7193,1.036,1.3664,0.9666,0.6059,1.4365,1.0903,0.6068,0.4462,1.1068,0.9162,1.0362,1.0423,0.5475,1.1728,0.6131,1.4126,0.9252,0.3742,0.5975,False
SYN-SUBJ-010,SYN-SUBJ-010-SESS-1,43,NEITHER,synthetic,1.3414,0.9676,1.1274,0.7631,0.4013,0.9101,0.812,1.3941,1.247,0.319,0.8768,0.816,1.0837,1.1748,0.3881,0.8148,0.4791,0.9271,0.7566,0.1972,0.116,False
SYN-SUBJ-010,SYN-SUBJ-010-SESS-1,44,RECALL,synthetic,1.0639,0.939,1.1955,1.2491,0.2147,1.2766,0.6431,1.3733,1.0275,0.5488,1.466,1.1677,1.3992,1.1547,0.5091,1.2277,0.9288,1.4169,0.8699,0.2719,0.9181,False
SYN-SUBJ-010,SYN-SUBJ-010-SESS-1,45,RECALL,synthetic,1.1642,1.0042,1.2833,1.3741,0.5849,0.6999,1.2197,1.6046,1.0707,0.2703,1.1893,1.6068,1.3108,0.6365,0.9596,0.8638,0.5478,1.1504,0.9158,0.9031,0.292,False
SYN-SUBJ-010,SYN-SUBJ-010-SESS-1,46,NEITHER,synthetic,1.0852,0.7081,1.3315,1.6096,0.1986,1.239,0.8957,1.2204,0.8742,0.2852,1.0066,1.03,1.1487,0.9286,0.3174,0.9893,0.5206,1.2595,0.9744,0.4679,0.4405,False
SYN-SUBJ-010,SYN-SUBJ-010-SESS-1,47,ENCODING,synthetic,0.8507,1.6241,0.6574,1.5365,0.7866,1.0117,1.6099,0.7728,1.1828,0.4873,0.8899,1.7052,1.3133,0.9761,1.3279,0.3636,1.4975,0.5846,0.798,1.0453,0.3433,False
SYN-SUBJ-010,SYN-SUBJ-010-SESS-1,48,RECALL,synthetic,4.6373,2.4291,3.4552,2.3498,2.998,5.4011,2.6991,3.8071,4.2742,2.4063,3.6077,5.0497,5.4049,4.8492,2.3744,4.8414,3.6535,4.482,3.1743,2.1292,3.0276,True
SYN-SUBJ-010,SYN-SUBJ-010-SESS-1,49,ENCODING,synthetic,0.9779,1.5103,0.9072,1.215,0.8317,0.5053,1.5156,1.2116,0.948,0.5079,1.8132,1.4824,0.6746,1.0021,0.3521,1.0981,2.0265,1.1862,0.4778,0.7199,0.4646,False
SYN-SUBJ-010,SYN-SUBJ-010-SESS-1,50,RECALL,synthetic,3.1988,2.9169,2.9585,2.9061,2.9487,5.1715,3.6521,5.4394,2.8339,3.1027,4.1008,3.4519,5.1049,3.1576,4.7987,2.4472,3.1503,3.942,5.1863,3.4065,2.9478,True
SYN-SUBJ-010,SYN-SUBJ-010-SESS-1,51,ENCODING,synthetic,1.2043,1.6963,0.951,1.1583,0.3744,0.9573,1.5176,1.1338,0.4437,0.3681,0.8219,1.2935,0.5127,0.8251,0.1358,1.1005,1.5056,0.7373,1.0036,0.1826,0.6048,False
SYN-SUBJ-010,SYN-SUBJ-010-SESS-1,52,ENCODING,synthetic,0.4933,1.6813,0.9163,1.1034,0.0,0.8692,1.0744,0.3589,1.1902,0.0,1.1736,1.1073,0.7958,0.722,0.6283,1.2785,1.0769,1.4699,0.6224,0.2173,0.6206,False
SYN-SUBJ-010,SYN-SUBJ-010-SESS-1,53,ENCODING,synthetic,4.0417,3.7169,3.4492,4.3268,3.5241,2.9492,4.3259,3.7983,3.2264,2.7956,3.9519,4.6677,2.6151,3.8615,3.2464,4.1249,3.5869,4.3267,3.7893,3.0992,4.9403,True
SYN-SUBJ-010,SYN-SUBJ-010-SESS-1,54,NEITHER,synthetic,0.8308,1.6152,1.1895,1.0922,0.0,0.6841,0.4531,1.3177,1.5031,0.905,0.8861,1.1591,1.1439,1.5726,0.0024,1.1278,0.9735,0.9837,1.0418,0.536,0.5059,False
SYN-SUBJ-010,SYN-SUBJ-010-SESS-1,55,NEITHER,synthetic,0.7119,0.779,0.8591,1.1174,0.6493,0.8501,1.1924,1.3104,1.0242,0.5889,0.5044,1.1432,0.8246,0.6734,0.5008,0.6986,1.1711,0.9288,0.8229,0.6458,0.0732,False
SYN-SUBJ-010,SYN-SUBJ-010-SESS-1,56,ENCODING,synthetic,1.5075,1.2812,1.187,1.1963,0.6963,0.4471,1.8208,0.9275,1.5058,0.0868,0.6874,1.8829,0.647,1.0074,0.4294,0.9089,1.5842,1.2661,1.0636,0.5894,0.278,False
SYN-SUBJ-010,SYN-SUBJ-010-SESS-1,57,ENCODING,synthetic,0.9404,0.8436,1.2491,1.0694,0.0862,1.4251,1.8239,0.7691,0.9994,0.641,0.9323,1.487,0.9454,0.9196,0.0203,1.1349,1.4781,1.2176,0.8357,0.523,0.3578,False
SYN-SUBJ-010,SYN-SUBJ-010-SESS-1,58,RECALL,synthetic,1.0771,1.1294,1.034,0.9703,0.2921,0.7753,1.1925,1.2088,1.1146,0.4052,1.2846,0.8903,1.4838,1.1259,0.7439,1.2432,0.7467,1.4817,1.3856,0.2499,0.1731,False
SYN-SUBJ-010,SYN-SUBJ-010-SESS-1,59,ENCODING,synthetic,0.8038,1.5234,0.8421,0.8927,0.383,0.9095,1.2643,0.5971,0.7542,0.8512,0.7057,1.7007,1.1661,0.9928,0.4421,0.9429,1.462,1.0713,0.8789,0.4147,0.2731,False
SYN-SUBJ-011,SYN-SUBJ-011-SESS-0,0,NEITHER,synthetic,0.9328,0.6269,1.1378,0.7505,0.0766,1.2378,0.8424,1.2879,0.5069,0.468,0.7209,1.0162,0.5932,1.0479,0.3958,0.9873,1.1925,1.1041,0.8658,0.1431,0.6529,False
SYN-SUBJ-011,SYN-SUBJ-011-SESS-0,1,RECALL,synthetic,1.1377,0.3351,1.386,0.6306,0.186,1.0866,0.6521,1.4864,0.8759,1.0538,1.1062,0.9507,1.7554,0.9028,0.8214,0.6711,1.054,1.5888,0.7777,0.576,0.185,False
SYN-SUBJ-011,SYN-SUBJ-011-SESS-0,2,RECALL,synthetic,0.8015,1.2227,1.0785,0.8457,0.1374,0.7199,1.1638,1.3761,0.8221,0.5744,1.0159,1.113,1.2604,0.59,0.2914,0.6413,0.6205,1.1732,0.4569,0.2844,0.2322,False
SYN-SUBJ-011,SYN-SUBJ-011-SESS-0,3,NEITHER,synthetic,0.8569,0.822,0.6751,1.0786,0.214,1.3499,0.5818,1.0207,0.895,0.8315,1.0435,0.9817,0.9911,1.1771,0.5022,1.1836,1.032,0.7716,0.9837,0.3956,0.9218,False
SYN-SUBJ-011,SYN-SUBJ-011-SESS-0,4,NEITHER,synthetic,1.1145,0.9144,0.6621,0.8806,0.1659,0.8513,1.0213,1.0368,1.0254,0.5882,0.7715,1.0504,0.6477,1.0281,0.3779,1.1584,1.048,0.8337,1.1294,0.5044,0.5719,False
SYN-SUBJ-011,SYN-SUBJ-011-SESS-0,5,NEITHER,synthetic,0.4883,0.8789,1.0406,0.9817,0.2363,1.0875,0.575,1.042,1.0689,0.3517,1.3356,0.846,0.4467,0.7634,0.0632,1.2933,0.5237,0.7975,1.214,0.5344,0.9234,False
SYN-SUBJ-011,SYN-SUBJ-011-SESS-0,6,RECALL,synthetic,0.8249,0.933,1.6308,1.1236,0.278,0.8226,1.0617,1.0169,1.2253,0.7426,1.079,0.7972,0.9998,0.9548,0.4643,1.0268,1.0042,1.0234,0.7507,0.352,0.5252,False
SYN-SUBJ-011,SYN-SUBJ-011-SESS-0,7,RECALL,synthetic,0.5507,0.9139,1.4864,1.1502,0.3337,0.5453,0.9915,1.3739,0.9784,0.2909,1.3423,0.8485,1.283,0.8865,0.4044,0.5064,1.0996,1.3787,0.8134,0.0142,0.1272,False
SYN-SUBJ-011,SYN-SUBJ-011-SESS-0,8,ENCODING,synthetic,1.1473,1.4065,0.9888,0.9607,0.4558,0.4393,1.2706,0.6361,0.5263,0.0,0.8538,1.2392,1.095,0.4752,0.3394,0.627,1.5106,0.9445,0.6797,0.5498,0.2171,False
SYN-SUBJ-011,SYN-SUBJ-011-SESS-0,9,ENCODING,synthetic,1.1153,1.4617,0.679,0.8548,0.355,0.6389,1.3173,1.2185,1.052,0.4923,0.9168,1.8404,0.6483,1.4363,0.1303,0.7106,1.4043,1.2482,0.953,0.3281,0.8841,False
SYN-SUBJ-011,SYN-SUBJ-011-SESS-0,10,NEITHER,synthetic,0.8874,0.6525,0.6438,0.9013,0.4089,0.4702,1.0007,1.3713,1.164,0.2752,1.1019,0.6008,1.1354,0.6519,0.2491,0.9124,0.8567,1.0935,0.908,0.28,0.9073,False
SYN-SUBJ-011,SYN-SUBJ-011-SESS-0,11,ENCODING,synthetic,1.1456,1.6644,0.9032,1.1053,0.1637,0.3345,1.8305,1.2494,0.5287,0.4398,0.6496,1.4984,0.8716,1.1346,0.1328,0.9866,1.3065,0.9101,0.7462,0.6715,0.1067,False
SYN-SUBJ-011,SYN-SUBJ-011-SESS-0,12,RECALL,synthetic,0.9892,1.1076,1.1782,0.9826,0.2491,0.5822,0.9817,1.0703,1.117,0.1338,1.0517,1.2371,1.6987,0.3279,0.0534,1.3633,1.3068,1.6838,0.969,0.2279,0.2496,False
SYN-SUBJ-011,SYN-SUBJ-011-SESS-0,13,ENCODING,synthetic,0.3993,1.5673,0.5492,0.7982,0.6056,0.6876,1.8384,0.5952,0.7115,0.4123,1.1244,1.2691,1.0493,0.5867,0.3238,0.8379,1.3672,0.9207,0.7688,0.2995,0.4416,False
SYN-SUBJ-011,SYN-SUBJ-011-SESS-0,14,NEITHER,synthetic,0.8052,0.6589,0.337,1.0161,0.81,0.7411,1.2369,1.0901,0.5537,0.5603,0.948,0.8761,1.1059,0.7715,0.1699,0.576,0.8205,0.8388,0.7859,0.0,0.1896,False
SYN-SUBJ-011,SYN-SUBJ-011-SESS-0,15,RECALL,synthetic,0.7217,1.0127,1.4196,1.0263,0.463,0.4357,0.7868,1.4372,1.1131,0.6888,1.2722,0.8353,1.1941,0.6779,0.7125,1.338,1.126,1.3168,0.6638,0.3827,0.4618,False
SYN-SUBJ-011,SYN-SUBJ-011-SESS-0,16,ENCODING,synthetic,0.3662,1.4594,0.587,0.9875,0.325,0.7796,1.3421,0.7785,0.6496,0.3225,0.9554,1.5014,0.9677,0.9067,0.0692,1.048,1.6739,1.1152,1.1133,0.1063,0.4758,False
SYN-SUBJ-011,SYN-SUBJ-011-SESS-0,17,RECALL,synthetic,0.8326,1.1179,1.1388,1.0313,0.1798,0.8131,0.8253,1.3969,0.7728,0.8203,0.7687,0.7488,1.2728,0.4334,0.1156,1.2337,0.9004,1.1255,1.0174,0.2285,0.8223,False
SYN-SUBJ-011,SYN-SUBJ-011-SESS-0,18,ENCODING,synthetic,0.8794,1.0757,0.7438,1.1258,0.1663,0.8898,1.5766,0.876,1.1214,0.3671,0.9957,1.0152,0.5587,0.8837,0.088,1.1379,0.9777,0.6594,0.5131,0.6231,0.0126,False
SYN-SUBJ-011,SYN-SUBJ-011-SESS-0,19,NEITHER,synthetic,1.04,0.7947,0.9631,1.2879,0.5681,1.1497,0.7255,1.005,0.8776,0.5201,1.0303,0.8911,1.0116,0.8592,0.5472,0.991,0.5457,1.3286,0.5645,0.0267,0.198,False
SYN-SUBJ-011,SYN-SUBJ-011-SESS-0,20,NEITHER,synthetic,0.6261,0.9079,0.8536,1.0856,0.5799,0.7989,1.2079,1.0056,0.5741,0.4382,0.9359,1.1669,1.0213,1.1718,0.6337,1.124,0.9926,1.2224,1.1971,0.8075,0.6712,False
SYN-SUBJ-011,SYN-SUBJ-011-SESS-0,21,NEITHER,synthetic,0.6956,0.7331,1.5262,1.2741,0.0918,0.3757,0.3968,0.6625,0.8297,0.3631,1.0109,0.5297,0.6576,0.4871,0.4098,0.9623,0.5849,0.7949,1.0965,1.2703,0.2941,False
SYN-SUBJ-011,SYN-SUBJ-011-SESS-0,22,RECALL,synthetic,0.8618,0.8321,1.6389,0.8015,0.5016,1.0595,0.6567,1.4879,0.5854,0.1444,0.9838,1.4496,1.5428,0.5411,0.1857,0.7976,0.5882,1.3495,1.1815,0.0985,0.9054,False
SYN-SUBJ-011,SYN-SUBJ-011-SESS-0,23,ENCODING,synthetic,0.8024,1.6187,0.9441,0.6263,0.0,0.692,1.2519,1.1084,0.9844,0.2441,1.0016,1.411,0.4484,1.0306,0.0306,0.91,1.3265,1.3252,0.6169,0.5453,0.7176,False
SYN-SUBJ-011,SYN-SUBJ-011-SESS-0,24,NEITHER,synthetic,1.2742,0.7851,0.863,1.0377,0.456,0.5128,0.8791,1.0733,1.0739,0.1988,0.8216,0.929,1.389,1.2513,0.0486,0.6417,0.9502,0.9239,0.6664,0.5905,0.1688,False
SYN-SUBJ-011,SYN-SUBJ-011-SESS-0,25,NEITHER,synthetic,0.8618,0.5809,0.6036,0.8446,1.0307,0.8006,0.8571,1.0712,1.0339,0.2647,1.0695,0.9054,1.2704,0.7158,0.2262,0.5712,1.4262,1.1969,0.7233,0.23,0.8,False
SYN-SUBJ-011,SYN-SUBJ-011-SESS-0,26,ENCODING,synthetic,0.8127,1.965,1.0606,0.8549,0.1019,0.4649,1.1817,0.7966,1.121,0.6102,0.9856,1.745,0.4952,0.6516,0.1132,0.5334,1.67,1.5044,0.5324,0.1199,0.6316,False
SYN-SUBJ-011,SYN-SUBJ-011-SESS-0,27,NEITHER,synthetic,1.3154,0.8895,0.9885,0.7798,0.4138,0.788,0.9473,1.1708,0.8409,0.4296,0.7537,0.7502,0.9995,0.967,0.5305,0.9561,0.9807,0.6522,0.8939,0.2086,0.0666,False
SYN-SUBJ-011,SYN-SUBJ-011-SESS-0,28,ENCODING,synthetic,0.9498,1.6192,1.0626,0.9358,0.0,0.7139,1.4167,0.8898,1.1485,0.6095,0.4601,1.1576,0.9905,0.8471,0.4251,0.5977,1.252,1.3725,0.8696,0.3437,0.6992,False
SYN-SUBJ-011,SYN-SUBJ-011-SESS-0,29,NEITHER,synthetic,3.4964,4.3328,4.6186,3.0752,4.0367,3.1165,4.5348,4.8327,2.3252,2.6236,2.4042,3.5581,3.7335,3.1327,4.3935,4.7506,3.9871,3.9563,4.503,2.9454,5.0448,True
SYN-SUBJ-011,SYN-SUBJ-011-SESS-0,30,RECALL,synthetic,0.7711,0.8321,1.4621,0.7538,0.1067,1.1411,1.3737,1.4608,1.0024,0.2567,0.8735,0.982,1.4224,1.2601,0.3872,0.7223,0.7423,1.4279,1.1855,0.7862,0.8841,False
SYN-SUBJ-011,SYN-SUBJ-011-SESS-0,31,ENCODING,synthetic,1.1114,1.6462,0.7653,1.0533,0.0,0.7842,1.5974,1.3963,0.8251,0.3852,0.8826,1.3787,0.7688,0.9234,0.6253,0.1857,1.0222,0.9761,0.4855,0.2889,0.9531,False
SYN-SUBJ-011,SYN-SUBJ-011-SESS-0,32,ENCODING,synthetic,1.0163,1.5747,0.7295,0.9991,0.5143,1.1193,1.5114,0.7328,1.1987,0.4658,1.2121,1.6739,1.0892,0.7877,0.3487,0.8412,1.5195,0.87,0.9092,0.286,0.5219,False
SYN-SUBJ-011,SYN-SUBJ-011-SESS-0,33,ENCODING,synthetic,4.2217,3.217,3.7394,3.6343,3.7478,3.6495,2.791,2.5343,2.3414,2.8583,2.4544,5.524,4.6473,2.815,3.2406,3.7155,2.7876,3.0546,4.2288,2.5518,2.5381,True
SYN-SUBJ-011,SYN-SUBJ-011-SESS-0,34,ENCODING,synthetic,3.2786,4.4423,2.5433,4.8291,2.1346,2.3511,4.1191,4.2511,4.2989,4.288,2.7016,3.9525,3.5744,3.4096,3.3899,2.884,5.4832,3.3797,3.9396,3.1928,2.7809,True
SYN-SUBJ-011,SYN-SUBJ-011-SESS-0,35,ENCODING,synthetic,0.8136,1.3771,1.0021,0.9323,0.9925,0.8708,1.3996,1.4237,0.7898,0.1039,0.7887,1.22,0.8,0.9314,0.4672,0.782,1.1071,0.7218,0.941,0.4232,0.1533,False
SYN-SUBJ-011,SYN-SUBJ-011-SESS-0,36,ENCODING,synthetic,0.8488,1.5757,1.2907,0.5849,0.0,0.976,1.5822,0.9873,0.8894,0.4051,0.8169,1.2606,0.9174,1.1551,0.5723,0.6913,1.3615,0.6989,0.9356,0.5148,0.6173,False
SYN-SUBJ-011,SYN-SUBJ-011-SESS-0,37,RECALL,synthetic,0.7852,0.758,1.3472,1.2032,0.2021,0.9125,0.8077,1.099,1.5052,0.2984,0.5091,0.5345,1.5122,1.2104,0.2323,1.1223,0.8651,1.342,0.8238,0.2006,0.8943,False
SYN-SUBJ-011,SYN-SUBJ-011-SESS-0,38,NEITHER,synthetic,0.5129,0.876,0.9978,1.2046,0.0,0.8072,0.8368,1.083,1.0648,0.59,0.7268,0.7899,0.8406,0.6369,0.3244,0.7643,0.8895,0.9832,0.8555,0.1251,0.454,False
SYN-SUBJ-011,SYN-SUBJ-011-SESS-0,39,ENCODING,synthetic,0.9889,1.6398,1.3777,0.7993,0.6217,0.4517,1.9503,0.5204,0.825,0.3206,1.0912,1.6432,0.8944,1.3177,0.6678,1.1395,1.6452,1.0628,0.812,0.2047,0.689,False
SYN-SUBJ-011,SYN-SUBJ-011-SESS-0,40,RECALL,synthetic,1.004,0.7601,1.6221,1.3266,0.2345,0.8279,0.9318,1.616,1.0799,0.4234,0.5893,1.2213,1.7875,1.2496,0.26,0.7081,0.8559,1.5884,0.9434,0.4633,0.4672,False
SYN-SUBJ-011,SYN-SUBJ-011-SESS-0,41,RECALL,synthetic,0.8104,1.6528,1.2057,1.1942,0.6118,1.2795,0.6748,1.1563,0.733,0.8521,0.911,0.6408,0.8478,0.864,0.695,1.041,1.2757,1.766,0.841,0.6706,0.6105,False
SYN-SUBJ-011,SYN-SUBJ-011-SESS-0,42,RECALL,synthetic,0.8039,1.2058,1.9353,0.3542,0.5077,1.1221,0.9322,1.5496,1.173,0.1924,1.0619,0.7196,1.1032,0.5216,0.0701,1.2607,1.0851,1.4647,1.0586,0.5463,0.9439,False
SYN-SUBJ-011,SYN-SUBJ-011-SESS-0,43,ENCODING,synthetic,0.9206,1.6813,0.9992,0.7786,0.3129,0.7142,1.3337,1.1197,1.0004,0.2843,0.8086,1.6308,1.2392,1.068,0.5424,0.9867,2.02,0.8142,0.9034,0.6676,0.64,False
SYN-SUBJ-011,SYN-SUBJ-011-SESS-0,44,RECALL,synthetic,0.7345,1.2686,1.7373,0.8558,0.6938,0.7146,1.1434,1.4048,0.8728,0.135,0.8456,0.6425,1.615,0.6197,0.3961,1.1544,0.8406,1.4912,1.0533,0.0,0.7958,False
SYN-SUBJ-011,SYN-SUBJ-011-SESS-0,45,NEITHER,synthetic,0.5659,0.6595,1.1041,0.9353,0.0,1.1046,0.8724,0.9869,0.7817,0.3262,1.0605,0.7548,1.3763,1.4701,0.4485,0.9198,1.2401,0.6557,1.1569,1.0412,0.1651,False
SYN-SUBJ-011,SYN-SUBJ-011-SESS-0,46,NEITHER,synthetic,1.0391,0.2624,0.7042,0.8702,0.7634,1.3073,1.1145,0.9748,1.2466,0.5828,0.728,0.7427,0.5451,1.2343,0.0711,0.5957,0.5444,0.5734,0.8873,0.1086,0.8751,False
SYN-SUBJ-011,SYN-SUBJ-011-SESS-0,47,ENCODING,synthetic,2.6815,5.1137,4.1505,3.1288,3.8052,4.6902,5.066,3.0954,4.0974,3.1931,2.9683,3.9975,4.1373,4.3443,2.3386,3.1366,4.3063,3.8873,2.897,2.8675,4.1417,True
SYN-SUBJ-011,SYN-SUBJ-011-SESS-0,48,NEITHER,synthetic,1.2047,0.9664,0.5639,0.6347,0.1704,0.8348,0.9462,0.4264,0.8937,0.467,0.9405,1.5528,0.8312,0.906,0.5398,1.0572,0.6397,0.8014,0.7179,0.2011,0.7167,False
SYN-SUBJ-011,SYN-SUBJ-011-SESS-0,49,NEITHER,synthetic,0.6487,1.1766,1.0915,0.7456,0.5683,0.7601,1.0165,0.9585,1.1589,0.4862,0.9862,0.9923,1.0239,1.0464,0.0723,0.4233,0.3788,0.7986,1.0204,0.5305,0.5824,False
SYN-SUBJ-011,SYN-SUBJ-011-SESS-0,50,ENCODING,synthetic,1.2225,1.4459,0.9084,1.1367,0.3919,1.0291,1.4521,1.0675,0.9439,0.0,1.094,1.4074,1.0602,0.524,0.0546,1.0708,1.203,1.2109,0.7112,0.4286,0.8755,False
SYN-SUBJ-011,SYN-SUBJ-011-SESS-0,51,RECALL,synthetic,0.8817,0.4803,1.3242,0.471,0.3092,1.0169,1.4358,1.1768,0.8667,0.0,0.4951,1.0985,1.429,0.8161,0.1399,0.5016,0.953,0.8993,1.0822,0.1157,0.6345,False
SYN-SUBJ-011,SYN-SUBJ-011-SESS-0,52,ENCODING,synthetic,0.4925,1.321,1.1056,0.8719,0.6135,1.2571,1.3298,0.9983,1.3117,0.0,0.8073,1.451,1.0485,0.9488,0.1862,0.8619,1.4026,0.9163,0.8747,0.4911,0.5704,False
SYN-SUBJ-011,SYN-SUBJ-011-SESS-0,53,ENCODING,synthetic,0.83,1.7364,0.865,0.602,0.1798,1.3138,1.3919,0.8576,1.2579,0.367,0.6601,1.3027,0.8208,0.6665,0.1882,0.7112,1.3302,1.2533,0.8823,0.3306,0.0596,False
SYN-SUBJ-011,SYN-SUBJ-011-SESS-0,54,RECALL,synthetic,0.7325,0.9955,1.3614,1.138,0.6897,1.0249,0.7234,1.3572,0.9803,0.5067,0.7117,1.0391,1.0078,0.5986,0.1756,0.5606,0.9954,1.4127,0.9716,0.357,0.085,False
SYN-SUBJ-011,SYN-SUBJ-011-SESS-0,55,RECALL,synthetic,4.2499,4.8031,4.0387,2.7724,3.4035,4.3922,2.5716,4.448,4.7152,3.4022,2.5053,3.457,5.5848,4.5895,2.7659,2.9858,3.1556,3.8752,4.467,2.5856,5.6483,True
SYN-SUBJ-011,SYN-SUBJ-011-SESS-0,56,NEITHER,synthetic,2.7669,3.7125,4.6291,2.6113,2.5796,2.7407,4.5913,2.9692,4.5812,2.7611,2.8514,3.375,2.29,2.8205,2.1962,4.4049,4.4445,3.2066,3.5395,3.9181,4.1713,True
SYN-SUBJ-011,SYN-SUBJ-011-SESS-0,57,ENCODING,synthetic,5.4193,4.119,4.0603,4.2645,3.3983,2.1557,4.328,4.4042,4.25,2.1643,3.2604,4.102,2.3752,3.8705,3.5001,3.8186,5.372,4.0455,3.7352,1.9748,4.8754,True
SYN-SUBJ-011,SYN-SUBJ-011-SESS-0,58,RECALL,synthetic,1.2403,1.0436,1.1957,0.7739,0.5314,0.5489,0.8266,1.5859,0.8811,0.6032,0.9075,1.2133,1.4783,0.9013,0.2372,1.0376,1.167,1.8077,1.0686,0.1402,0.4955,False
SYN-SUBJ-011,SYN-SUBJ-011-SESS-0,59,RECALL,synthetic,0.8488,0.8844,1.685,1.0231,0.4087,0.546,0.8397,1.4454,1.0489,0.2515,0.8119,0.9055,1.7274,0.7297,0.4221,1.1706,0.9171,0.7656,1.2219,0.1487,0.9076,False
SYN-SUBJ-011,SYN-SUBJ-011-SESS-1,0,NEITHER,synthetic,2.6381,3.3862,3.5076,2.6021,2.5473,3.3573,4.2868,4.0585,2.8671,4.3691,2.6968,3.4251,3.9236,3.7316,3.326,3.5055,4.5707,4.5091,4.4828,2.9485,4.2783,True
SYN-SUBJ-011,SYN-SUBJ-011-SESS-1,1,RECALL,synthetic,0.5068,0.9595,1.2118,1.0777,0.0,1.1315,0.2565,1.7558,1.4272,0.0,0.6438,0.7783,1.3772,0.6354,0.3478,0.9063,0.6646,1.2825,1.0719,0.5591,0.8636,False
SYN-SUBJ-011,SYN-SUBJ-011-SESS-1,2,ENCODING,synthetic,0.6618,1.3484,0.9336,1.0059,0.864,0.5619,1.242,0.8667,0.81,0.3249,1.304,1.9238,0.7158,0.6776,0.0,0.6841,1.7317,0.6825,0.9146,0.0,0.5797,False
SYN-SUBJ-011,SYN-SUBJ-011-SESS-1,3,NEITHER,synthetic,0.4673,0.931,0.542,0.867,0.2437,0.9735,0.3643,0.6324,1.0218,0.4364,0.7476,0.7442,0.974,1.1952,0.4604,0.7441,0.9173,0.426,0.8531,0.123,0.1331,False
SYN-SUBJ-011,SYN-SUBJ-011-SESS-1,4,ENCODING,synthetic,1.0183,1.6348,0.5422,0.6774,0.6717,0.9012,1.5172,0.9975,0.6273,0.1823,0.62,1.4791,0.5128,0.9617,0.686,0.9155,1.3942,0.7276,0.6838,0.5515,0.1499,False
SYN-SUBJ-011,SYN-SUBJ-011-SESS-1,5,ENCODING,synthetic,2.9961,5.066,3.6925,3.1211,3.9151,2.0861,5.4093,2.5024,2.9815,2.3117,3.1154,4.4006,3.3872,3.8147,4.1304,4.7687,4.9879,2.9163,4.1964,3.4974,4.0024,True
SYN-SUBJ-011,SYN-SUBJ-011-SESS-1,6,NEITHER,synthetic,0.6255,0.7357,1.5319,0.8216,0.2131,0.6103,0.9952,1.2272,0.8366,0.3048,1.1744,1.1032,1.102,1.2458,0.0,0.9757,1.4643,0.994,0.7126,0.1834,0.3932,False
SYN-SUBJ-011,SYN-SUBJ-011-SESS-1,7,RECALL,synthetic,1.0801,0.8029,1.4273,0.9702,0.3891,1.1415,1.0754,1.1149,0.8764,0.4182,0.9979,1.2447,1.0787,0.6277,0.2157,0.5882,0.9455,1.3783,0.9202,0.6168,0.345,False
SYN-SUBJ-011,SYN-SUBJ-011-SESS-1,8,NEITHER,synthetic,0.8652,0.5162,0.9896,1.0404,0.1167,1.2861,0.5212,1.0051,0.4783,0.6239,0.6839,0.7702,1.0648,0.4503,0.3734,0.7999,0.6575,1.0409,1.2919,0.5497,0.1258,False
SYN-SUBJ-011,SYN-SUBJ-011-SESS-1,9,RECALL,synthetic,0.7789,1.3626,1.3014,1.1845,0.5937,0.9858,0.9862,1.061,0.5856,0.3731,1.3251,0.5596,1.4647,0.829,0.6243,1.1119,0.6419,1.4755,0.7153,0.2984,0.7259,False
SYN-SUBJ-011,SYN-SUBJ-011-SESS-1,10,RECALL,synthetic,0.4382,1.0577,1.7327,1.2934,0.4502,0.9991,1.2767,1.246,1.1344,0.587,0.7901,1.0577,1.7172,0.7231,0.871,0.9563,1.028,1.5394,1.0864,0.1238,0.2965,False
SYN-SUBJ-011,SYN-SUBJ-011-SESS-1,11,NEITHER,synthetic,1.0447,0.5056,0.7615,1.142,0.4757,0.6438,0.5669,1.128,0.9072,0.6947,1.011,0.6928,0.6512,1.2488,0.9185,0.7334,0.7949,0.5645,1.0848,0.5118,0.3467,False
SYN-SUBJ-011,SYN-SUBJ-011-SESS-1,12,RECALL,synthetic,0.7455,0.8696,1.4831,1.2562,0.8146,0.8091,0.4967,1.8235,0.7473,0.2955,1.0821,0.352,1.2032,0.7854,0.5401,1.1117,0.7811,1.4433,0.9414,0.0147,0.4098,False
SYN-SUBJ-011,SYN-SUBJ-011-SESS-1,13,NEITHER,synthetic,0.085,0.7051,0.8743,0.8866,0.7272,1.2983,1.3517,0.5567,0.8082,0.0759,0.3121,0.701,1.1134,1.2359,0.1502,0.7591,1.0418,0.6715,0.9112,0.53,0.0175,False
SYN-SUBJ-011,SYN-SUBJ-011-SESS-1,14,NEITHER,synthetic,0.8298,1.0652,0.9702,1.4076,0.1978,1.1025,0.7715,0.9117,0.8708,0.3702,0.4741,1.1586,0.6778,0.8955,0.4892,0.7579,0.6442,1.0388,0.7804,0.6099,0.4506,False
SYN-SUBJ-011,SYN-SUBJ-011-SESS-1,15,NEITHER,synthetic,0.5692,1.1346,1.4872,0.9045,0.5815,0.8763,0.601,1.0252,0.4777,0.2986,0.9036,1.2502,0.8926,0.5814,0.0742,0.878,1.0213,0.9359,0.9092,0.4914,0.9676,False
SYN-SUBJ-011,SYN-SUBJ-011-SESS-1,16,ENCODING,synthetic,0.9796,1.3949,0.8425,1.1726,0.3042,0.8789,1.7012,0.9285,0.923,0.3965,1.0587,1.5955,1.0397,1.0342,0.4828,0.4671,1.5398,0.8877,1.2058,0.1959,0.9662,False
SYN-SUBJ-011,SYN-SUBJ-011-SESS-1,17,ENCODING,synthetic,0.2974,1.4126,0.8701,1.1524,0.3925,0.7017,1.377,1.1559,0.8926,0.6363,0.467,1.2794,0.841,0.8346,0.2899,0.8114,1.7234,1.0752,1.1129,0.3024,0.0677,False
SYN-SUBJ-011,SYN-SUBJ-011-SESS-1,18,ENCODING,synthetic,0.8954,1.522,0.7253,1.4417,0.1985,0.8337,1.5244,0.7335,0.8032,0.2977,1.2064,1.4139,1.2883,0.9921,0.0,0.5888,1.6907,0.9019,0.7758,0.2097,0.8257,False
SYN-SUBJ-011,SYN-SUBJ-011-SESS-1,19,RECALL,synthetic,0.5872,0.6001,1.0416,0.6675,0.4415,1.3087,0.8891,1.6955,0.6366,0.4672,0.4036,0.98,1.7278,0.963,0.6179,0.4646,0.3001,1.296,1.262,0.094,0.8942,False
SYN-SUBJ-011,SYN-SUBJ-011-SESS-1,20,RECALL,synthetic,4.8979,4.0928,4.3549,3.971,2.4881,2.9954,2.7762,4.14,2.2947,2.5957,4.3567,3.7646,2.9583,3.3726,2.227,4.8745,3.3922,4.0007,4.0249,4.108,5.2378,True
SYN-SUBJ-011,SYN-SUBJ-011-SESS-1,21,NEITHER,synthetic,0.5507,0.6192,0.9446,0.8212,0.7517,1.4335,1.1021,0.8706,0.8227,0.4079,0.4654,0.8739,1.0313,1.2299,0.6422,0.9042,0.6743,1.0838,0.5492,0.4206,0.6434,False
SYN-SUBJ-011,SYN-SUBJ-011-SESS-1,22,RECALL,synthetic,0.3171,0.9831,1.2184,1.0416,0.4496,0.8209,1.0634,1.2889,1.0378,0.1443,0.87,1.1203,1.3094,0.681,0.4141,1.1157,1.0018,1.6262,0.7418,0.8138,0.6779,False
SYN-SUBJ-011,SYN-SUBJ-011-SESS-1,23,NEITHER,synthetic,1.1027,0.8596,0.8154,0.5248,0.6922,0.7786,0.9996,0.9197,0.2797,0.3044,0.8918,0.7668,1.1937,1.1474,0.1957,0.9111,0.9388,1.3799,1.1307,0.5084,0.2868,False
SYN-SUBJ-011,SYN-SUBJ-011-SESS-1,24,RECALL,synthetic,1.1162,0.9384,1.162,0.5297,0.5585,0.6298,1.1913,1.3254,0.7117,0.3787,1.1842,1.0195,1.3703,1.1038,0.7749,1.0397,0.6196,1.9425,1.418,0.5629,0.2992,False
SYN-SUBJ-011,SYN-SUBJ-011-SESS-1,25,NEITHER,synthetic,0.6101,1.1498,1.1467,0.5391,0.218,0.7949,0.5118,0.5179,1.1593,0.7102,0.6658,0.9505,0.673,1.3538,0.2361,1.1237,0.2768,0.7656,0.9923,0.5046,0.5439,False
SYN-SUBJ-011,SYN-SUBJ-011-SESS-1,26,NEITHER,synthetic,0.9826,1.0543,0.6585,0.4266,0.4489,0.9683,1.1181,1.0777,0.6798,0.0036,0.8004,0.5105,1.0881,0.7516,0.9629,0.6344,0.8815,1.1431,1.0938,0.0,0.9977,False
SYN-SUBJ-011,SYN-SUBJ-011-SESS-1,27,NEITHER,synthetic,0.964,1.1914,0.7657,0.7183,0.1314,0.7829,0.9928,0.7665,0.5624,0.3289,1.2602,0.4702,0.9249,0.7441,0.2827,0.2764,1.258,1.1219,1.4489,0.2491,0.7017,False
SYN-SUBJ-011,SYN-SUBJ-011-SESS-1,28,ENCODING,synthetic,0.7195,1.0082,0.9271,0.3935,0.4563,1.0535,1.0422,0.6415,1.1274,0.5486,0.8462,1.7197,1.1691,1.0056,0.5427,1.1499,0.9276,0.7777,0.8964,0.5772,0.0036,False
SYN-SUBJ-011,SYN-SUBJ-011-SESS-1,29,ENCODING,synthetic,0.9098,1.6493,1.1381,0.7319,0.2354,0.9513,1.233,0.4431,1.6,0.424,0.5151,1.282,1.1083,0.8118,0.7623,1.1595,1.0877,0.8737,0.8207,0.2923,0.1478,False
SYN-SUBJ-011,SYN-SUBJ-011-SESS-1,30,NEITHER,synthetic,1.125,0.9783,1.034,0.6764,0.1425,0.8273,1.0496,0.8408,0.8085,0.4135,0.6849,0.4613,1.0283,0.8289,0.5344,0.9024,0.7097,1.0887,0.4441,0.3257,0.6399,False
SYN-SUBJ-011,SYN-SUBJ-011-SESS-1,31,RECALL,synthetic,1.0056,0.7606,1.4466,1.1262,0.4012,1.3713,0.8633,1.4535,0.478,0.4627,1.0237,0.8539,1.4054,0.7012,0.5219,1.3903,0.8531,1.4565,0.9762,0.2012,0.8863,False
SYN-SUBJ-011,SYN-SUBJ-011-SESS-1,32,RECALL,synthetic,0.9781,0.9359,1.4479,0.7098,0.6198,0.5707,1.1207,1.09,0.8979,0.4938,0.7957,0.5107,1.2434,1.0012,0.2718,0.9938,0.8846,1.2438,0.8111,0.8538,0.306,False
SYN-SUBJ-011,SYN-SUBJ-011-SESS-1,33,RECALL,synthetic,0.6637,0.8363,0.9554,0.5045,0.5201,0.8398,1.0671,1.2404,0.8932,0.2663,1.0993,0.8855,1.322,0.9132,0.332,0.4548,0.8765,0.9729,0.9229,0.2294,0.3895,False
SYN-SUBJ-011,SYN-SUBJ-011-SESS-1,34,ENCODING,synthetic,0.5839,1.2902,0.5613,1.0053,0.23,1.14,1.4044,0.7947,0.991,0.1638,1.1142,0.9969,0.7722,1.5192,0.0795,1.059,1.2855,0.8247,1.3898,0.3408,0.2208,False
SYN-SUBJ-011,SYN-SUBJ-011-SESS-1,35,ENCODING,synthetic,0.8061,1.5189,1.0494,1.2237,0.4818,1.0243,1.3204,0.8575,0.8637,0.5736,1.0252,1.2442,0.9944,0.5423,0.661,0.9099,1.6256,1.1483,1.0679,0.4111,0.6588,False
SYN-SUBJ-011,SYN-SUBJ-011-SESS-1,36,RECALL,synthetic,0.8801,0.404,1.2813,0.9281,0.2065,0.8367,0.9118,1.5472,1.1889,0.6778,0.8733,1.2099,1.3048,1.0584,0.4397,0.741,1.3212,1.139,0.8126,0.1873,0.7584,False
SYN-SUBJ-011,SYN-SUBJ-011-SESS-1,37,ENCODING,synthetic,0.9507,1.3409,1.4017,0.7436,0.7777,1.0755,1.6083,1.1536,1.1228,0.0915,1.1937,1.8523,1.1028,0.6576,0.7176,1.198,1.2531,1.015,0.8446,0.4489,0.3276,False
SYN-SUBJ-011,SYN-SUBJ-011-SESS-1,38,ENCODING,synthetic,0.9375,1.874,0.7833,1.4333,0.8647,1.0856,1.4596,0.9631,1.0419,0.0361,0.9205,1.5499,0.8933,0.5947,0.0126,0.6127,1.5272,0.7033,0.9612,1.0132,0.2957,False
SYN-SUBJ-011,SYN-SUBJ-011-SESS-1,39,NEITHER,synthetic,0.6349,0.9115,0.8685,1.2194,0.2617,0.804,0.8338,0.4651,0.8792,0.334,0.8922,0.94,0.7206,0.9849,0.6456,1.064,0.6196,0.4935,0.8179,0.3413,0.3193,False
SYN-SUBJ-011,SYN-SUBJ-011-SESS-1,40,ENCODING,synthetic,1.3235,1.6486,1.1593,0.7683,0.2649,0.8863,1.073,0.6421,0.9785,0.4703,0.9525,1.764,1.156,1.0942,0.1777,0.9047,1.1065,0.9536,0.534,0.2241,0.4717,False
SYN-SUBJ-011,SYN-SUBJ-011-SESS-1,41,RECALL,synthetic,0.9045,0.8551,1.442,1.0661,0.0858,1.1152,0.6817,1.3778,1.1209,0.3026,0.7507,0.6264,1.4373,1.0844,0.3402,1.123,0.8653,1.4004,1.0483,0.5708,0.7296,False
SYN-SUBJ-011,SYN-SUBJ-011-SESS-1,42,RECALL,synthetic,0.9375,0.6953,1.5742,1.1392,0.2254,0.8391,0.712,1.365,0.733,0.203,1.1596,0.5382,1.2387,0.5842,0.3403,1.0925,0.5065,1.1734,0.9186,0.4152,0.3959,False
SYN-SUBJ-011,SYN-SUBJ-011-SESS-1,43,NEITHER,synthetic,1.1217,0.8441,0.7853,0.6364,0.0,0.6576,1.0437,0.8139,0.8674,0.1195,0.6364,1.0613,0.7453,0.9185,0.5433,0.609,0.8848,1.0701,0.7347,0.5131,0.6098,False
SYN-SUBJ-011,SYN-SUBJ-011-SESS-1,44,NEITHER,synthetic,0.8544,0.8583,1.2913,0.7681,0.171,1.1464,1.1378,1.1744,0.9257,0.3238,0.48,0.3021,1.0112,1.1963,0.1212,0.7815,0.9156,1.2722,0.986,0.4028,0.6194,False
SYN-SUBJ-011,SYN-SUBJ-011-SESS-1,45,NEITHER,synthetic,0.8311,0.6124,0.691,1.2375,0.5338,1.3645,0.6181,0.97,0.83,0.7119,0.6387,0.665,0.6152,1.0369,0.1932,0.7393,1.0612,0.2213,0.7355,0.6276,0.4507,False
SYN-SUBJ-011,SYN-SUBJ-011-SESS-1,46,NEITHER,synthetic,0.8948,0.8211,0.9995,1.2459,0.6623,0.9205,1.0956,0.7453,1.2158,0.1537,0.9496,0.9293,0.9165,0.8452,0.5278,0.5198,0.3646,0.8931,0.5607,0.5364,0.8904,False
SYN-SUBJ-011,SYN-SUBJ-011-SESS-1,47,ENCODING,synthetic,0.8492,1.3385,1.1845,1.1141,0.2243,0.632,1.2462,0.5006,0.7674,0.1472,1.178,1.3285,0.6575,1.0764,0.4909,1.1162,1.449,0.9721,1.1875,0.4452,0.3318,False
SYN-SUBJ-011,SYN-SUBJ-011-SESS-1,48,NEITHER,synthetic,0.3744,1.1645,0.9908,0.9726,0.2495,1.1345,1.1365,1.2814,0.7516,0.3374,0.9436,0.4082,1.0289,1.1341,0.052,0.7466,0.6494,0.8323,0.768,0.2278,0.9553,False
SYN-SUBJ-011,SYN-SUBJ-011-SESS-1,49,NEITHER,synthetic,3.7491,2.5935,3.6578,2.8655,2.2615,4.3548,3.3754,2.9645,4.6714,2.2289,4.0549,2.781,2.082,4.0916,3.8059,2.4748,2.514,4.4063,3.5209,4.3029,2.6412,True
SYN-SUBJ-011,SYN-SUBJ-011-SESS-1,50,NEITHER,synthetic,0.6202,0.7291,1.0979,1.2279,0.0,0.872,0.8819,0.6696,0.7204,0.432,0.7946,1.6903,0.804,0.5654,0.3749,0.7412,0.964,0.7898,1.2207,0.0,0.4804,False
SYN-SUBJ-011,SYN-SUBJ-011-SESS-1,51,ENCODING,synthetic,0.493,1.738,0.7956,1.0639,0.3572,0.6457,1.7094,0.7215,0.2399,0.127,0.6823,1.1337,1.1592,0.8023,0.4632,0.9189,1.4341,0.7296,0.5535,0.1826,0.3546,False
SYN-SUBJ-011,SYN-SUBJ-011-SESS-1,52,NEITHER,synthetic,0.9928,0.5147,0.7565,0.8866,0.2059,1.2372,1.238,0.8876,0.3158,0.4712,0.8242,0.6995,1.0256,0.8493,0.0652,1.1929,1.0045,0.9198,1.0908,0.2328,0.3968,False
SYN-SUBJ-011,SYN-SUBJ-011-SESS-1,53,RECALL,synthetic,1.1425,1.2293,1.504,0.8835,0.5351,1.1091,1.2901,1.3648,0.6194,0.4356,1.0278,1.4944,1.8904,0.9126,0.3939,0.7267,0.8346,1.245,0.781,0.0,0.6876,False
SYN-SUBJ-011,SYN-SUBJ-011-SESS-1,54,ENCODING,synthetic,0.6841,1.2736,0.8297,0.6099,0.7125,1.2591,1.6384,0.664,1.026,0.5646,0.8851,1.5796,0.3934,0.2885,0.1877,0.7842,1.3884,1.1267,0.9808,0.2977,0.4185,False
SYN-SUBJ-011,SYN-SUBJ-011-SESS-1,55,RECALL,synthetic,0.3673,0.9902,1.5827,1.1873,0.2723,0.6396,1.2641,1.4347,1.1901,0.629,0.8642,0.8213,1.4796,0.6527,0.5602,0.9593,0.7315,0.9005,0.774,0.403,0.1351,False
SYN-SUBJ-011,SYN-SUBJ-011-SESS-1,56,NEITHER,synthetic,3.5847,3.1532,3.0322,4.5503,4.3753,2.7995,3.5248,2.6955,3.453,2.4689,2.6962,3.9085,4.3031,5.0491,2.2882,4.3692,4.4219,4.1277,4.2874,2.372,2.8857,True
SYN-SUBJ-011,SYN-SUBJ-011-SESS-1,57,ENCODING,synthetic,4.4535,5.466,3.4179,4.7827,3.3604,4.4344,3.4286,4.8302,4.3938,3.0016,4.576,4.4485,2.5813,3.1696,3.0725,3.3265,4.6951,4.0653,3.3039,3.6631,3.2026,True
SYN-SUBJ-011,SYN-SUBJ-011-SESS-1,58,NEITHER,synthetic,0.8359,0.9633,1.1559,0.8473,0.5199,1.286,0.8793,1.3863,0.8338,0.3737,1.6099,1.2038,0.7525,0.9515,0.4473,1.0702,0.904,0.6326,0.8423,0.2917,0.1487,False
SYN-SUBJ-011,SYN-SUBJ-011-SESS-1,59,NEITHER,synthetic,0.6777,0.9773,0.9633,0.9952,0.6359,0.5202,1.2364,0.6362,1.2474,0.4745,1.5082,1.3067,1.1225,1.0742,0.6402,1.0908,0.5596,1.0048,0.8103,0.3667,0.8401,False
SYN-SUBJ-012,SYN-SUBJ-012-SESS-0,0,RECALL,synthetic,0.2958,0.7529,0.5792,0.283,0.043,0.9497,0.3809,1.1708,0.5586,0.3507,0.8749,1.0067,1.4508,0.6581,0.1648,1.1705,0.7275,1.0446,0.9635,0.0,0.3297,False
SYN-SUBJ-012,SYN-SUBJ-012-SESS-0,1,NEITHER,synthetic,0.4046,0.37,0.6685,0.6658,0.3465,0.5867,1.1521,0.6491,0.739,0.2486,0.5805,0.6701,0.6066,0.2484,0.6106,0.7963,1.3015,0.2213,0.6308,0.0,0.5903,False
SYN-SUBJ-012,SYN-SUBJ-012-SESS-0,2,NEITHER,synthetic,0.8701,0.8284,0.797,0.9177,0.2913,0.5011,0.7924,0.8185,0.7027,0.0871,0.5721,0.8833,0.6275,0.4373,0.2998,0.5135,0.7749,0.5421,0.6789,0.0249,0.566,False
SYN-SUBJ-012,SYN-SUBJ-012-SESS-0,3,ENCODING,synthetic,0.3137,1.434,0.9161,0.8098,0.0,0.8791,0.8926,0.6385,1.2203,0.1298,0.3505,1.4263,0.4808,0.7758,0.0759,0.6874,1.3854,0.9129,0.3399,0.0,0.354,False
SYN-SUBJ-012,SYN-SUBJ-012-SESS-0,4,NEITHER,synthetic,1.1651,0.8741,0.8625,0.3866,0.5703,0.9926,0.5119,0.7336,0.8829,0.0,0.5799,0.8553,0.7485,0.309,0.1809,0.3965,0.9038,0.4975,0.8232,0.0467,0.7241,False
SYN-SUBJ-012,SYN-SUBJ-012-SESS-0,5,NEITHER,synthetic,0.6593,0.8764,1.1701,0.7413,0.0,1.5095,0.804,1.2125,0.6615,0.4983,0.6423,0.4928,0.697,0.9077,0.0552,0.9745,0.4516,0.2668,0.4924,0.4004,0.2513,False
SYN-SUBJ-012,SYN-SUBJ-012-SESS-0,6,NEITHER,synthetic,0.5862,0.6431,0.683,0.5531,0.4495,0.4922,0.5838,0.9785,0.6169,0.0,0.9437,1.1114,0.4679,0.5559,0.0,0.3675,0.6228,0.8001,0.6274,0.3094,0.3831,False
SYN-SUBJ-012,SYN-SUBJ-012-SESS-0,7,RECALL,synthetic,0.9191,0.8459,1.516,0.3118,0.0,0.9393,0.6044,1.28,0.8424,0.0831,0.6588,0.7888,1.3866,0.7902,0.1126,0.7963,1.0784,0.9061,0.0,0.5304,0.4703,False
SYN-SUBJ-012,SYN-SUBJ-012-SESS-0,8,NEITHER,synthetic,0.6071,0.6957,0.6206,1.0458,0.0,0.8945,0.2501,0.7212,0.6548,0.3721,0.4592,0.6585,0.6317,0.8275,0.3367,0.7158,0.649,0.6815,0.3165,0.0063,0.2232,False
SYN-SUBJ-012,SYN-SUBJ-012-SESS-0,9,RECALL,synthetic,0.5985,0.5462,1.9715,0.7919,0.0115,0.686,0.7815,1.1769,0.5236,0.2124,1.071,0.8075,0.9489,0.5468,0.0,0.3641,0.7478,1.434,0.7651,0.0,0.257,False
SYN-SUBJ-012,SYN-SUBJ-012-SESS-0,10,RECALL,synthetic,0.1965,0.7376,1.2454,0.7751,0.1388,0.8295,0.5338,0.9011,0.5895,0.1895,0.9649,0.45,1.0951,0.7783,0.0,0.3115,0.8129,1.2774,0.2765,0.0845,0.9332,False
SYN-SUBJ-012,SYN-SUBJ-012-SESS-0,11,RECALL,synthetic,0.5568,0.5331,1.4825,0.8069,0.1364,0.6637,0.9194,1.2093,0.4005,0.2185,0.4103,0.6802,1.4556,0.6043,0.3112,1.038,0.9645,0.9573,0.6473,0.672,0.282,False
SYN-SUBJ-012,SYN-SUBJ-012-SESS-0,12,RECALL,synthetic,1.0078,1.0685,1.2696,0.751,0.352,0.8676,0.3352,0.8788,0.6173,0.0,0.6767,0.7008,1.1426,0.6795,0.0,0.1624,0.8105,0.8187,0.3148,0.2098,0.6634,False
SYN-SUBJ-012,SYN-SUBJ-012-SESS-0,13,NEITHER,synthetic,0.4976,0.6855,0.5992,0.3951,0.4442,0.6515,0.4996,0.4257,0.5207,0.2036,1.0434,1.4048,0.9413,0.8811,0.0968,0.9116,0.8114,0.5011,0.3739,0.0108,0.7461,False
SYN-SUBJ-012,SYN-SUBJ-012-SESS-0,14,RECALL,synthetic,0.5709,0.2458,1.1136,0.2639,0.1314,0.4185,0.6559,1.1002,0.2785,0.3412,0.7684,0.374,1.028,0.5942,0.5285,1.0128,0.6386,1.1581,0.5963,0.131,0.4382,False
SYN-SUBJ-012,SYN-SUBJ-012-SESS-0,15,ENCODING,synthetic,0.4643,1.1098,0.9907,0.8571,0.2899,0.7492,1.5656,0.4603,0.8024,0.3666,1.2086,0.8353,0.4247,0.427,0.5237,0.3619,1.15,0.4047,0.6955,0.4288,0.627,False
SYN-SUBJ-012,SYN-SUBJ-012-SESS-0,16,ENCODING,synthetic,0.8306,1.2979,0.6353,0.342,0.0725,0.7452,1.293,0.6765,0.5277,0.3357,0.3452,1.0777,0.5416,0.5905,0.3835,0.5826,1.4882,0.677,1.0144,0.1862,0.6993,False
SYN-SUBJ-012,SYN-SUBJ-012-SESS-0,17,RECALL,synthetic,3.8533,3.6276,2.307,2.9856,3.0769,3.993,3.2763,4.7097,3.6685,2.3459,3.6992,2.3429,2.483,2.6182,2.8413,3.8113,4.2548,3.2556,3.1854,2.5828,4.1942,True
SYN-SUBJ-012,SYN-SUBJ-012-SESS-0,18,RECALL,synthetic,0.7841,1.0448,0.9328,0.9905,0.5107,0.7208,0.3781,1.106,0.6928,0.1669,0.6549,0.5986,0.8611,0.5277,0.0715,0.4041,0.7368,0.9228,0.4075,0.3072,0.9556,False
SYN-SUBJ-012,SYN-SUBJ-012-SESS-0,19,RECALL,synthetic,4.1069,4.2305,5.1442,2.9078,3.8356,2.6618,4.1223,3.0773,4.469,2.6143,3.6104,4.1823,2.8226,4.4137,3.938,4.0375,2.8238,3.2491,2.8382,3.0478,2.8277,True
SYN-SUBJ-012,SYN-SUBJ-012-SESS-0,20,ENCODING,synthetic,0.4028,1.4555,1.0252,0.5631,0.0121,0.4444,1.3435,0.9289,0.5998,0.0,0.1505,1.3831,0.9069,0.659,0.5699,0.7247,1.1198,0.2047,1.0102,0.4388,0.1761,False
SYN-SUBJ-012,SYN-SUBJ-012-SESS-0,21,RECALL,synthetic,0.8877,0.6224,1.002,0.3129,0.0,0.6054,0.6388,1.0051,0.5449,0.3776,0.5211,0.7732,1.1833,0.4887,0.3378,0.6536,0.5624,1.4192,0.6701,0.3552,0.4453,False
SYN-SUBJ-012,SYN-SUBJ-012-SESS-0,22,RECALL,synthetic,0.7743,1.1286,1.0848,0.7323,0.1147,0.5132,1.2047,1.3156,0.7902,0.0,0.3335,0.8123,1.0805,1.0521,0.0169,0.6771,0.0,0.9525,0.4344,0.0864,0.9219,False
SYN-SUBJ-012,SYN-SUBJ-012-SESS-0,23,ENCODING,synthetic,0.7948,1.0122,0.4975,0.4248,0.1102,0.5969,1.3013,0.491,0.9157,0.0,0.4663,0.5649,0.8016,0.4884,0.0,0.366,1.5672,0.8851,0.5901,0.1385,0.8221,False
SYN-SUBJ-012,SYN-SUBJ-012-SESS-0,24,RECALL,synthetic,3.6738,3.7662,2.8679,3.861,2.8311,2.3411,3.3201,2.576,3.3469,3.3195,2.4201,3.7606,3.228,3.6902,2.6262,2.7507,3.2124,3.8034,2.8259,3.0494,5.5437,True
SYN-SUBJ-012,SYN-SUBJ-012-SESS-0,25,RECALL,synthetic,0.5916,0.7142,1.044,0.9438,0.5315,0.6062,0.3507,1.2152,0.8646,0.4819,0.5883,0.3649,1.3131,1.0037,0.4284,0.8396,1.1068,0.975,0.5349,0.0388,0.5262,False
SYN-SUBJ-012,SYN-SUBJ-012-SESS-0,26,RECALL,synthetic,0.6983,0.4262,1.1859,0.5852,0.0,0.5467,0.724,1.0685,0.6695,0.8298,0.7238,1.2943,1.1791,0.672,0.1054,0.1246,0.5164,0.932,0.7155,0.0,0.3506,False
SYN-SUBJ-012,SYN-SUBJ-012-SESS-0,27,ENCODING,synthetic,1.2276,1.22,0.7871,0.9902,0.2071,0.933,1.487,0.3539,0.2759,0.3129,0.4258,0.6342,0.7174,0.6779,0.4512,0.4528,1.1408,0.836,0.3092,0.4174,0.8301,False
SYN-SUBJ-012,SYN-SUBJ-012-SESS-0,28,NEITHER,synthetic,0.6158,0.6989,0.4984,0.7246,0.3914,0.4951,0.7531,0.0802,0.3808,0.2746,0.9549,0.7953,0.5967,0.8392,0.0,0.2056,0.9076,0.3381,0.6797,0.1912,0.2186,False
SYN-SUBJ-012,SYN-SUBJ-012-SESS-0,29,RECALL,synthetic,0.6876,0.9057,0.9912,0.6323,0.3945,0.6175,0.8184,1.1573,0.6646,0.2025,0.6719,0.2727,1.2538,0.9652,0.2311,0.9549,0.51,1.2352,0.7692,0.0,0.4509,False
SYN-SUBJ-012,SYN-SUBJ-012-SESS-0,30,RECALL,synthetic,0.9464,0.3092,1.0014,0.9871,0.0546,0.5973,0.6154,1.1865,0.3961,0.1386,0.4401,0.4561,1.443,0.4973,0.0,0.2362,0.616,0.8478,0.6714,0.0,0.8721,False
SYN-SUBJ-012,SYN-SUBJ-012-SESS-0,31,RECALL,synthetic,1.9783,4.3726,3.116,3.2495,3.6543,2.6506,3.7033,2.9921,3.8251,2.5251,3.4065,1.9985,5.2221,3.6582,3.371,3.4284,3.9027,4.6125,4.0749,4.3998,3.6329,True
SYN-SUBJ-012,SYN-SUBJ-012-SESS-0,32,ENCODING,synthetic,0.7933,1.2115,0.7829,0.7115,0.4027,0.6418,1.3323,0.6719,0.5916,0.2184,0.8936,1.3859,0.9192,0.9448,0.0,0.0,1.4184,0.7529,0.8532,0.6915,0.7748,False
SYN-SUBJ-012,SYN-SUBJ-012-SESS-0,33,RECALL,synthetic,0.4747,0.8356,1.6731,0.8185,0.5558,0.4691,0.5004,1.607,0.4937,0.1599,0.6397,0.322,1.4613,0.2794,0.1744,0.8692,0.858,1.4742,0.6842,0.0,0.6329,False
SYN-SUBJ-012,SYN-SUBJ-012-SESS-0,34,NEITHER,synthetic,0.7088,0.2731,0.5447,0.8489,0.0,0.1061,0.8129,0.6891,1.0169,0.0114,0.7182,0.494,0.4506,0.6886,0.4521,0.64,0.7229,0.3595,0.685,0.0,0.9299,False
SYN-SUBJ-012,SYN-SUBJ-012-SESS-0,35,ENCODING,synthetic,0.688,1.2938,0.3035,0.4658,0.9847,0.5415,1.0538,0.8444,0.8791,0.6833,0.5048,1.1979,0.0251,0.6611,0.0,0.9522,1.3131,0.7025,0.8414,0.426,0.1477,False
SYN-SUBJ-012,SYN-SUBJ-012-SESS-0,36,NEITHER,synthetic,0.6047,0.6386,0.8625,0.5784,0.3689,0.8889,0.794,0.5904,0.6841,0.0265,0.744,0.2769,0.5485,0.6153,0.0,0.9139,1.0704,0.6403,0.7838,0.5029,0.8474,False
SYN-SUBJ-012,SYN-SUBJ-012-SESS-0,37,RECALL,synthetic,0.3818,1.0546,1.1424,0.5865,0.4594,0.583,0.2708,1.019,0.2621,0.0,0.9933,0.4983,1.4818,0.8746,0.4202,1.0981,0.2454,1.4528,0.741,0.1664,0.0821,False
SYN-SUBJ-012,SYN-SUBJ-012-SESS-0,38,ENCODING,synthetic,0.6317,1.0664,0.8245,0.8649,0.5793,0.4706,1.2367,0.3809,0.5907,0.2759,0.2241,1.488,1.1409,0.4607,0.1548,0.197,1.4429,0.5477,0.6332,0.0307,0.5735,False
SYN-SUBJ-012,SYN-SUBJ-012-SESS-0,39,RECALL,synthetic,3.9834,4.3823,4.4075,3.0774,2.8205,4.2057,3.5052,5.278,3.4371,2.3743,3.3603,4.3869,4.0926,3.1915,3.2277,4.1834,3.4639,4.6283,3.5779,3.5502,3.7383,True
SYN-SUBJ-012,SYN-SUBJ-012-SESS-0,40,ENCODING,synthetic,0.4991,1.4491,1.0283,0.785,0.0,0.4623,1.0889,1.007,0.823,0.5692,0.4461,1.1431,0.6584,0.5213,0.4313,0.7007,0.8465,0.631,0.628,0.3883,0.1141,False
SYN-SUBJ-012,SYN-SUBJ-012-SESS-0,41,RECALL,synthetic,2.3596,3.4921,4.2599,3.6726,2.1448,2.4471,3.3099,2.4549,3.3238,3.5425,3.0957,3.4527,4.1964,4.0015,2.085,4.1609,3.7773,3.8122,4.2419,3.1468,5.0869,True
SYN-SUBJ-012,SYN-SUBJ-012-SESS-0,42,NEITHER,synthetic,0.5264,1.2136,0.495,0.7405,0.5445,0.7263,0.8539,0.6474,0.8164,0.3052,0.8881,0.758,0.1321,0.7413,0.2241,0.6605,0.5022,1.0738,0.8516,0.0801,0.184,False
SYN-SUBJ-012,SYN-SUBJ-012-SESS-0,43,RECALL,synthetic,1.0273,0.9228,0.936,0.8068,0.0,0.574,0.3277,1.2542,0.6998,0.4133,0.7351,0.174,0.8527,0.4936,0.1237,1.2153,0.5926,0.7821,0.553,0.2628,0.632,False
SYN-SUBJ-012,SYN-SUBJ-012-SESS-0,44,RECALL,synthetic,1.9621,3.1707,4.0407,2.0953,3.7422,2.755,3.0921,3.8297,2.9126,3.5387,3.1885,2.5463,2.9201,4.34,2.7975,2.6165,4.5701,3.8105,3.785,3.7044,5.2532,True
SYN-SUBJ-012,SYN-SUBJ-012-SESS-0,45,NEITHER,synthetic,0.7293,0.2704,0.6887,0.4985,0.0753,0.6711,0.7515,0.9836,0.8025,0.0,0.6686,1.0789,1.0536,0.6215,0.0956,0.5321,0.9342,0.7465,0.6559,0.1414,0.9437,False
SYN-SUBJ-012,SYN-SUBJ-012-SESS-0,46,ENCODING,synthetic,0.9258,1.4439,0.58,0.9055,0.3199,0.8749,1.3291,0.7082,0.4449,0.0,0.7708,1.0777,0.9876,0.6751,0.0452,0.8959,1.1359,0.3517,0.4549,0.1117,0.6732,False
SYN-SUBJ-012,SYN-SUBJ-012-SESS-0,47,NEITHER,synthetic,0.7618,0.8163,0.7999,0.6496,0.0,1.007,0.7768,0.4207,0.7087,0.3446,0.7052,0.5278,0.6359,0.6894,0.4334,0.6157,0.8176,1.0548,0.4108,0.1756,0.8016,False
SYN-SUBJ-012,SYN-SUBJ-012-SESS-0,48,RECALL,synthetic,0.6687,0.878,1.3686,0.981,0.0,0.8368,0.6873,1.1278,0.5316,0.2363,0.8193,0.535,1.3806,0.5537,0.1353,1.059,0.5481,1.2673,0.535,0.1793,0.6879,False
SYN-SUBJ-012,SYN-SUBJ-012-SESS-0,49,RECALL,synthetic,2.3342,2.4158,4.9302,3.2978,1.8058,3.5258,3.6407,4.9142,4.4327,1.8009,2.7605,2.5106,4.5893,3.4321,2.3461,2.6803,2.6518,4.7439,3.4049,2.3903,4.2731,True
SYN-SUBJ-012,SYN-SUBJ-012-SESS-0,50,NEITHER,synthetic,1.1835,0.2622,0.4499,0.708,0.0,0.3146,0.8134,0.6893,0.3531,0.3745,0.9499,0.6442,1.025,0.723,0.021,0.3288,0.7086,0.0,0.7078,0.3829,0.4033,False
SYN-SUBJ-012,SYN-SUBJ-012-SESS-0,51,NEITHER,synthetic,0.3181,0.9399,0.0925,1.0647,0.195,0.7296,1.0429,0.9723,0.4677,0.2247,0.8395,0.7745,0.9185,1.0056,0.0,0.7162,0.7987,0.6429,0.6973,0.187,0.2074,False
SYN-SUBJ-012,SYN-SUBJ-012-SESS-0,52,NEITHER,synthetic,0.7565,0.727,0.7916,0.4024,0.7933,1.0604,0.5388,0.5663,0.675,0.0,0.8628,0.8729,0.6975,0.7412,0.2491,0.9308,0.9135,0.2082,0.6818,0.1571,0.8734,False
SYN-SUBJ-012,SYN-SUBJ-012-SESS-0,53,ENCODING,synthetic,2.7238,3.4443,3.0273,2.9977,3.5792,2.6054,4.215,3.2407,2.6035,2.3584,2.0507,4.7655,4.6364,3.3344,3.7681,3.3749,4.827,3.9892,4.2985,3.7752,3.3565,True
SYN-SUBJ-012,SYN-SUBJ-012-SESS-0,54,ENCODING,synthetic,0.6567,1.3462,0.7465,0.6596,0.2813,1.0062,0.9252,0.9096,0.4974,0.0388,0.4799,1.152,0.1819,0.9803,0.3107,0.4103,1.0523,0.936,1.2558,0.0,0.3742,False
SYN-SUBJ-012,SYN-SUBJ-012-SESS-0,55,NEITHER,synthetic,0.6337,0.2826,0.547,0.2578,0.024,0.7961,0.6337,1.2826,0.8456,0.0216,0.7139,0.0184,0.5766,0.8601,0.2848,0.6993,0.729,0.4351,0.4528,0.2392,0.052,False
SYN-SUBJ-012,SYN-SUBJ-012-SESS-0,56,NEITHER,synthetic,0.6676,0.8812,1.0838,0.3324,0.2231,1.2671,0.6287,0.3842,0.6983,0.016,1.0068,0.4011,0.4057,0.875,0.0,0.824,0.7426,0.7009,0.8077,0.1094,0.5961,False
SYN-SUBJ-012,SYN-SUBJ-012-SESS-0,57,ENCODING,synthetic,0.8194,0.9519,0.5151,0.8797,0.566,0.6795,1.4058,0.2747,0.4146,0.1868,1.0634,1.4025,0.5114,0.7153,0.0,0.6941,1.3891,0.2559,0.5826,0.0571,0.5461,False
SYN-SUBJ-012,SYN-SUBJ-012-SESS-0,58,ENCODING,synthetic,0.8354,0.96,0.3425,1.0116,0.8142,0.6879,1.1093,0.3975,0.863,0.0,0.6425,0.8765,1.242,0.4708,0.0,0.5787,1.8333,0.3845,0.5987,0.1574,0.7417,False
SYN-SUBJ-012,SYN-SUBJ-012-SESS-0,59,NEITHER,synthetic,0.7157,1.0074,0.7485,0.6698,0.0609,0.7115,0.5757,1.0055,0.3776,0.2608,0.0,0.6794,0.6674,0.7484,0.356,0.7678,0.4567,0.4547,0.8089,0.2625,0.3124,False
SYN-SUBJ-012,SYN-SUBJ-012-SESS-1,0,ENCODING,synthetic,3.7383,3.4805,3.184,4.8054,3.4908,2.4188,5.5133,3.1442,4.1466,1.9384,2.4386,2.9089,2.2987,3.9234,3.2792,2.5806,4.1353,3.9007,2.4923,2.1891,5.4453,True
SYN-SUBJ-012,SYN-SUBJ-012-SESS-1,1,RECALL,synthetic,0.9213,0.2603,1.3488,0.5891,0.0727,0.5288,0.7729,1.0969,0.6223,0.2408,0.5083,0.7338,1.2936,0.6496,0.1352,0.5563,0.2494,1.6148,0.6092,0.0,0.0543,False
SYN-SUBJ-012,SYN-SUBJ-012-SESS-1,2,RECALL,synthetic,1.2469,0.5493,1.2543,0.1143,0.0,0.5027,0.8862,1.0875,0.7196,0.1604,0.755,0.3953,1.2375,0.731,0.3064,0.3055,0.6935,1.6223,0.4776,0.0,0.7684,False
SYN-SUBJ-012,SYN-SUBJ-012-SESS-1,3,ENCODING,synthetic,0.7029,1.5043,0.8962,0.9693,0.079,0.5442,0.8229,0.2356,0.6155,0.5282,0.9888,1.1054,0.6212,0.5669,0.2008,0.7655,1.1924,0.82,0.7446,0.172,0.7017,False
SYN-SUBJ-012,SYN-SUBJ-012-SESS-1,4,NEITHER,synthetic,0.8297,0.5436,0.8447,0.5327,0.2716,1.188,0.3872,0.1528,0.8803,0.0,0.774,0.6593,0.5767,0.6904,0.1788,0.3995,0.8649,0.4621,1.2416,0.0076,0.4756,False
SYN-SUBJ-012,SYN-SUBJ-012-SESS-1,5,ENCODING,synthetic,0.4257,1.4115,0.69,0.7922,0.1707,0.1667,1.307,0.7353,0.7162,0.4714,0.9048,1.3978,0.7108,0.8059,0.307,0.7033,1.3912,1.0215,0.5798,0.022,0.0296,False
SYN-SUBJ-012,SYN-SUBJ-012-SESS-1,6,ENCODING,synthetic,0.4612,1.0436,0.7297,0.9353,0.111,0.7744,1.2909,1.0813,0.8525,0.0,0.354,1.0824,1.1328,0.7619,0.0,0.5564,0.7922,0.0862,0.4774,0.243,0.4211,False
SYN-SUBJ-012,SYN-SUBJ-012-SESS-1,7,RECALL,synthetic,0.6047,0.6959,1.0306,1.0638,0.0875,0.9448,0.2863,1.1642,1.5884,0.099,0.8734,0.4716,1.3471,0.6193,0.597,0.7937,0.827,1.3822,0.3842,0.5918,0.1263,False
SYN-SUBJ-012,SYN-SUBJ-012-SESS-1,8,ENCODING,synthetic,0.3659,1.0194,0.8236,0.5396,0.2884,0.8917,0.7259,0.7251,0.5783,0.081,0.3551,1.326,1.2434,0.4904,0.2864,1.0684,1.4493,0.64,0.8717,0.3993,0.0985,False
SYN-SUBJ-012,SYN-SUBJ-012-SESS-1,9,RECALL,synthetic,1.2114,0.6275,1.6238,0.7494,0.1879,0.477,1.0994,1.4891,0.9158,0.3447,1.3664,0.7896,1.133,0.7454,0.5534,0.4229,0.3653,1.2715,0.3411,0.1857,0.4964,False
SYN-SUBJ-012,SYN-SUBJ-012-SESS-1,10,NEITHER,synthetic,0.6454,0.9597,0.7651,0.2564,0.391,0.683,0.4094,0.5977,0.7695,0.2798,0.3935,0.8832,0.6638,0.6099,0.0,0.8114,0.5273,0.6393,0.8932,0.0,0.7021,False
SYN-SUBJ-012,SYN-SUBJ-012-SESS-1,11,RECALL,synthetic,0.686,0.9207,0.7519,0.4232,0.2358,0.6312,0.6441,1.0335,0.4301,0.0,1.0499,0.563,1.3251,0.4416,0.0,0.1885,0.735,1.8668,0.9001,0.2326,0.0185,False
SYN-SUBJ-012,SYN-SUBJ-012-SESS-1,12,NEITHER,synthetic,2.836,3.0423,3.9898,3.5775,2.268,2.4042,2.4861,2.4796,2.7832,2.916,2.929,3.8398,4.907,3.7103,2.1659,4.1025,4.1495,4.8237,2.9702,3.8944,4.6399,True
SYN-SUBJ-012,SYN-SUBJ-012-SESS-1,13,NEITHER,synthetic,0.3848,1.0973,0.6759,0.9625,0.2822,0.8114,1.0881,0.902,0.9844,0.6176,1.0798,0.6163,0.8032,0.275,0.0385,0.8096,0.5672,0.8379,0.6399,0.0,0.3462,False
SYN-SUBJ-012,SYN-SUBJ-012-SESS-1,14,NEITHER,synthetic,0.8709,0.7929,1.1598,1.1778,0.0,0.7948,0.7924,0.5636,0.7145,0.2911,0.66,0.6557,0.8362,0.5164,0.0,0.8185,0.8551,0.2968,0.7037,0.2866,0.7844,False
SYN-SUBJ-012,SYN-SUBJ-012-SESS-1,15,NEITHER,synthetic,0.5645,0.6773,0.6459,0.6829,0.2504,0.2417,0.3878,0.6676,0.9236,0.0921,0.6793,0.6314,0.485,0.3063,0.76,0.2461,0.0,1.0995,1.1609,0.2324,0.8699,False
SYN-SUBJ-012,SYN-SUBJ-012-SESS-1,16,NEITHER,synthetic,0.5116,1.1101,0.6898,0.4328,0.472,0.6626,0.3699,0.2352,0.6999,0.1356,0.5128,0.5609,1.1038,0.407,0.2039,0.6018,0.7998,0.3359,0.6388,0.0,0.9045,False
SYN-SUBJ-012,SYN-SUBJ-012-SESS-1,17,ENCODING,synthetic,0.8613,1.4732,0.796,1.1035,0.4968,1.0106,1.447,0.742,0.7031,0.0701,0.897,1.2911,0.609,0.8566,0.0,0.1331,0.9955,0.9101,0.2863,0.0613,0.1705,False
SYN-SUBJ-012,SYN-SUBJ-012-SESS-1,18,ENCODING,synthetic,0.1873,1.4103,0.8121,0.7153,0.2411,0.4956,1.3029,0.6925,0.1626,0.3649,0.4656,1.676,0.532,0.6435,0.0,0.276,1.0435,0.6844,0.7227,0.0,0.878,False
SYN-SUBJ-012,SYN-SUBJ-012-SESS-1,19,NEITHER,synthetic,0.6449,0.5891,0.5972,0.7996,0.1463,0.8489,0.3079,0.7793,0.9072,0.211,0.6935,1.0205,0.6745,0.4563,0.2638,0.6143,0.6146,0.3868,0.7823,0.1418,0.5591,False
SYN-SUBJ-012,SYN-SUBJ-012-SESS-1,20,ENCODING,synthetic,1.0191,1.3998,1.021,0.951,0.1581,0.6731,1.103,0.811,0.8083,0.2067,0.7699,1.2837,0.8809,0.918,0.6037,0.6597,1.342,1.0044,0.278,0.4029,0.2326,False
SYN-SUBJ-012,SYN-SUBJ-012-SESS-1,21,RECALL,synthetic,0.705,0.9674,1.0786,1.0234,0.0,0.5746,0.6471,1.3964,0.8946,0.0,0.2872,0.3038,1.0204,0.4649,0.1598,0.7306,0.557,1.3557,0.5761,0.0,0.7638,False
SYN-SUBJ-012,SYN-SUBJ-012-SESS-1,22,RECALL,synthetic,0.764,0.6689,1.0088,0.9018,0.2867,0.6985,0.57,1.5227,0.3826,0.2232,1.0945,0.6414,1.1989,0.3637,0.3846,0.3247,0.6989,1.0516,0.468,0.2018,0.0999,False
SYN-SUBJ-012,SYN-SUBJ-012-SESS-1,23,ENCODING,synthetic,0.5028,0.9821,0.0,1.0172,0.1614,0.5924,1.4347,0.444,0.521,0.1132,0.2098,1.281,0.7697,0.336,0.211,0.716,1.2784,0.957,0.5913,0.0669,0.4142,False
SYN-SUBJ-012,SYN-SUBJ-012-SESS-1,24,NEITHER,synthetic,0.5577,1.0698,0.3176,0.5554,0.7303,0.6085,0.6757,0.7537,0.7725,0.2657,0.8649,0.8917,0.6495,0.5879,0.4891,0.854,0.6062,0.4023,1.0236,0.0,0.945,False
SYN-SUBJ-012,SYN-SUBJ-012-SESS-1,25,ENCODING,synthetic,1.0691,1.1063,0.5445,0.8749,0.0283,0.9163,1.147,0.5974,0.5849,0.4733,0.0091,1.6295,0.454,0.9089,0.2331,0.3332,1.1731,0.3018,0.3862,0.0,0.3208,False
SYN-SUBJ-012,SYN-SUBJ-012-SESS-1,26,NEITHER,synthetic,4.3215,3.4307,3.7145,3.2614,2.614,4.9356,3.8449,3.9081,2.8184,2.5358,2.3212,2.6248,4.3557,2.7366,3.1741,4.1863,2.3024,4.1346,3.3303,3.8429,2.5841,True
SYN-SUBJ-012,SYN-SUBJ-012-SESS-1,27,ENCODING,synthetic,0.5775,1.3504,0.6078,0.8459,0.0183,0.6277,1.2246,0.6504,0.6482,0.3564,0.768,1.4198,0.0799,0.4921,0.4179,0.7632,1.2868,0.8859,0.7361,0.5752,0.2549,False
SYN-SUBJ-012,SYN-SUBJ-012-SESS-1,28,RECALL,synthetic,0.7397,0.3862,1.2566,0.7823,0.5775,0.4212,0.6244,1.3064,0.908,0.0778,1.2042,0.5632,1.1166,0.6314,0.4417,0.5781,0.9234,1.3256,0.7656,0.4573,0.3314,False
SYN-SUBJ-012,SYN-SUBJ-012-SESS-1,29,ENCODING,synthetic,3.5211,5.018,3.6078,2.4961,3.6998,2.089,3.5495,4.3266,4.5526,2.1267,3.392,3.9007,4.7031,2.612,3.3662,4.0496,4.6938,2.8273,3.5002,2.5191,5.8719,True
SYN-SUBJ-012,SYN-SUBJ-012-SESS-1,30,ENCODING,synthetic,0.7339,1.2788,0.8919,0.4943,0.3628,0.2802,1.7393,0.1448,0.6668,0.3454,1.027,1.6031,0.87,0.7252,0.4791,0.7552,0.7871,0.9594,0.3343,0.4162,0.2719,False
SYN-SUBJ-012,SYN-SUBJ-012-SESS-1,31,NEITHER,synthetic,0.417,0.6311,0.9706,0.5761,0.0,0.865,0.9581,0.6814,0.4625,0.0,0.5042,0.636,1.1557,1.2232,0.0861,0.4939,0.5867,0.9346,0.4742,0.1008,0.7607,False
SYN-SUBJ-012,SYN-SUBJ-012-SESS-1,32,NEITHER,synthetic,0.896,0.2562,0.974,0.7249,0.045,0.6815,0.3635,0.8471,0.4374,0.0,0.5514,0.4991,0.7114,0.399,0.3985,0.773,0.4395,0.6745,1.0096,0.4288,0.0453,False
SYN-SUBJ-012,SYN-SUBJ-012-SESS-1,33,ENCODING,synthetic,0.5597,1.3567,0.7815,0.9358,0.366,0.7774,1.3747,0.4199,0.6193,0.0,0.8468,0.9332,0.8423,0.6144,0.2344,0.4282,1.0707,0.2581,0.3689,0.4304,0.1262,False
SYN-SUBJ-012,SYN-SUBJ-012-SESS-1,34,NEITHER,synthetic,1.093,0.5902,0.6052,0.3819,0.3142,0.9574,0.2842,0.4543,0.6388,0.1875,0.4117,0.6327,0.6578,0.4273,0.4414,0.6663,0.5121,0.943,0.4725,0.0,0.4849,False
SYN-SUBJ-012,SYN-SUBJ-012-SESS-1,35,NEITHER,synthetic,0.0682,0.6374,0.9514,1.2287,0.0657,0.8829,0.6769,0.5158,0.8996,0.5297,0.1918,1.3042,0.9091,1.1001,0.1736,0.6071,0.4607,0.871,0.6394,0.1123,0.7842,False
SYN-SUBJ-012,SYN-SUBJ-012-SESS-1,36,NEITHER,synthetic,1.034,0.4151,0.6181,0.5765,0.399,0.8585,0.6767,0.6555,1.2275,0.4728,0.5564,0.4313,1.0018,0.5923,0.0,0.3186,0.9849,0.6886,0.4272,0.1954,0.2715,False
SYN-SUBJ-012,SYN-SUBJ-012-SESS-1,37,ENCODING,synthetic,4.6726,4.5246,5.4318,2.6575,3.6318,3.65,4.7777,3.5431,4.4372,2.5723,4.6691,4.8937,3.3782,2.5436,4.1101,4.2704,2.9634,2.5808,3.6196,3.8197,5.3139,True
SYN-SUBJ-012,SYN-SUBJ-012-SESS-1,38,RECALL,synthetic,0.3512,0.6294,1.2497,0.2156,0.2374,0.7693,0.432,1.2317,0.9726,0.257,0.3133,0.6763,1.3857,1.3097,0.6768,0.6,0.6481,1.309,0.7897,0.0441,0.0217,False
SYN-SUBJ-012,SYN-SUBJ-012-SESS-1,39,NEITHER,synthetic,0.3849,0.8419,0.9872,0.6202,0.2788,0.5024,0.5405,0.451,0.4836,0.0,0.7207,0.7581,0.9594,0.9759,0.271,0.8217,1.0795,0.6826,0.2174,0.0628,0.9469,False
SYN-SUBJ-012,SYN-SUBJ-012-SESS-1,40,RECALL,synthetic,0.6179,1.0073,1.8477,0.3296,0.0056,0.694,0.4822,1.1219,0.9947,0.3899,0.8152,0.4778,1.0753,0.5879,0.1037,0.589,0.5617,1.3336,0.4699,0.1688,0.9909,False
SYN-SUBJ-012,SYN-SUBJ-012-SESS-1,41,NEITHER,synthetic,0.8718,0.3553,0.7637,0.9054,0.3333,0.5395,0.865,1.0443,0.6322,0.3432,0.7118,0.74,1.1388,0.6836,0.0964,0.2695,1.1399,1.0594,0.6458,0.068,0.2168,False
SYN-SUBJ-012,SYN-SUBJ-012-SESS-1,42,RECALL,synthetic,0.5319,0.5244,1.1236,0.1721,0.2432,0.4506,0.2192,1.1501,0.8272,0.0,0.6826,0.4022,1.2304,0.5742,0.4802,0.6985,0.6022,1.2024,1.1439,0.1235,0.4749,False
SYN-SUBJ-012,SYN-SUBJ-012-SESS-1,43,ENCODING,synthetic,0.1786,1.5256,0.8155,0.7119,0.2784,0.726,1.3488,0.8107,0.4883,0.332,0.9106,1.1256,0.559,0.8774,0.0,0.5084,0.9363,0.6909,0.9639,0.0,0.4614,False
SYN-SUBJ-012,SYN-SUBJ-012-SESS-1,44,NEITHER,synthetic,0.8806,0.9892,0.4151,0.9064,0.0,0.9288,0.2523,0.8187,0.7572,0.0,0.6395,0.83,0.9335,0.6643,0.6242,0.4264,0.9153,0.7291,0.6993,0.0,0.7843,False
SYN-SUBJ-012,SYN-SUBJ-012-SESS-1,45,NEITHER,synthetic,1.0324,0.3607,0.3787,0.4997,0.6212,0.6024,1.0883,0.5861,0.6926,0.0468,0.6721,0.6405,0.8748,0.6751,0.1537,0.7948,0.3802,0.9705,1.0076,0.1021,0.2485,False
SYN-SUBJ-012,SYN-SUBJ-012-SESS-1,46,ENCODING,synthetic,1.1158,1.3853,0.8994,0.5713,0.1632,0.5551,1.1625,0.6454,0.7321,0.0,0.565,1.5853,0.4726,0.8047,0.2073,0.5898,1.474,0.3024,0.9774,0.2891,0.2189,False
SYN-SUBJ-012,SYN-SUBJ-012-SESS-1,47,ENCODING,synthetic,0.653,1.2193,0.2927,1.067,0.1529,0.6583,1.4445,0.9106,0.5304,0.133,0.7142,1.1018,0.6844,0.7305,0.2913,1.4967,0.9216,0.8435,0.4644,0.0084,0.5956,False
SYN-SUBJ-012,SYN-SUBJ-012-SESS-1,48,NEITHER,synthetic,0.7372,1.1347,0.9446,1.0512,0.1971,0.9872,0.5729,0.5984,0.7355,0.2798,0.3822,1.0218,0.2361,0.9011,0.5227,0.7192,0.6572,0.7843,0.6841,0.0,0.8465,False
SYN-SUBJ-012,SYN-SUBJ-012-SESS-1,49,NEITHER,synthetic,0.6498,0.5585,0.7718,0.3959,0.0,0.8804,0.654,0.4668,1.0198,0.4219,0.2791,1.0914,0.9197,0.6689,0.1232,0.8252,0.0733,0.6288,0.7722,0.1091,0.0701,False
SYN-SUBJ-012,SYN-SUBJ-012-SESS-1,50,ENCODING,synthetic,0.8546,0.9767,1.2602,1.1275,0.0,0.6237,1.222,0.9635,0.6199,0.0527,0.5881,1.665,0.3634,0.8878,0.0,0.3963,1.2941,0.6104,0.7148,0.0,0.8427,False
SYN-SUBJ-012,SYN-SUBJ-012-SESS-1,51,RECALL,synthetic,1.1723,0.5894,1.3959,0.7634,0.0542,0.501,1.1495,1.1951,0.437,0.4475,0.4261,0.5921,0.942,0.9958,0.4407,0.1953,0.7085,1.4823,0.4032,0.4176,0.1094,False
SYN-SUBJ-012,SYN-SUBJ-012-SESS-1,52,ENCODING,synthetic,1.0488,0.8722,0.5267,0.5063,0.3453,0.1152,1.0738,0.3442,0.5305,0.3362,0.5065,0.9657,0.7038,0.3507,0.4214,0.2222,1.71,0.8325,0.5573,0.1731,0.299,False
SYN-SUBJ-012,SYN-SUBJ-012-SESS-1,53,RECALL,synthetic,0.5751,0.2801,0.7845,0.7251,0.0,0.3321,0.698,1.0972,0.6674,0.1414,0.7453,0.6232,1.2973,0.4069,0.2973,0.3145,0.9024,1.3166,0.9515,0.6204,0.4442,False
SYN-SUBJ-012,SYN-SUBJ-012-SESS-1,54,RECALL,synthetic,0.2625,1.0552,1.3385,0.6209,0.0768,1.0043,1.1241,1.8658,0.7079,0.1295,0.5988,0.6412,1.1223,0.1584,0.067,0.7283,0.916,0.8165,0.7484,0.2473,0.7868,False
SYN-SUBJ-012,SYN-SUBJ-012-SESS-1,55,RECALL,synthetic,1.0944,0.7456,1.2316,0.679,0.6848,0.73,0.4683,1.471,0.7374,0.564,0.7173,0.843,1.0162,1.0661,0.0898,0.6574,0.6777,1.6287,0.3571,0.0358,0.2839,False
SYN-SUBJ-012,SYN-SUBJ-012-SESS-1,56,RECALL,synthetic,0.6321,0.4009,1.3027,0.4257,0.3097,0.765,0.4301,0.8035,0.7125,0.0671,0.5944,0.8326,0.9036,0.7203,0.5141,0.8095,0.7979,1.5028,0.5819,0.3221,0.4525,False
SYN-SUBJ-012,SYN-SUBJ-012-SESS-1,57,ENCODING,synthetic,0.8768,1.0614,0.4693,0.8893,0.7688,0.0294,1.4352,0.7023,0.6024,0.0,0.635,1.4892,1.0605,0.4974,0.4575,0.6613,1.4882,0.1831,0.7949,0.0,0.5334,False
SYN-SUBJ-012,SYN-SUBJ-012-SESS-1,58,NEITHER,synthetic,2.8823,3.2312,2.2804,3.7879,3.7814,3.2737,3.7944,4.4989,2.1351,3.8279,3.4347,3.0621,3.3017,2.5797,2.7,3.8748,2.6322,4.146,3.3134,1.7614,5.4956,True
SYN-SUBJ-012,SYN-SUBJ-012-SESS-1,59,ENCODING,synthetic,0.9916,0.8368,1.2264,0.4785,0.3877,1.091,1.0802,0.5692,0.5778,0.3489,0.5151,1.556,0.0,0.8959,0.0563,0.6446,1.626,0.1447,0.4738,0.3802,0.906,False
SYN-SUBJ-013,SYN-SUBJ-013-SESS-0,0,NEITHER,synthetic,1.1399,1.021,1.0529,0.5659,0.2181,0.8686,0.8231,0.775,0.9955,0.2542,0.4558,0.6726,1.4014,0.7156,0.2699,1.1408,0.8638,0.4471,1.1505,0.1291,0.2767,False
SYN-SUBJ-013,SYN-SUBJ-013-SESS-0,1,ENCODING,synthetic,0.9277,0.907,0.7444,0.7347,0.0,0.6662,1.6267,0.6598,0.9424,0.2949,0.9929,1.0585,0.4037,0.8121,0.4509,0.754,1.8598,0.2871,0.3475,0.0,0.7476,False
SYN-SUBJ-013,SYN-SUBJ-013-SESS-0,2,ENCODING,synthetic,3.7567,4.3141,3.0524,2.7637,3.8114,3.4007,4.9283,4.4263,3.9472,2.3954,2.9805,2.9081,2.2493,2.9288,1.8673,2.8474,3.7103,2.7436,4.258,3.9712,2.9097,True
SYN-SUBJ-013,SYN-SUBJ-013-SESS-0,3,RECALL,synthetic,0.6397,0.7691,0.9711,0.8612,0.0,0.1281,0.5221,1.5762,1.2625,0.7439,0.4716,0.4806,1.5018,0.4998,0.2947,0.7764,0.7433,0.783,0.7896,0.2788,0.7132,False
SYN-SUBJ-013,SYN-SUBJ-013-SESS-0,4,ENCODING,synthetic,0.6979,1.2934,0.6402,1.4272,0.4878,0.8563,0.9681,0.458,0.8376,0.6673,0.3648,1.4132,1.0108,1.0887,0.0,0.5471,1.1117,0.6101,0.2719,0.2145,0.2031,False
SYN-SUBJ-013,SYN-SUBJ-013-SESS-0,5,NEITHER,synthetic,0.6756,0.608,0.7698,0.8227,0.4842,0.7154,0.8918,1.1802,0.6157,0.3003,0.9794,0.3214,0.7959,0.9095,0.4421,0.4617,0.8885,0.9114,0.8419,0.2404,0.2218,False
SYN-SUBJ-013,SYN-SUBJ-013-SESS-0,6,RECALL,synthetic,0.7097,0.905,1.0545,1.374,0.0214,1.0583,0.9319,1.3549,0.7325,0.0302,1.4133,0.616,1.1318,1.3531,0.1289,0.7072,1.0539,1.3092,0.6964,0.356,0.2935,False
SYN-SUBJ-013,SYN-SUBJ-013-SESS-0,7,NEITHER,synthetic,0.3503,0.178,0.4086,0.6735,0.0,0.5035,0.7831,0.5656,0.7117,0.1789,0.8119,0.9398,0.8109,0.5877,0.3949,0.3934,0.3308,0.6809,1.0056,0.4441,0.0041,False
SYN-SUBJ-013,SYN-SUBJ-013-SESS-0,8,ENCODING,synthetic,0.4435,1.0941,0.7729,0.7843,0.6808,0.7629,1.3617,1.2216,1.2455,0.0,0.5557,1.4392,1.0321,0.8206,0.2896,0.8078,1.4634,0.9308,0.7123,0.0,0.9524,False
SYN-SUBJ-013,SYN-SUBJ-013-SESS-0,9,ENCODING,synthetic,0.9138,1.3779,0.9111,0.7427,0.5444,0.8604,0.7186,0.6442,0.9034,0.7409,1.0148,1.4216,1.1191,0.9944,0.114,0.6731,1.2689,0.7652,0.6564,0.0283,0.5236,False
SYN-SUBJ-013,SYN-SUBJ-013-SESS-0,10,RECALL,synthetic,1.0445,0.7532,0.9326,0.4313,0.371,0.5203,0.8525,1.5042,1.0958,0.0951,0.3851,0.7347,1.4749,0.5317,0.2136,0.7304,0.3724,1.6064,0.3902,0.5103,0.6809,False
SYN-SUBJ-013,SYN-SUBJ-013-SESS-0,11,NEITHER,synthetic,2.6052,3.9051,4.0066,3.3222,3.0579,2.4337,3.6979,2.5412,4.3944,2.5721,2.4179,2.8486,3.5905,4.3643,4.1631,4.5846,4.2254,4.5872,2.9751,2.6027,5.2857,True
SYN-SUBJ-013,SYN-SUBJ-013-SESS-0,12,NEITHER,synthetic,0.5491,0.2273,0.583,0.5623,0.3188,0.9065,0.6045,0.4877,1.1302,0.3192,0.7435,0.4884,1.2771,0.9422,0.0,0.5446,0.607,0.5873,0.5516,0.0097,0.7248,False
SYN-SUBJ-013,SYN-SUBJ-013-SESS-0,13,ENCODING,synthetic,0.8199,1.6431,1.0639,0.5792,0.0,1.2343,1.3538,0.8659,0.3016,0.4986,0.4582,1.2998,0.6238,1.2638,0.0,1.2852,0.7365,0.7987,1.0351,0.4521,0.4396,False
SYN-SUBJ-013,SYN-SUBJ-013-SESS-0,14,NEITHER,synthetic,2.8265,2.8315,2.549,4.336,2.2989,4.7301,3.0577,4.0596,4.14,2.8563,4.5123,4.7808,4.3496,2.953,2.9759,2.9935,3.8814,3.967,3.0982,3.31,3.6063,True
SYN-SUBJ-013,SYN-SUBJ-013-SESS-0,15,RECALL,synthetic,0.686,0.9327,1.0052,0.6475,0.0,0.8442,0.6718,1.2103,0.616,0.2781,0.6919,0.4701,1.2117,1.0113,0.4621,0.7791,0.7645,1.1312,0.4802,0.219,0.9242,False
SYN-SUBJ-013,SYN-SUBJ-013-SESS-0,16,ENCODING,synthetic,0.6017,1.0788,1.0924,0.7234,0.4035,0.2997,1.1762,0.4521,0.6352,0.3396,0.632,1.195,0.5045,0.4167,0.347,0.9849,1.2506,0.7922,0.7842,0.4978,0.4972,False
SYN-SUBJ-013,SYN-SUBJ-013-SESS-0,17,NEITHER,synthetic,0.5459,0.6682,0.1776,0.7809,0.1183,0.2926,0.5217,0.624,0.3987,0.2889,0.9993,0.7537,0.842,0.7795,0.3598,0.5152,0.6924,0.9898,0.9033,0.0,0.4339,False
SYN-SUBJ-013,SYN-SUBJ-013-SESS-0,18,RECALL,synthetic,1.2781,0.8703,1.3143,0.7861,0.443,0.9018,0.917,0.9582,0.6463,0.4515,0.598,1.1173,1.3563,0.7743,0.6257,0.4139,0.8277,1.1424,0.7202,0.0,0.2981,False
SYN-SUBJ-013,SYN-SUBJ-013-SESS-0,19,NEITHER,synthetic,0.755,0.7255,0.6518,0.6214,0.1962,0.5252,0.5992,0.4578,1.0003,0.1357,0.8976,0.6772,0.1171,0.7509,0.3881,0.9628,0.3776,1.0272,1.011,0.0581,0.106,False
SYN-SUBJ-013,SYN-SUBJ-013-SESS-0,20,NEITHER,synthetic,0.4845,0.4772,0.2978,1.0567,0.5493,0.4025,1.057,0.9527,0.7409,0.6042,0.3637,1.2253,0.6173,0.833,1.0391,0.6408,0.9088,0.642,0.6266,0.5513,0.3066,False
SYN-SUBJ-013,SYN-SUBJ-013-SESS-0,21,NEITHER,synthetic,0.9163,0.952,0.6552,0.5315,0.6334,0.1967,0.6347,1.2589,0.6551,0.0748,0.9714,0.8736,0.8808,0.949,0.0383,0.644,0.6012,0.0522,1.0448,0.1586,0.4985,False
SYN-SUBJ-013,SYN-SUBJ-013-SESS-0,22,RECALL,synthetic,0.9834,0.5762,1.0122,1.2771,0.3218,0.9265,0.9552,1.3447,0.4633,0.8208,1.1461,0.6566,1.328,0.6209,0.3084,1.1957,1.2081,1.5775,0.7203,0.4264,0.9103,False
SYN-SUBJ-013,SYN-SUBJ-013-SESS-0,23,ENCODING,synthetic,1.087,1.3393,0.3568,0.7595,0.1271,1.1617,1.4088,1.1751,1.0785,0.1953,0.6105,1.6985,0.1456,0.6508,0.5783,0.552,1.2876,0.2377,1.5539,0.5307,0.898,False
SYN-SUBJ-013,SYN-SUBJ-013-SESS-0,24,RECALL,synthetic,0.4687,0.426,1.1414,0.2043,0.0,0.8001,0.8576,0.8085,0.8515,0.6653,1.1027,1.0151,0.9504,0.9354,0.3798,0.2596,1.0809,1.2932,0.5531,0.3209,0.9843,False
SYN-SUBJ-013,SYN-SUBJ-013-SESS-0,25,NEITHER,synthetic,0.5814,0.6575,0.6065,0.8806,0.4613,0.951,0.4838,0.8842,1.0202,0.1779,0.8489,0.1007,0.8526,0.6302,0.1514,0.7377,0.6168,0.946,0.449,0.1209,0.3617,False
SYN-SUBJ-013,SYN-SUBJ-013-SESS-0,26,NEITHER,synthetic,0.7977,1.1205,0.6029,0.944,0.5991,0.6598,0.9247,0.7404,0.8025,0.4356,1.2207,0.9206,0.6398,0.4667,0.7332,0.8089,0.8713,1.3271,0.7622,0.47,0.6485,False
SYN-SUBJ-013,SYN-SUBJ-013-SESS-0,27,ENCODING,synthetic,0.3518,1.4763,0.6367,0.5828,0.2238,0.7925,0.512,0.8925,0.7297,0.1201,0.6507,1.3331,0.8248,0.8041,0.0,0.9682,1.6514,0.953,0.9165,0.3385,0.7682,False
SYN-SUBJ-013,SYN-SUBJ-013-SESS-0,28,NEITHER,synthetic,0.804,1.0208,0.8275,0.7327,0.7066,0.9233,0.42,0.8675,1.125,0.1166,0.3728,0.3034,0.6161,0.8631,0.0998,0.8016,0.7349,1.1126,0.8079,0.0,0.13,False
SYN-SUBJ-013,SYN-SUBJ-013-SESS-0,29,RECALL,synthetic,1.1751,0.7561,1.1827,0.6963,0.2422,0.6759,0.0,1.1702,0.7304,0.0,0.2175,0.9534,0.8782,0.7501,0.5919,1.3144,0.8684,1.5578,0.3126,0.4364,0.3888,False
SYN-SUBJ-013,SYN-SUBJ-013-SESS-0,30,ENCODING,synthetic,0.6843,1.5386,1.0411,0.9831,0.0,0.5543,1.898,0.684,0.367,0.3645,0.4693,1.2192,0.6334,0.8302,0.1561,0.6768,1.4237,0.5273,0.5865,0.6144,0.3137,False
SYN-SUBJ-013,SYN-SUBJ-013-SESS-0,31,RECALL,synthetic,0.3233,0.8958,1.637,0.0505,0.4756,0.6851,0.66,1.4024,0.8401,0.2241,0.5513,0.4859,1.2617,0.6522,0.0653,0.439,0.8389,1.0434,0.68,0.308,0.8318,False
SYN-SUBJ-013,SYN-SUBJ-013-SESS-0,32,NEITHER,synthetic,2.1429,2.5805,2.4059,3.5005,3.3474,3.3083,4.6584,4.1404,2.708,3.4342,4.6588,2.3171,2.3318,3.7863,2.9022,4.6429,4.2429,3.4017,2.2494,3.7103,5.8435,True
SYN-SUBJ-013,SYN-SUBJ-013-SESS-0,33,RECALL,synthetic,0.8636,0.3316,1.4844,1.2431,0.1204,0.493,0.7814,1.3411,0.8573,0.1462,0.7189,1.1902,1.1171,0.7146,0.0967,0.5218,0.5929,1.3016,1.1545,0.5316,0.2998,False
SYN-SUBJ-013,SYN-SUBJ-013-SESS-0,34,NEITHER,synthetic,0.9101,0.3298,0.4792,0.5682,0.1303,0.5636,0.4582,0.1473,0.7695,0.0,0.8349,0.9216,0.8065,0.9401,0.8409,0.6179,0.7185,0.6124,0.1525,0.2728,0.0745,False
SYN-SUBJ-013,SYN-SUBJ-013-SESS-0,35,RECALL,synthetic,1.0754,0.576,1.0548,0.8626,0.1948,0.6778,0.5027,0.7753,0.8072,0.3367,1.1171,0.5055,1.3474,0.7059,0.0,0.6937,1.0318,1.2423,0.5714,0.1519,0.8287,False
SYN-SUBJ-013,SYN-SUBJ-013-SESS-0,36,RECALL,synthetic,0.8428,0.717,1.0346,0.8856,0.0122,0.809,0.857,1.2538,0.5497,0.5915,0.8256,1.5543,1.2485,0.7361,0.3911,1.0819,0.6138,1.4513,0.6671,0.4739,0.8442,False
SYN-SUBJ-013,SYN-SUBJ-013-SESS-0,37,RECALL,synthetic,0.5894,0.7899,1.4772,1.0226,0.0374,0.7741,0.7679,1.0213,0.545,0.3374,1.1613,0.8022,1.2199,0.5634,0.6591,0.8941,0.9515,1.0808,0.7106,0.1278,0.703,False
SYN-SUBJ-013,SYN-SUBJ-013-SESS-0,38,NEITHER,synthetic,3.0866,4.3857,3.4928,4.8064,3.7428,4.2183,4.7962,4.3104,3.7677,3.4192,4.173,2.6509,4.5861,2.1625,1.6819,3.4812,3.7467,2.8574,3.9497,4.1341,4.1425,True
SYN-SUBJ-013,SYN-SUBJ-013-SESS-0,39,NEITHER,synthetic,0.8455,1.0684,1.0027,0.7129,0.8121,0.8634,0.6872,0.7986,0.4116,0.3307,0.9802,0.3065,1.0412,1.1496,0.1992,0.7438,0.6067,0.4934,0.355,0.205,0.4523,False
SYN-SUBJ-013,SYN-SUBJ-013-SESS-0,40,NEITHER,synthetic,0.8671,0.6672,0.7949,0.4758,0.0,0.2406,0.7293,0.4371,0.6057,0.3129,1.3079,0.6996,0.8951,1.1036,0.6806,0.7805,1.1323,0.8352,0.9505,0.3349,0.4881,False
SYN-SUBJ-013,SYN-SUBJ-013-SESS-0,41,RECALL,synthetic,0.6713,0.8452,1.7356,0.7296,0.3031,0.582,0.6104,1.2895,0.6968,0.1701,0.62,0.9874,1.173,0.0983,0.1949,1.0525,0.8792,1.1591,0.6189,0.7019,0.3086,False
SYN-SUBJ-013,SYN-SUBJ-013-SESS-0,42,NEITHER,synthetic,0.9734,0.3508,0.883,0.8732,0.6359,0.96,0.9369,0.8168,0.5117,0.0,0.822,0.3874,0.5194,0.9788,0.0661,0.5319,0.3144,0.6399,1.0155,0.4934,0.6113,False
SYN-SUBJ-013,SYN-SUBJ-013-SESS-0,43,RECALL,synthetic,3.144,3.3089,4.0461,2.3971,3.049,2.4853,2.1503,3.3635,4.5397,2.6383,4.3091,3.7685,3.7664,4.5246,3.2247,4.3388,3.512,4.9833,3.806,2.4431,2.7825,True
SYN-SUBJ-013,SYN-SUBJ-013-SESS-0,44,NEITHER,synthetic,0.7279,0.6366,0.4699,0.7878,0.445,1.0272,0.7553,0.7606,0.9623,0.066,0.6897,0.7256,0.7223,0.3353,0.1664,0.8668,0.7855,0.747,0.5427,0.0476,0.7117,False
SYN-SUBJ-013,SYN-SUBJ-013-SESS-0,45,NEITHER,synthetic,0.621,1.0057,0.7409,0.7757,0.2675,0.9117,0.4724,1.057,0.4909,0.215,0.4317,0.8556,0.6259,0.6483,0.3713,0.9233,0.5562,1.2911,0.4325,0.4219,0.1005,False
SYN-SUBJ-013,SYN-SUBJ-013-SESS-0,46,RECALL,synthetic,1.0221,0.3305,1.3912,0.6819,0.0271,1.0037,0.7817,1.2556,1.0395,0.0,0.7687,0.9411,1.1511,0.6538,0.5913,1.1903,0.3266,1.2835,0.9568,0.3225,0.3059,False
SYN-SUBJ-013,SYN-SUBJ-013-SESS-0,47,NEITHER,synthetic,0.5645,0.7402,0.619,0.5487,0.1328,0.8679,0.6923,1.0531,0.8243,0.4161,0.6639,0.6543,0.5559,1.2023,0.0,0.7955,0.8141,0.3799,0.2827,0.7378,0.2107,False
SYN-SUBJ-013,SYN-SUBJ-013-SESS-0,48,NEITHER,synthetic,0.5916,0.9295,0.8918,0.7255,0.506,0.6354,1.1668,0.784,0.6036,0.1287,0.2284,0.8706,0.8044,0.6169,0.4223,0.7258,0.7131,0.9343,0.9988,0.5705,0.5689,False
SYN-SUBJ-013,SYN-SUBJ-013-SESS-0,49,NEITHER,synthetic,0.511,0.6248,0.8882,0.6946,0.4128,0.754,0.7556,0.7955,0.5774,0.3401,0.5911,0.3472,0.7333,0.6733,0.589,0.476,0.9995,1.2108,1.2243,0.3751,0.5411,False
SYN-SUBJ-013,SYN-SUBJ-013-SESS-0,50,NEITHER,synthetic,0.5942,0.9201,0.6007,0.8045,0.3984,1.124,0.3404,0.8743,0.8517,0.1449,0.4255,0.3593,1.13,0.6275,0.0246,0.9549,0.5384,0.9776,0.8096,0.1274,0.1436,False
SYN-SUBJ-013,SYN-SUBJ-013-SESS-0,51,ENCODING,synthetic,0.4048,0.7732,0.9887,0.7375,0.3513,0.7604,1.3906,0.8751,1.1338,0.0973,0.9207,1.3343,0.7121,0.8536,0.4164,0.6315,1.6138,0.6477,0.6196,0.4556,0.698,False
SYN-SUBJ-013,SYN-SUBJ-013-SESS-0,52,NEITHER,synthetic,0.3879,0.9406,1.3713,1.1419,0.5791,0.7213,0.4467,0.7996,0.9944,0.0,0.8575,0.5939,0.9817,1.2827,0.0,0.4851,0.8634,0.3746,0.5033,0.0,0.9845,False
SYN-SUBJ-013,SYN-SUBJ-013-SESS-0,53,NEITHER,synthetic,0.8759,0.5047,0.7404,0.2645,0.2644,0.459,0.7593,0.5493,0.7181,0.3666,0.3462,0.3398,0.833,0.8729,0.8919,0.796,0.505,0.382,0.8111,0.0,0.6766,False
SYN-SUBJ-013,SYN-SUBJ-013-SESS-0,54,ENCODING,synthetic,0.6522,1.119,0.7687,0.8301,0.5823,0.9184,1.4177,0.7207,0.7043,0.0,0.7966,1.1865,0.5619,0.6147,0.4869,0.8039,1.4444,0.6116,0.6833,0.0,0.0706,False
SYN-SUBJ-013,SYN-SUBJ-013-SESS-0,55,ENCODING,synthetic,0.3444,1.3058,1.1303,0.7827,0.0067,0.7704,0.8997,0.7603,0.7475,0.0596,0.5406,1.0593,0.5315,1.0071,0.0366,0.4522,1.2132,0.8263,0.4806,0.0,0.3833,False
SYN-SUBJ-013,SYN-SUBJ-013-SESS-0,56,RECALL,synthetic,3.6027,3.9312,4.2297,4.1907,3.3693,2.9363,4.5507,2.7746,2.9562,4.3412,4.1809,3.2276,5.5573,3.9695,2.3288,4.6779,3.9147,3.2145,3.7331,2.6802,3.9584,True
SYN-SUBJ-013,SYN-SUBJ-013-SESS-0,57,NEITHER,synthetic,0.8458,1.337,0.7256,0.6503,0.3214,0.7078,0.6467,1.0295,0.6932,0.4247,0.842,0.0379,0.4854,0.624,0.4818,0.6847,0.7059,0.557,0.8415,0.3327,0.7592,False
SYN-SUBJ-013,SYN-SUBJ-013-SESS-0,58,ENCODING,synthetic,2.5364,3.1962,4.9941,2.8462,3.4281,3.5574,3.0419,2.892,2.725,3.9285,3.014,3.2153,3.8145,4.1893,1.8279,3.2126,3.9923,2.6026,1.9808,4.115,2.8602,True
SYN-SUBJ-013,SYN-SUBJ-013-SESS-0,59,NEITHER,synthetic,0.8077,0.7894,1.208,0.67,0.0,0.8391,0.8403,0.9479,0.8243,0.7439,0.8266,0.8915,0.6903,0.6664,0.0,0.2164,0.9641,1.1838,0.5633,0.0,0.8473,False
SYN-SUBJ-013,SYN-SUBJ-013-SESS-1,0,NEITHER,synthetic,1.2433,0.999,0.6883,1.0881,0.5865,0.9404,0.7744,0.6854,0.6117,0.2771,0.6793,0.7511,0.7367,0.5094,0.1391,0.4403,0.4943,0.6626,0.8401,0.1058,0.6852,False
SYN-SUBJ-013,SYN-SUBJ-013-SESS-1,1,RECALL,synthetic,0.9772,0.6891,1.4406,0.9114,0.2981,0.8701,0.8137,1.2363,0.9281,0.0,0.6564,0.8348,1.2658,1.2602,0.183,0.8218,0.7177,1.0221,0.845,0.5999,0.0293,False
SYN-SUBJ-013,SYN-SUBJ-013-SESS-1,2,RECALL,synthetic,1.2177,0.917,0.7442,0.4434,0.3027,0.5464,0.9623,1.2474,0.6385,0.1195,0.4027,0.5928,1.0883,0.8414,0.0839,0.6784,0.4731,1.4923,0.1334,0.1795,0.4805,False
SYN-SUBJ-013,SYN-SUBJ-013-SESS-1,3,ENCODING,synthetic,0.9239,1.4776,0.358,0.7365,0.5595,0.8021,1.458,0.8298,0.5778,0.4121,0.9272,1.4655,0.3885,0.703,0.2205,0.983,1.7729,0.6523,0.7771,0.437,0.6331,False
SYN-SUBJ-013,SYN-SUBJ-013-SESS-1,4,RECALL,synthetic,0.4927,1.0519,1.1563,0.1408,0.0,1.0128,0.693,1.1793,0.3232,0.2419,0.7918,0.7208,1.251,0.7634,0.0834,0.9104,0.4926,1.0621,0.5446,0.0921,0.0158,False
SYN-SUBJ-013,SYN-SUBJ-013-SESS-1,5,NEITHER,synthetic,3.1575,3.1256,4.9197,3.0215,2.8657,2.1383,3.4426,4.2045,3.5637,1.9728,3.4381,3.6308,4.0104,3.7973,1.2726,4.4717,3.607,4.1235,3.5671,3.1316,3.2962,True
SYN-SUBJ-013,SYN-SUBJ-013-SESS-1,6,RECALL,synthetic,0.6936,0.9303,1.335,0.3566,0.146,0.3458,1.1558,1.6075,1.2887,0.0154,0.6997,0.8251,1.1521,1.0627,0.0,1.2428,0.8247,1.2278,0.3772,0.0,0.9801,False
SYN-SUBJ-013,SYN-SUBJ-013-SESS-1,7,NEITHER,synthetic,0.6913,0.9025,0.5283,1.252,0.235,1.2037,0.6197,0.437,0.8494,0.5842,1.172,0.8507,1.0468,0.7943,0.3662,0.9334,0.671,0.6489,0.6547,0.0,0.442,False
SYN-SUBJ-013,SYN-SUBJ-013-SESS-1,8,ENCODING,synthetic,0.5128,1.4793,0.8137,0.8039,0.1112,0.8135,1.1999,0.9187,0.888,0.1555,0.6594,1.2118,0.7352,0.4741,0.3097,0.8953,1.6696,0.8049,0.7184,0.3375,0.37,False
SYN-SUBJ-013,SYN-SUBJ-013-SESS-1,9,NEITHER,synthetic,2.8441,2.782,2.6855,2.3355,3.6993,3.9309,2.2124,4.3456,4.1128,3.6188,2.8063,4.7982,4.407,3.2712,3.537,5.0085,4.0902,3.3993,2.8629,2.698,5.1064,True
SYN-SUBJ-013,SYN-SUBJ-013-SESS-1,10,ENCODING,synthetic,1.3449,1.3425,0.7571,1.4672,0.5687,0.6753,1.5049,0.9799,1.075,0.2795,0.9716,1.1472,0.8491,0.8426,0.1211,0.9345,1.4416,0.5823,0.261,0.1585,0.3223,False
SYN-SUBJ-013,SYN-SUBJ-013-SESS-1,11,RECALL,synthetic,0.7617,1.338,1.0594,0.3921,0.2632,0.521,0.4622,1.1251,1.2317,0.1374,0.2942,0.5586,1.4731,0.7982,0.0808,0.7154,0.0,0.6372,1.226,0.3789,0.1948,False
SYN-SUBJ-013,SYN-SUBJ-013-SESS-1,12,RECALL,synthetic,1.06,0.487,0.8055,0.6301,0.3247,1.2796,0.7184,1.3611,0.4899,0.3668,0.8341,0.4237,1.079,0.2701,0.0,0.5702,0.7255,1.0252,1.0362,0.0,0.5786,False
SYN-SUBJ-013,SYN-SUBJ-013-SESS-1,13,ENCODING,synthetic,0.9536,1.3189,0.9288,0.6341,0.4328,0.6686,1.5432,0.4763,0.8712,0.2381,0.6384,1.6252,0.8318,0.4782,0.0453,0.6784,1.6326,1.0035,0.4714,0.0,0.3727,False
SYN-SUBJ-013,SYN-SUBJ-013-SESS-1,14,RECALL,synthetic,0.5286,1.257,1.0196,0.5198,0.3563,0.9792,0.8933,1.491,0.8444,0.4174,0.8041,1.1633,1.4284,1.2104,0.0043,0.5309,0.9689,1.2309,0.5648,0.3703,0.8058,False
SYN-SUBJ-013,SYN-SUBJ-013-SESS-1,15,ENCODING,synthetic,0.7101,1.7255,0.7288,0.7954,0.0,0.8436,1.4353,0.635,0.4843,0.1084,0.4587,1.6027,1.051,0.9291,0.0,0.9896,1.4772,0.4209,0.5027,0.1067,0.0074,False
SYN-SUBJ-013,SYN-SUBJ-013-SESS-1,16,NEITHER,synthetic,0.9228,0.5499,0.7588,0.9367,0.1003,0.5105,0.656,0.7274,1.0471,0.19,0.7307,0.9523,0.9341,1.2059,0.122,0.7618,0.4507,0.8702,0.6684,0.2945,0.7404,False
SYN-SUBJ-013,SYN-SUBJ-013-SESS-1,17,RECALL,synthetic,0.8835,0.678,1.0665,0.812,0.0,0.6219,0.7475,0.841,0.6701,0.4349,1.3119,0.6179,1.3174,0.4969,0.0634,1.2546,0.8381,1.2414,0.9526,0.392,0.5338,False
SYN-SUBJ-013,SYN-SUBJ-013-SESS-1,18,NEITHER,synthetic,0.5157,0.9101,0.741,0.706,0.4528,0.5232,0.6063,0.6387,0.7914,0.3684,0.5189,0.6778,0.0,0.7106,0.4391,0.8943,0.4707,0.8699,1.2619,0.1422,0.7922,False
SYN-SUBJ-013,SYN-SUBJ-013-SESS-1,19,RECALL,synthetic,0.3995,0.7292,1.2497,0.3745,0.1284,1.3434,0.8027,1.0975,0.5965,0.2216,0.9025,0.8151,1.224,0.6857,0.5385,0.6305,0.8393,1.6922,0.7983,0.1602,0.564,False
SYN-SUBJ-013,SYN-SUBJ-013-SESS-1,20,NEITHER,synthetic,2.8169,2.7665,4.7137,2.709,3.868,3.8604,3.7082,3.7078,2.6482,2.3774,4.3644,3.6803,4.9844,3.725,3.5988,4.5565,2.4578,2.9961,3.2466,3.3244,3.3717,True
SYN-SUBJ-013,SYN-SUBJ-013-SESS-1,21,ENCODING,synthetic,2.3032,3.4979,3.9651,4.1431,2.9851,3.0331,4.1637,3.9641,2.2551,3.7824,3.4504,3.1409,2.993,3.7593,3.7614,3.4797,5.5581,4.1848,4.6483,3.2676,4.3091,True
SYN-SUBJ-013,SYN-SUBJ-013-SESS-1,22,RECALL,synthetic,0.5528,1.0206,1.2605,1.1782,0.0,0.5306,0.776,1.8981,0.8702,0.4861,0.4382,0.4083,0.8217,1.0013,0.4756,0.8833,1.1096,0.9451,0.7759,0.1028,0.9934,False
SYN-SUBJ-013,SYN-SUBJ-013-SESS-1,23,NEITHER,synthetic,0.6609,0.7176,0.528,0.6338,0.3495,0.7717,0.7185,0.651,1.0532,0.6707,0.9562,0.7484,1.3171,1.1904,0.2924,0.6953,0.3579,0.5878,0.9657,0.4745,0.3076,False
SYN-SUBJ-013,SYN-SUBJ-013-SESS-1,24,RECALL,synthetic,0.8083,1.0131,1.0544,0.4936,0.1634,0.474,0.8276,1.6893,0.8292,0.0,0.4218,0.9618,1.4066,0.7212,0.5182,0.4796,0.4991,0.9449,0.476,0.4251,0.5821,False
SYN-SUBJ-013,SYN-SUBJ-013-SESS-1,25,RECALL,synthetic,0.6501,0.7629,0.9779,0.9114,0.0,0.2512,0.2486,1.5412,0.7547,0.4352,0.7215,0.2751,1.1557,0.8002,0.3749,0.5941,0.7984,1.5293,0.4565,0.2809,0.5246,False
SYN-SUBJ-013,SYN-SUBJ-013-SESS-1,26,NEITHER,synthetic,0.2478,0.3373,0.4889,0.7389,0.0,0.6631,0.9328,0.2282,0.8214,0.4411,0.4352,0.6643,0.959,1.1116,0.4315,0.5882,0.7077,0.941,0.6757,0.3889,0.8326,False
SYN-SUBJ-013,SYN-SUBJ-013-SESS-1,27,RECALL,synthetic,0.8644,0.7955,0.9481,0.7862,0.0,0.4495,0.4794,1.0826,0.974,0.3568,0.7632,0.7602,1.2869,1.1446,0.2857,0.8907,0.7012,1.4187,0.9536,0.0,0.7262,False
SYN-SUBJ-013,SYN-SUBJ-013-SESS-1,28,ENCODING,synthetic,0.6388,1.3535,0.9372,1.0335,0.5047,0.2172,1.1055,0.7282,0.6941,0.362,0.3192,1.2822,1.1223,1.0258,0.0,0.9111,1.6718,0.3865,0.7433,0.077,0.7907,False
SYN-SUBJ-013,SYN-SUBJ-013-SESS-1,29,NEITHER,synthetic,2.8111,3.5778,3.0055,2.5079,3.0611,2.9942,2.478,2.6663,4.5468,3.0017,3.0992,2.3756,4.0312,3.065,2.0156,1.9299,3.7544,4.8122,4.8023,3.2065,2.7339,True
SYN-SUBJ-013,SYN-SUBJ-013-SESS-1,30,RECALL,synthetic,0.9614,0.8637,1.6281,0.7974,0.1439,1.1176,0.5481,1.4424,0.4949,0.0874,0.6986,0.9214,1.0596,0.2691,0.0,0.9737,0.4832,1.3302,0.8828,0.0529,0.3932,False
SYN-SUBJ-013,SYN-SUBJ-013-SESS-1,31,ENCODING,synthetic,0.9048,1.7491,0.7692,0.7944,0.4206,1.2226,0.909,0.6153,0.6029,0.6099,1.0657,1.2495,0.6897,0.8032,0.1078,0.2762,1.2898,0.3713,0.3278,0.2105,0.5175,False
SYN-SUBJ-013,SYN-SUBJ-013-SESS-1,32,ENCODING,synthetic,0.7351,1.3955,0.5921,0.8337,0.1541,1.002,1.2788,0.8651,0.7418,0.1204,0.5762,1.2748,0.6661,0.7735,0.4334,1.0608,1.4815,0.6415,1.1043,0.297,0.2912,False
SYN-SUBJ-013,SYN-SUBJ-013-SESS-1,33,ENCODING,synthetic,0.8823,1.4109,0.7984,0.5535,0.377,0.5683,1.5144,0.4494,0.286,0.0,0.5209,1.3824,0.3759,1.0649,0.2577,0.4594,1.4269,0.7148,0.3698,0.0,0.3485,False
SYN-SUBJ-013,SYN-SUBJ-013-SESS-1,34,NEITHER,synthetic,0.6558,0.7821,0.6967,0.6381,0.295,0.5482,0.7723,1.0344,0.5043,0.2729,0.5113,0.7671,0.4105,0.5621,0.2864,0.8724,0.9372,0.6883,0.5177,0.0772,0.4679,False
SYN-SUBJ-013,SYN-SUBJ-013-SESS-1,35,NEITHER,synthetic,0.5781,1.1477,0.6383,0.685,0.5687,1.0991,0.6801,0.9311,0.8948,0.2696,0.6022,0.2496,0.7106,0.9544,0.0,0.5973,1.0566,1.1129,0.4398,0.3539,0.956,False
SYN-SUBJ-013,SYN-SUBJ-013-SESS-1,36,ENCODING,synthetic,0.5971,1.4765,0.4945,0.6723,0.0,0.7176,0.9552,1.068,0.4639,0.2126,0.4609,1.4957,1.2935,1.0418,0.5235,1.014,1.3161,0.8097,0.6922,0.0,0.6099,False
SYN-SUBJ-013,SYN-SUBJ-013-SESS-1,37,NEITHER,synthetic,0.6758,1.0182,0.7795,0.8234,0.3842,0.908,0.668,0.8661,0.663,0.2134,0.594,0.6336,0.8168,0.6153,0.0,0.8312,0.0734,0.9367,0.8775,0.1121,0.1239,False
SYN-SUBJ-013,SYN-SUBJ-013-SESS-1,38,RECALL,synthetic,1.0198,0.7597,1.4042,1.0259,0.3801,0.6258,0.2233,1.562,0.6516,0.1688,1.011,0.5656,1.0603,0.5007,0.24,0.7481,0.7025,1.0161,1.0042,0.45,0.6723,False
SYN-SUBJ-013,SYN-SUBJ-013-SESS-1,39,ENCODING,synthetic,0.6228,1.2561,0.4588,1.3377,0.0,0.8497,2.1281,0.7304,0.6708,0.0484,0.6357,1.1231,0.761,1.1713,0.0,0.7846,1.1902,0.7286,0.5234,0.3965,0.7652,False
SYN-SUBJ-013,SYN-SUBJ-013-SESS-1,40,NEITHER,synthetic,0.5976,0.8506,0.7945,1.0648,0.3285,1.0453,0.7777,1.3368,1.0276,0.5968,1.0076,1.0239,0.551,0.5743,0.4353,0.7797,0.3851,1.0227,0.6988,0.5318,0.0303,False
SYN-SUBJ-013,SYN-SUBJ-013-SESS-1,41,RECALL,synthetic,0.56,1.3634,1.3975,0.3116,0.6011,0.67,0.7164,1.3766,0.6069,0.0469,1.0449,0.8406,1.3449,0.7667,0.3841,1.0228,0.7478,1.4389,0.4392,0.2324,0.9171,False
SYN-SUBJ-013,SYN-SUBJ-013-SESS-1,42,NEITHER,synthetic,0.8507,0.5371,0.8859,0.5763,0.1907,0.9744,0.4041,0.6937,0.6903,0.2066,0.8809,0.8203,0.7685,0.8534,0.3582,0.6729,0.5567,1.3279,0.847,0.1671,0.3133,False
SYN-SUBJ-013,SYN-SUBJ-013-SESS-1,43,RECALL,synthetic,0.6043,0.3894,1.4074,0.9548,0.0,0.9873,0.6575,1.121,0.2175,0.4228,1.0593,0.6562,1.5127,0.3819,0.3172,1.2118,0.3058,1.4353,0.6933,0.3817,0.0937,False
SYN-SUBJ-013,SYN-SUBJ-013-SESS-1,44,RECALL,synthetic,0.64,0.9732,1.0608,0.9263,0.4185,0.4176,0.8953,1.539,0.941,0.0,0.4811,1.053,1.239,0.7882,0.4362,0.8478,0.3612,0.802,1.2693,0.2186,0.6684,False
SYN-SUBJ-013,SYN-SUBJ-013-SESS-1,45,NEITHER,synthetic,0.8269,0.5942,0.5719,0.5495,0.086,0.2386,0.6658,1.1541,1.0025,0.5106,1.1389,0.9067,0.3523,0.6415,0.0,0.9455,0.5521,0.8308,1.2282,0.4095,0.9434,False
SYN-SUBJ-013,SYN-SUBJ-013-SESS-1,46,NEITHER,synthetic,0.6646,0.4602,0.3231,0.4325,0.0468,0.3237,0.9735,0.7216,0.825,0.0685,0.8969,1.0662,1.0055,0.6878,0.3948,0.4763,1.0435,0.4047,0.5699,0.0141,0.9897,False
SYN-SUBJ-013,SYN-SUBJ-013-SESS-1,47,ENCODING,synthetic,0.7549,1.9751,0.0894,0.7192,0.0313,0.8105,1.7146,0.9286,0.7438,0.3216,0.5851,1.0404,0.3397,0.7396,0.6319,0.792,0.7055,0.6009,0.7079,0.1758,0.3458,False
SYN-SUBJ-013,SYN-SUBJ-013-SESS-1,48,RECALL,synthetic,0.5451,0.8623,1.4193,0.9331,0.5948,0.798,0.6455,1.2945,1.1251,0.116,0.7839,0.4745,1.154,0.6357,0.2481,0.7587,0.9743,1.4574,0.6173,0.3715,0.7638,False
SYN-SUBJ-013,SYN-SUBJ-013-SESS-1,49,RECALL,synthetic,0.813,0.6343,1.4658,0.7699,0.2058,0.6686,1.1811,1.2194,0.7271,0.0764,0.2277,0.4826,1.5172,0.8309,0.2036,0.7482,0.9742,0.9428,0.3239,0.0081,0.2399,False
SYN-SUBJ-013,SYN-SUBJ-013-SESS-1,50,RECALL,synthetic,0.7618,0.5766,1.3835,1.0686,0.3481,0.6524,1.0439,1.0129,0.7757,0.0096,0.4209,1.2197,1.7089,0.726,0.4088,0.6103,0.5009,1.2506,0.4278,0.7166,0.5464,False
SYN-SUBJ-013,SYN-SUBJ-013-SESS-1,51,ENCODING,synthetic,0.8714,1.0352,0.4028,0.4891,0.2634,0.8062,1.3051,0.6546,0.4584,0.174,0.7706,1.0335,0.5894,0.7164,0.6816,0.3429,1.829,0.7932,0.6627,0.3802,0.8691,False
SYN-SUBJ-013,SYN-SUBJ-013-SESS-1,52,NEITHER,synthetic,0.5905,0.8029,0.7075,0.6598,0.0345,0.5875,0.516,1.0219,0.9828,0.0,0.6367,1.1522,0.4793,0.4432,0.4548,0.3838,0.6055,0.9661,0.5643,0.0,0.3772,False
SYN-SUBJ-013,SYN-SUBJ-013-SESS-1,53,RECALL,synthetic,2.5327,3.7241,3.8732,4.0951,4.2347,4.0171,4.9241,5.0621,4.7253,4.0968,3.3,1.8399,3.9236,3.5623,1.5061,3.0029,4.3234,2.3313,3.331,1.9987,4.395,True
SYN-SUBJ-013,SYN-SUBJ-013-SESS-1,54,NEITHER,synthetic,0.8407,0.7475,0.9015,0.806,0.0,1.0763,0.2373,0.3231,0.9726,0.3568,0.8124,0.5679,0.9353,0.9361,0.6762,0.6897,0.46,0.9779,0.733,0.3387,0.0292,False
SYN-SUBJ-013,SYN-SUBJ-013-SESS-1,55,NEITHER,synthetic,0.593,0.9694,0.629,0.8119,0.2302,0.6937,0.7551,1.3669,1.0916,0.0006,0.8749,1.087,0.9672,0.8597,0.0463,0.5178,0.8445,0.9489,1.3302,0.2075,0.0594,False
SYN-SUBJ-013,SYN-SUBJ-013-SESS-1,56,RECALL,synthetic,0.8339,0.5172,0.9702,1.0155,0.2641,0.8144,0.4231,1.5602,1.0413,0.6434,0.7707,0.9979,1.3314,0.8493,0.4921,0.7338,0.6992,0.5214,0.6784,0.2585,0.0482,False
SYN-SUBJ-013,SYN-SUBJ-013-SESS-1,57,RECALL,synthetic,3.1313,3.482,2.588,2.4843,2.2145,3.8267,3.6061,5.1027,2.4336,1.9689,3.4372,3.4955,3.7558,3.6288,3.0002,4.5303,3.8793,4.7562,3.9247,2.7475,4.2122,True
SYN-SUBJ-013,SYN-SUBJ-013-SESS-1,58,NEITHER,synthetic,0.7728,0.7029,0.4466,0.5742,0.0,0.423,0.842,1.204,0.5447,0.2688,0.6938,0.4993,0.9721,1.1128,0.0466,0.6983,0.8346,0.6084,0.7873,0.2081,0.6119,False
SYN-SUBJ-013,SYN-SUBJ-013-SESS-1,59,NEITHER,synthetic,0.8607,0.2748,0.8918,0.7492,0.5162,0.6653,0.605,0.9791,0.8631,0.6225,0.4102,0.446,0.7741,0.6424,0.0,0.8876,0.6835,0.8456,0.8309,0.1376,0.9862,False
SYN-SUBJ-014,SYN-SUBJ-014-SESS-0,0,RECALL,synthetic,1.1851,1.4089,1.7692,1.1411,0.75,1.0583,1.2155,1.9483,1.1067,1.0999,1.2261,1.3052,1.3726,1.4808,0.4526,1.0693,1.0262,1.7597,0.8357,0.1813,0.1073,False
SYN-SUBJ-014,SYN-SUBJ-014-SESS-0,1,RECALL,synthetic,1.1946,0.9027,1.897,1.0579,0.7791,0.8328,1.4558,1.2486,1.0927,0.6407,1.1026,1.2281,1.6875,1.2828,0.7277,1.5516,0.6491,1.8296,0.6207,1.0658,0.9742,False
SYN-SUBJ-014,SYN-SUBJ-014-SESS-0,2,RECALL,synthetic,1.0264,0.7375,2.0302,0.5621,0.576,0.9363,1.058,1.5015,1.0375,0.326,1.1865,0.9061,1.371,1.5001,0.5055,1.2569,1.1964,1.5762,1.5365,0.6703,0.5693,False
SYN-SUBJ-014,SYN-SUBJ-014-SESS-0,3,ENCODING,synthetic,0.8058,1.5873,1.1837,1.1588,0.7739,1.3062,1.4885,1.2101,0.7209,0.2425,1.0446,1.637,0.6514,0.9323,0.4816,0.8561,1.4528,1.0525,1.1752,0.4358,0.4804,False
SYN-SUBJ-014,SYN-SUBJ-014-SESS-0,4,ENCODING,synthetic,4.0551,5.2536,4.9813,4.3631,2.5048,4.167,4.0758,2.6783,2.3188,2.2137,4.8382,3.6932,5.1307,3.9425,3.3548,3.8485,4.305,4.5538,4.9217,3.7427,4.0204,True
SYN-SUBJ-014,SYN-SUBJ-014-SESS-0,5,NEITHER,synthetic,0.5291,0.8093,1.0167,0.943,0.2875,1.4719,1.184,1.0778,0.9973,0.809,0.8974,0.9667,1.1131,0.8355,0.5021,1.1709,1.4662,1.082,1.2109,0.4474,0.9962,False
SYN-SUBJ-014,SYN-SUBJ-014-SESS-0,6,NEITHER,synthetic,1.0642,0.6096,0.6567,1.2137,0.4888,0.8207,1.0457,0.9955,0.923,0.3088,1.1422,1.2862,1.2022,1.0233,0.3432,0.8769,0.8911,0.9211,1.3511,0.6043,0.2363,False
SYN-SUBJ-014,SYN-SUBJ-014-SESS-0,7,RECALL,synthetic,1.2662,1.4228,1.5893,0.8154,0.2761,0.8951,1.2533,1.7209,1.372,0.7383,1.0834,0.9879,1.9685,0.836,0.7156,1.1764,0.9298,1.6328,0.9059,0.3978,0.7685,False
SYN-SUBJ-014,SYN-SUBJ-014-SESS-0,8,NEITHER,synthetic,1.0114,0.8301,1.1865,1.0097,0.7203,1.2432,1.1936,1.1569,0.8876,0.775,0.8938,0.9431,1.1622,1.0545,0.3179,1.171,0.8194,1.2061,0.4629,0.7805,0.0665,False
SYN-SUBJ-014,SYN-SUBJ-014-SESS-0,9,RECALL,synthetic,3.011,3.8484,4.0358,4.2899,4.3885,4.5968,3.6304,5.2558,3.3821,3.0526,2.9663,2.7942,4.0646,2.5899,3.558,4.3687,2.7579,5.0892,4.6677,4.0891,4.8218,True
SYN-SUBJ-014,SYN-SUBJ-014-SESS-0,10,RECALL,synthetic,0.9969,0.9239,1.7981,0.9571,0.3071,0.6499,1.2783,1.8216,1.238,0.4231,0.9719,0.911,1.3574,1.1098,0.0358,0.6947,0.8763,1.7957,0.799,0.6693,0.6523,False
SYN-SUBJ-014,SYN-SUBJ-014-SESS-0,11,RECALL,synthetic,0.7671,0.8873,2.2297,0.9359,0.1663,1.217,1.2414,1.7071,1.2322,0.4114,1.0365,0.8718,1.8538,1.1934,0.5244,1.0409,1.0084,1.2106,0.8251,0.4716,0.9101,False
SYN-SUBJ-014,SYN-SUBJ-014-SESS-0,12,RECALL,synthetic,4.1276,4.5009,5.1734,2.5502,3.5212,2.8973,3.925,3.5233,3.1198,2.4021,2.7348,3.4713,3.4631,4.0556,3.0046,1.9688,2.9317,3.4219,4.7179,3.5863,2.5242,True
SYN-SUBJ-014,SYN-SUBJ-014-SESS-0,13,ENCODING,synthetic,3.0351,4.5994,3.8146,2.6473,3.7976,4.8828,5.5066,5.087,3.891,4.0859,4.7229,4.4066,5.2674,3.1067,2.977,4.0678,4.5192,3.7769,3.0069,2.4104,5.3751,True
SYN-SUBJ-014,SYN-SUBJ-014-SESS-0,14,NEITHER,synthetic,0.6831,1.0919,0.8984,0.8659,0.4661,0.5541,0.9136,0.9765,1.1709,0.6522,0.9161,0.5675,0.7652,1.152,0.2675,0.8346,0.7429,0.9651,1.1155,0.197,0.7465,False
SYN-SUBJ-014,SYN-SUBJ-014-SESS-0,15,ENCODING,synthetic,0.7565,1.8018,0.7885,0.403,0.7085,1.3111,1.4021,1.0002,1.3924,0.2531,0.6608,1.8474,1.1824,0.9986,0.4793,0.7915,2.1239,0.8587,1.0415,0.4834,0.4094,False
SYN-SUBJ-014,SYN-SUBJ-014-SESS-0,16,RECALL,synthetic,0.8941,0.6905,1.2783,1.5353,0.4673,1.3966,0.5746,1.4509,1.2817,0.2078,0.8868,1.0695,1.5901,0.6044,0.6261,0.6509,1.0099,1.4548,0.8427,0.8633,0.0809,False
SYN-SUBJ-014,SYN-SUBJ-014-SESS-0,17,ENCODING,synthetic,0.5736,1.5342,0.9444,0.8186,0.315,0.8721,1.8861,0.7488,0.9644,0.4657,0.9905,2.1135,1.1668,0.7502,0.6801,1.1525,0.978,0.8512,1.2849,1.0442,0.6568,False
SYN-SUBJ-014,SYN-SUBJ-014-SESS-0,18,ENCODING,synthetic,1.101,1.2844,0.8989,0.752,0.8837,1.5021,1.8904,0.9912,1.1966,0.5584,0.6607,1.5329,1.2271,1.3583,0.964,1.1873,1.7951,1.192,0.6784,0.2797,0.5002,False
SYN-SUBJ-014,SYN-SUBJ-014-SESS-0,19,NEITHER,synthetic,1.2826,0.9753,1.4873,1.0272,0.5157,0.835,1.3368,1.3622,1.309,0.4241,1.1272,0.9692,0.8293,0.7975,0.2285,1.1104,0.6613,1.7009,1.0487,0.3459,0.0398,False
SYN-SUBJ-014,SYN-SUBJ-014-SESS-0,20,NEITHER,synthetic,1.2984,1.2762,1.324,1.0446,0.4499,1.4505,0.8582,0.7452,1.0775,0.6399,1.2022,0.8243,1.0558,0.5624,0.9334,1.6073,0.869,0.8082,0.9848,0.7383,0.0296,False
SYN-SUBJ-014,SYN-SUBJ-014-SESS-0,21,NEITHER,synthetic,4.7187,4.9745,3.2921,4.3191,2.0643,4.6612,2.6605,3.4124,4.8343,2.4247,5.0226,4.8263,3.7104,3.9151,4.218,2.7262,3.9824,4.1649,3.2193,2.9485,5.9502,True
SYN-SUBJ-014,SYN-SUBJ-014-SESS-0,22,NEITHER,synthetic,0.7688,1.1539,1.249,1.2399,0.3175,1.0869,1.0779,1.2453,1.1049,0.5038,1.3859,0.9269,1.1884,0.9514,0.8688,0.8355,1.2982,0.5794,0.5162,0.4669,0.2866,False
SYN-SUBJ-014,SYN-SUBJ-014-SESS-0,23,ENCODING,synthetic,1.2974,1.6038,1.091,0.9051,0.3155,1.0562,1.3433,0.537,1.2703,0.2382,0.6353,1.2982,0.9817,0.93,0.3957,0.7274,1.2405,0.8016,1.2902,0.4363,0.1782,False
SYN-SUBJ-014,SYN-SUBJ-014-SESS-0,24,NEITHER,synthetic,1.2089,0.9335,0.8671,1.1591,0.4687,1.3579,1.2007,0.4099,1.1868,0.4252,1.0542,0.5364,0.9673,0.9741,0.2918,0.9383,0.7663,1.1818,0.9694,0.7145,0.6237,False
SYN-SUBJ-014,SYN-SUBJ-014-SESS-0,25,ENCODING,synthetic,1.0913,1.2915,0.9868,0.2784,0.8344,1.0721,1.8845,1.0637,0.7492,0.6985,1.0277,1.3449,0.7032,0.5587,0.9158,0.86,1.5932,0.9259,1.0253,0.4553,0.9225,False
SYN-SUBJ-014,SYN-SUBJ-014-SESS-0,26,NEITHER,synthetic,0.9486,0.8217,1.083,0.9854,0.2277,1.2244,1.1004,1.3316,1.1986,0.4301,0.9176,1.3799,1.187,1.2416,0.1807,0.9912,0.9832,0.8692,1.3614,0.7025,0.3705,False
SYN-SUBJ-014,SYN-SUBJ-014-SESS-0,27,NEITHER,synthetic,1.2237,0.9872,1.1597,0.7184,0.2055,1.0323,0.817,0.9059,1.2341,0.5759,0.4334,0.8339,1.1307,0.59,0.3381,0.8642,0.8288,1.085,1.0647,0.257,0.2097,False
SYN-SUBJ-014,SYN-SUBJ-014-SESS-0,28,NEITHER,synthetic,0.9973,1.046,1.3585,0.9752,0.6723,1.0653,1.4398,1.0047,1.3587,0.6019,1.1666,0.823,1.2489,1.1831,0.4941,0.7552,1.4183,1.1312,1.0831,0.4123,0.6995,False
SYN-SUBJ-014,SYN-SUBJ-014-SESS-0,29,RECALL,synthetic,1.1341,0.7555,2.0052,1.0023,0.6557,1.1018,0.8781,1.4451,1.0311,0.606,1.2976,0.6114,1.0616,1.3118,0.8291,1.264,1.0964,1.6243,0.5486,0.1701,0.2738,False
SYN-SUBJ-014,SYN-SUBJ-014-SESS-0,30,ENCODING,synthetic,1.334,1.4927,1.1094,1.5506,0.5282,0.5792,2.0767,1.0355,1.2678,0.4607,1.4165,1.4127,0.7731,0.4574,0.354,1.1778,1.6649,1.1669,1.2207,0.5102,0.678,False
SYN-SUBJ-014,SYN-SUBJ-014-SESS-0,31,NEITHER,synthetic,0.9232,0.7281,1.4375,0.6714,0.5859,0.7517,0.5354,0.8989,1.1748,0.5161,0.6624,0.8805,0.9948,1.5208,0.6932,1.2807,1.3401,1.0344,1.2346,0.0289,0.2565,False
SYN-SUBJ-014,SYN-SUBJ-014-SESS-0,32,RECALL,synthetic,1.1231,1.4399,1.3444,1.0897,0.4828,0.946,1.0848,1.6624,1.148,0.7246,1.0499,0.7215,1.0703,1.1859,0.7075,0.9193,0.9053,1.8047,1.1214,0.5322,0.7947,False
SYN-SUBJ-014,SYN-SUBJ-014-SESS-0,33,NEITHER,synthetic,0.7685,0.7192,1.5567,0.7857,0.7014,0.9526,0.9805,1.0692,0.7127,0.7842,0.798,1.0656,0.8222,1.1112,0.2102,1.5201,1.1628,0.9686,0.7459,0.9808,0.8409,False
SYN-SUBJ-014,SYN-SUBJ-014-SESS-0,34,NEITHER,synthetic,3.9693,4.0904,2.4024,3.1423,4.2086,4.4674,2.6524,2.9894,3.5869,4.1608,2.4324,3.2736,4.1912,4.5858,2.1274,3.236,2.7127,3.6557,4.9238,3.4288,5.4603,True
SYN-SUBJ-014,SYN-SUBJ-014-SESS-0,35,NEITHER,synthetic,0.5954,0.8918,1.1548,0.6739,0.2982,1.0607,0.9245,0.903,1.4067,0.8703,0.438,1.1718,1.2363,1.1222,0.6329,1.1699,1.2442,1.4425,0.5043,0.5404,0.7715,False
SYN-SUBJ-014,SYN-SUBJ-014-SESS-0,36,NEITHER,synthetic,1.0398,0.9638,1.1476,1.0052,0.8641,1.1173,1.1916,1.2569,1.3372,0.5417,0.9452,1.1892,1.0566,0.4707,0.7197,1.2031,1.3519,1.2241,1.3413,0.3509,0.8362,False
SYN-SUBJ-014,SYN-SUBJ-014-SESS-0,37,NEITHER,synthetic,5.1692,3.8232,5.324,5.4647,2.8861,3.7493,3.9494,2.4269,4.466,3.5313,3.1304,3.2608,4.6773,4.2957,2.1318,5.0309,3.533,5.2236,4.773,3.6966,3.9749,True
SYN-SUBJ-014,SYN-SUBJ-014-SESS-0,38,RECALL,synthetic,1.272,1.1714,1.4437,1.083,0.6583,0.8828,1.3333,1.2582,0.9499,0.2668,1.1133,0.6334,1.417,0.9696,0.3757,0.938,1.0275,1.2233,1.1677,0.9193,0.9461,False
SYN-SUBJ-014,SYN-SUBJ-014-SESS-0,39,ENCODING,synthetic,1.6962,1.6099,0.9268,0.4558,0.5286,1.0954,1.7627,0.6068,1.7143,0.3131,1.2198,1.9538,1.0854,0.8737,0.0289,1.0595,1.562,1.0073,0.9188,0.5118,0.3115,False
SYN-SUBJ-014,SYN-SUBJ-014-SESS-0,40,ENCODING,synthetic,1.1258,1.8187,1.0138,0.8443,0.7264,1.3938,1.6898,0.9208,0.8895,0.3816,0.5068,1.5538,0.8101,0.928,1.0668,0.9104,1.3052,1.1627,1.3617,0.4106,0.9231,False
SYN-SUBJ-014,SYN-SUBJ-014-SESS-0,41,RECALL,synthetic,1.0601,1.2277,1.0487,1.1407,0.4003,0.7339,0.9874,1.7523,0.9458,0.2408,0.7439,1.1484,1.2076,0.801,0.8863,0.6661,0.8315,1.3748,1.2709,0.45,0.6993,False
SYN-SUBJ-014,SYN-SUBJ-014-SESS-0,42,ENCODING,synthetic,0.9916,1.7395,0.9579,1.1895,0.881,1.0386,1.6538,1.2903,1.0363,0.773,0.8231,1.4593,0.9007,1.1436,0.3066,0.7592,1.7048,0.8702,0.8597,0.5241,0.5477,False
SYN-SUBJ-014,SYN-SUBJ-014-SESS-0,43,NEITHER,synthetic,0.9155,0.7231,0.6278,1.3734,0.6205,0.9297,1.121,1.1748,0.7938,1.0709,0.8093,1.1829,1.0296,1.1864,0.1874,0.7232,1.3588,0.9324,0.8585,0.2155,0.746,False
SYN-SUBJ-014,SYN-SUBJ-014-SESS-0,44,ENCODING,synthetic,0.712,1.7937,0.8626,0.7211,0.723,1.1665,1.6102,0.883,0.7999,0.7655,0.8486,1.7593,0.4615,1.3146,0.0289,1.0065,1.3056,1.0073,1.0925,0.6713,0.1705,False
SYN-SUBJ-014,SYN-SUBJ-014-SESS-0,45,RECALL,synthetic,1.4707,0.9535,1.6772,1.0171,0.4758,0.821,1.4696,1.5139,0.8923,0.4509,1.0799,1.2389,1.5138,1.3742,0.6623,1.3654,0.767,1.6701,0.781,0.2333,0.7113,False
SYN-SUBJ-014,SYN-SUBJ-014-SESS-0,46,ENCODING,synthetic,1.4626,1.7172,1.0534,0.7656,0.0289,0.6744,1.5532,1.5724,1.1332,0.514,0.844,1.7277,1.0089,1.1779,0.5173,0.7615,1.9383,1.0558,0.83,0.2769,0.4635,False
SYN-SUBJ-014,SYN-SUBJ-014-SESS-0,47,RECALL,synthetic,1.1211,0.8569,1.3545,0.97,0.82,0.6775,0.6674,2.2217,1.193,0.5064,0.7522,1.0915,1.563,1.0909,0.5577,1.6764,1.7652,1.828,0.9718,0.7778,0.6402,False
SYN-SUBJ-014,SYN-SUBJ-014-SESS-0,48,ENCODING,synthetic,4.3907,4.3667,2.6366,2.6619,4.5462,4.2303,4.5831,4.7716,2.5118,2.867,4.3736,3.7179,2.898,4.7141,3.7675,3.4153,5.1522,3.8834,3.9011,1.9671,4.0073,True
SYN-SUBJ-014,SYN-SUBJ-014-SESS-0,49,RECALL,synthetic,1.255,1.0077,1.7239,1.1102,1.1116,1.0035,1.0738,1.4122,1.1871,0.7163,1.2325,1.167,1.5755,0.9294,0.68,0.9392,1.1049,1.4654,1.1365,0.7518,0.865,False
SYN-SUBJ-014,SYN-SUBJ-014-SESS-0,50,RECALL,synthetic,0.882,1.0131,1.9458,0.8835,0.3985,1.1438,1.0552,1.9296,0.5257,0.7202,1.0415,0.9338,1.2509,1.2474,0.4535,1.3088,1.2967,1.235,1.0349,0.6542,0.4387,False
SYN-SUBJ-014,SYN-SUBJ-014-SESS-0,51,RECALL,synthetic,1.0921,0.3128,1.3173,0.856,0.8913,1.2824,1.5407,1.2735,0.9481,0.6339,0.6324,0.727,1.6745,0.7806,1.078,1.1269,0.7927,1.5642,1.0542,0.8985,0.6131,False
SYN-SUBJ-014,SYN-SUBJ-014-SESS-0,52,ENCODING,synthetic,0.8569,1.7957,0.7393,1.3798,0.7785,1.2534,1.2618,1.3607,1.0831,0.4786,0.9165,1.881,0.6005,0.655,0.6461,1.3613,1.6163,0.7747,0.6183,0.3411,0.4475,False
SYN-SUBJ-014,SYN-SUBJ-014-SESS-0,53,RECALL,synthetic,0.7933,0.858,1.8163,1.3162,0.3307,1.0901,0.8427,1.6693,1.395,0.59,0.9009,0.7071,1.6895,0.7233,0.5691,0.9415,0.6897,1.8204,0.6495,0.7772,0.8787,False
SYN-SUBJ-014,SYN-SUBJ-014-SESS-0,54,ENCODING,synthetic,0.8345,1.7752,0.9836,0.9432,0.4246,1.131,1.5306,1.0224,1.0778,0.2768,1.1553,1.4941,0.9062,0.8207,0.7116,1.2952,1.7475,0.504,0.9937,0.5282,0.6097,False
SYN-SUBJ-014,SYN-SUBJ-014-SESS-0,55,ENCODING,synthetic,1.1121,1.9625,1.2213,1.152,0.4224,1.0885,0.8394,0.8786,1.0732,0.1836,0.8874,1.6925,0.7906,1.1463,0.311,1.0823,1.7178,1.2861,0.5339,0.0289,0.7335,False
SYN-SUBJ-014,SYN-SUBJ-014-SESS-0,56,NEITHER,synthetic,0.6801,0.7157,0.6281,1.3826,0.6637,1.254,0.8982,0.6588,0.8055,1.0118,0.9604,1.2261,1.0537,0.8669,0.2187,1.0213,0.8714,0.69,0.5288,0.0289,0.2164,False
SYN-SUBJ-014,SYN-SUBJ-014-SESS-0,57,RECALL,synthetic,3.9257,3.136,4.9344,3.3691,3.5995,2.3685,4.0912,2.9091,2.8636,3.5887,3.8311,3.3337,3.2425,4.4965,2.4978,3.8446,3.2304,5.0034,4.1507,3.182,3.8735,True
SYN-SUBJ-014,SYN-SUBJ-014-SESS-0,58,RECALL,synthetic,2.8177,3.6478,2.67,4.1692,3.4865,4.0301,3.3345,4.2942,3.2792,3.193,3.8432,2.9327,4.1941,4.7282,4.6113,4.6438,3.1806,3.5735,4.2785,3.8168,5.626,True
SYN-SUBJ-014,SYN-SUBJ-014-SESS-0,59,NEITHER,synthetic,1.4984,0.9892,0.8445,0.966,0.5045,1.1354,1.3421,1.0965,1.3136,0.2749,0.9371,0.8689,1.2222,1.4963,0.382,1.0595,0.8094,1.2229,1.1278,0.5078,0.9787,False
SYN-SUBJ-014,SYN-SUBJ-014-SESS-1,0,RECALL,synthetic,1.4156,1.297,1.4111,0.8769,0.5116,0.9559,1.0486,1.5553,0.9783,0.4211,1.034,1.0485,1.5292,0.7292,0.1932,1.1725,1.0339,1.5654,1.5721,0.6268,0.5973,False
SYN-SUBJ-014,SYN-SUBJ-014-SESS-1,1,NEITHER,synthetic,3.4538,4.2433,3.4336,4.126,3.1109,4.5964,2.7802,4.4466,4.6233,3.4157,3.8869,3.802,4.7367,2.3262,2.7921,2.3285,3.9437,4.3198,3.3435,2.9224,2.9974,True
SYN-SUBJ-014,SYN-SUBJ-014-SESS-1,2,ENCODING,synthetic,0.8039,1.4196,0.9002,0.7762,0.5176,1.0282,2.3194,0.8736,0.9484,0.6472,1.3387,1.86,0.9986,1.4888,0.0795,0.8765,1.5976,0.7207,0.9475,0.158,0.3037,False
SYN-SUBJ-014,SYN-SUBJ-014-SESS-1,3,RECALL,synthetic,1.2623,0.9913,1.3547,0.9078,0.288,1.0778,1.4555,1.3173,0.7527,0.6984,0.782,0.8646,1.596,1.0037,0.1901,0.6372,1.1762,1.8426,1.2712,0.4396,0.5724,False
SYN-SUBJ-014,SYN-SUBJ-014-SESS-1,4,ENCODING,synthetic,0.8994,1.7662,0.967,0.4433,0.5761,0.7646,2.0348,0.916,1.4141,0.4101,0.8456,1.76,0.5117,1.2546,0.8827,0.8015,1.7421,1.333,1.0376,0.4706,0.0197,False
SYN-SUBJ-014,SYN-SUBJ-014-SESS-1,5,RECALL,synthetic,0.9815,0.6806,1.5165,0.8813,0.5271,0.8779,1.4074,1.6649,0.8356,0.7521,1.269,0.8194,1.4508,0.8649,0.0289,0.8823,0.8767,1.4663,1.2467,0.3372,0.5505,False
SYN-SUBJ-014,SYN-SUBJ-014-SESS-1,6,ENCODING,synthetic,0.5498,1.9717,0.7965,0.593,0.954,0.7055,1.8963,0.1126,0.8946,0.4446,1.3248,1.7649,1.0259,0.9216,0.098,1.1876,1.6172,0.5334,0.8474,0.6818,0.9356,False
SYN-SUBJ-014,SYN-SUBJ-014-SESS-1,7,ENCODING,synthetic,0.8573,1.2977,1.1002,1.3751,0.5083,1.1402,1.2542,0.9287,0.7448,0.622,0.9946,1.9931,1.1788,0.9126,0.3931,1.5885,1.4905,0.9918,1.2448,0.6605,0.6029,False
SYN-SUBJ-014,SYN-SUBJ-014-SESS-1,8,NEITHER,synthetic,1.3055,0.7893,1.3719,0.8625,0.5206,0.7258,1.0362,0.9316,1.3029,0.7071,0.9098,1.0696,0.9924,1.0988,0.3259,0.8973,1.0069,1.1735,0.7256,0.5692,0.711,False
SYN-SUBJ-014,SYN-SUBJ-014-SESS-1,9,ENCODING,synthetic,0.9511,1.3845,1.1481,1.0247,0.5364,1.0567,1.469,1.0288,0.7413,0.8268,0.8341,1.8212,0.8754,1.1929,0.5934,1.1369,1.4961,1.1227,1.0274,0.6095,0.2808,False
SYN-SUBJ-014,SYN-SUBJ-014-SESS-1,10,RECALL,synthetic,1.2022,1.2515,1.6764,1.0854,0.8701,0.6669,1.181,1.3409,0.7979,0.5829,0.5868,1.2443,1.8513,0.8798,0.3165,0.9341,1.001,1.1492,0.9627,0.3559,0.4741,False
SYN-SUBJ-014,SYN-SUBJ-014-SESS-1,11,ENCODING,synthetic,0.6539,2.0885,1.2393,0.9499,0.5935,0.823,1.256,0.8524,0.9082,0.5996,0.9763,1.7805,0.7324,0.8534,0.861,1.1641,1.1037,0.7751,0.516,0.3804,0.1264,False
SYN-SUBJ-014,SYN-SUBJ-014-SESS-1,12,NEITHER,synthetic,0.8111,1.1411,0.7303,0.7859,0.5634,1.0199,1.1628,0.7743,1.8539,0.5442,0.8255,1.1522,1.1369,0.9565,1.0367,1.0858,0.7263,1.0806,0.774,0.2459,0.7715,False
SYN-SUBJ-014,SYN-SUBJ-014-SESS-1,13,RECALL,synthetic,1.3888,1.0922,1.8946,0.7832,0.5621,0.6229,1.1489,1.2763,1.4214,0.9617,1.0668,0.4609,1.1971,1.0539,0.0289,1.0344,1.3018,1.3662,0.8758,0.3592,0.9391,False
SYN-SUBJ-014,SYN-SUBJ-014-SESS-1,14,ENCODING,synthetic,1.1534,1.7494,0.8757,1.2174,0.5694,0.9976,2.1288,0.708,1.4267,0.4194,0.7037,2.0176,0.976,1.1208,0.5095,0.6917,1.49,0.7413,1.2822,0.1572,0.0624,False
SYN-SUBJ-014,SYN-SUBJ-014-SESS-1,15,ENCODING,synthetic,0.7342,1.4335,1.3784,1.2307,0.3034,1.5005,1.8253,1.0655,0.7293,0.4391,1.6928,1.6604,0.8534,1.2531,0.772,0.9245,1.3691,0.9636,0.7202,0.3399,0.1767,False
SYN-SUBJ-014,SYN-SUBJ-014-SESS-1,16,RECALL,synthetic,4.5384,4.9417,4.935,3.7582,4.0345,5.1911,3.8977,4.408,4.8642,2.7824,2.4463,2.5479,4.2468,4.6108,2.3195,4.8352,2.8391,5.3497,4.4687,3.2967,2.7207,True
SYN-SUBJ-014,SYN-SUBJ-014-SESS-1,17,ENCODING,synthetic,1.3336,2.1686,0.9654,0.5922,0.3262,0.8215,1.7841,1.0486,0.9039,0.7294,1.3915,1.4451,0.7352,0.6447,0.4159,0.8635,1.421,1.211,0.8577,0.6203,0.1386,False
SYN-SUBJ-014,SYN-SUBJ-014-SESS-1,18,RECALL,synthetic,0.9899,1.3767,1.4709,1.234,0.7365,0.7264,0.5999,1.274,0.9425,0.8038,1.0063,0.8179,1.6982,0.8331,0.2986,0.7783,0.9095,1.7036,1.2426,0.4232,0.9566,False
SYN-SUBJ-014,SYN-SUBJ-014-SESS-1,19,ENCODING,synthetic,1.1407,2.4448,1.3236,1.0644,0.371,1.0384,1.4517,0.8515,1.0973,0.4288,1.8469,1.1267,1.0977,1.0537,0.0289,0.9058,1.808,1.5218,1.0038,0.8316,0.8267,False
SYN-SUBJ-014,SYN-SUBJ-014-SESS-1,20,RECALL,synthetic,2.6579,4.5737,4.1065,3.9376,2.5684,4.6301,3.3823,4.5545,2.8482,2.949,2.4545,3.1767,5.5577,4.5565,1.7503,3.462,3.6713,2.9712,4.4121,3.3407,5.4835,True
SYN-SUBJ-014,SYN-SUBJ-014-SESS-1,21,RECALL,synthetic,0.8237,1.0718,1.9161,0.7944,0.5584,0.6355,0.9465,1.4161,1.1496,1.0465,1.1657,1.0846,1.3635,0.9426,0.7613,1.1696,0.9451,1.3049,1.2003,0.149,0.9833,False
SYN-SUBJ-014,SYN-SUBJ-014-SESS-1,22,ENCODING,synthetic,1.0043,1.3906,1.1346,1.155,0.3594,0.8349,1.2808,1.2673,0.8506,0.8018,1.2759,1.7779,0.9598,1.2027,0.7194,0.8738,1.681,1.0664,1.074,0.7171,0.2748,False
SYN-SUBJ-014,SYN-SUBJ-014-SESS-1,23,NEITHER,synthetic,0.6335,0.6566,0.6965,1.0333,0.4207,1.1232,0.8562,1.0152,1.2012,0.5538,0.6769,1.3516,1.1341,0.4958,0.585,1.3349,1.1495,1.1052,1.3046,0.6076,0.9311,False
SYN-SUBJ-014,SYN-SUBJ-014-SESS-1,24,ENCODING,synthetic,0.9501,1.5712,0.6883,1.1788,0.9216,1.5361,1.5386,1.1309,0.9702,0.8625,0.7486,1.9871,0.9141,0.8729,0.7003,0.8147,2.3167,1.3105,1.1806,0.5339,0.9771,False
SYN-SUBJ-014,SYN-SUBJ-014-SESS-1,25,NEITHER,synthetic,2.722,2.3643,5.2964,2.8734,3.7111,4.8996,2.8732,4.9593,3.4231,2.7707,2.6375,5.0866,3.1091,3.9933,3.8942,3.3419,4.1692,5.1971,4.8948,4.2134,3.3223,True
SYN-SUBJ-014,SYN-SUBJ-014-SESS-1,26,RECALL,synthetic,4.0635,2.6926,5.6546,3.6061,3.1151,3.9667,2.5423,5.1611,2.4947,4.4934,3.9552,4.348,3.7427,4.4558,2.3682,3.0119,3.0161,5.546,3.2491,4.2609,5.2686,True
SYN-SUBJ-014,SYN-SUBJ-014-SESS-1,27,RECALL,synthetic,1.4178,1.0921,1.3083,0.8888,0.5927,0.7611,1.7276,1.1468,0.876,0.0289,0.7832,1.1618,1.2474,1.1679,0.3697,0.9677,0.9868,1.2598,1.1955,0.462,0.9816,False
SYN-SUBJ-014,SYN-SUBJ-014-SESS-1,28,ENCODING,synthetic,0.8186,1.4736,0.9556,1.0161,0.4669,0.817,1.9977,1.3572,0.7664,0.3242,0.6438,2.075,1.3519,0.809,0.4325,0.7084,1.4859,1.064,1.3865,0.191,0.8143,False
SYN-SUBJ-014,SYN-SUBJ-014-SESS-1,29,RECALL,synthetic,0.8455,0.8945,1.2059,0.9258,0.3163,1.2961,1.1598,1.7149,0.7027,0.6729,0.8321,1.0814,1.4767,0.9741,0.3766,1.0071,1.362,1.9633,1.1195,0.3925,0.9871,False
SYN-SUBJ-014,SYN-SUBJ-014-SESS-1,30,RECALL,synthetic,0.7532,1.1392,1.0727,0.8935,0.797,1.1516,1.4056,1.6026,1.0103,0.3569,1.0526,0.6184,1.6033,1.1656,0.7257,0.7275,0.9273,1.1807,0.8733,0.3607,0.0615,False
SYN-SUBJ-014,SYN-SUBJ-014-SESS-1,31,RECALL,synthetic,1.0084,1.124,1.4963,1.2835,1.1587,0.9896,0.8006,1.2063,0.5616,0.6145,1.0366,1.1327,1.5793,0.9322,0.148,1.4865,1.2619,2.1858,1.0387,0.2947,0.7282,False
SYN-SUBJ-014,SYN-SUBJ-014-SESS-1,32,ENCODING,synthetic,1.0072,1.6829,0.6216,0.8757,0.1922,0.9122,1.6243,1.2622,0.7948,0.4636,0.8936,1.5411,1.1965,0.9026,0.4674,1.1739,1.4063,1.0133,1.1433,0.8856,0.7632,False
SYN-SUBJ-014,SYN-SUBJ-014-SESS-1,33,NEITHER,synthetic,1.5563,0.9431,1.0057,1.1027,0.4831,1.0768,1.1514,0.8623,1.3176,0.8818,1.313,1.1158,1.1004,1.2073,0.2867,1.0478,1.2179,0.9314,0.7054,0.527,0.1355,False
SYN-SUBJ-014,SYN-SUBJ-014-SESS-1,34,NEITHER,synthetic,0.4553,1.1428,1.0882,1.1356,0.294,0.9822,0.8237,1.3603,1.2335,0.519,1.0174,1.3905,1.1834,1.103,0.9076,1.2266,1.2206,1.1326,0.8273,0.0293,0.6505,False
SYN-SUBJ-014,SYN-SUBJ-014-SESS-1,35,ENCODING,synthetic,1.57,1.2846,0.921,1.1915,0.5129,0.9146,1.6254,1.0406,1.2319,0.6491,0.9307,1.2129,1.0151,0.9994,0.8674,1.6918,1.8713,0.2044,0.9644,0.4756,0.0136,False
SYN-SUBJ-014,SYN-SUBJ-014-SESS-1,36,NEITHER,synthetic,0.598,1.4529,1.0487,1.6096,0.2101,1.2173,1.3333,0.862,1.0999,0.8843,1.5339,0.9232,1.0344,0.9395,0.2528,0.423,1.1569,1.0868,1.0848,0.8348,0.9164,False
SYN-SUBJ-014,SYN-SUBJ-014-SESS-1,37,RECALL,synthetic,0.9032,1.2987,1.346,1.023,0.113,1.2256,1.1437,1.7107,1.146,0.1058,1.5585,0.7931,1.7863,1.0157,0.8798,1.1002,1.1158,1.6301,1.329,0.8017,0.4795,False
SYN-SUBJ-014,SYN-SUBJ-014-SESS-1,38,NEITHER,synthetic,1.3653,0.9488,0.9933,1.3051,0.9772,0.7629,0.7877,0.8803,1.0682,0.4823,1.1379,0.7905,0.7099,1.1609,0.7004,0.8802,1.2783,1.0453,0.2888,0.5365,0.9588,False
SYN-SUBJ-014,SYN-SUBJ-014-SESS-1,39,RECALL,synthetic,1.2361,0.9673,1.5923,1.1557,0.5796,1.1323,0.8864,1.6509,1.0406,0.7695,1.1347,1.1084,1.3902,0.9731,0.8029,0.6562,1.0805,1.2428,0.4497,0.2741,0.6172,False
SYN-SUBJ-014,SYN-SUBJ-014-SESS-1,40,NEITHER,synthetic,1.2959,0.7481,1.0673,1.1507,0.4829,1.2308,1.0989,0.6875,1.1022,0.3275,0.7498,1.0025,0.728,0.8774,0.5783,0.7548,1.2207,0.9012,0.8578,0.7418,0.854,False
SYN-SUBJ-014,SYN-SUBJ-014-SESS-1,41,NEITHER,synthetic,1.1189,0.9422,1.367,0.6584,0.645,0.9852,0.8727,0.7563,0.9115,0.7837,0.9383,1.3218,0.845,0.9847,0.7415,0.7913,0.6638,0.9424,0.9307,0.6442,0.8434,False
SYN-SUBJ-014,SYN-SUBJ-014-SESS-1,42,RECALL,synthetic,1.1074,1.429,1.4605,1.4203,1.0167,0.8076,1.2666,1.5891,1.3856,0.6738,0.9367,0.5986,1.3834,1.0424,0.6499,1.5124,0.6539,1.2971,1.1356,0.8633,0.4717,False
SYN-SUBJ-014,SYN-SUBJ-014-SESS-1,43,NEITHER,synthetic,0.6379,1.2664,0.7993,1.1484,0.5594,0.7856,0.8435,0.9836,0.8096,0.6388,1.0789,0.814,1.2576,0.8516,0.5821,1.183,1.09,1.296,1.2717,0.8058,0.0105,False
SYN-SUBJ-014,SYN-SUBJ-014-SESS-1,44,RECALL,synthetic,0.9107,1.1538,2.0183,0.9943,0.3197,1.1193,0.7318,1.9199,0.9799,0.5007,0.5422,0.5976,1.6812,0.7215,0.6044,0.9964,1.0759,1.4158,0.823,0.4073,0.0675,False
SYN-SUBJ-014,SYN-SUBJ-014-SESS-1,45,RECALL,synthetic,0.6995,0.8925,1.3797,1.4064,0.6796,1.2254,0.6452,1.4068,0.9374,0.4656,1.1987,0.8968,1.4232,0.5466,0.9294,0.9581,1.3318,0.8166,1.5656,0.4071,0.524,False
SYN-SUBJ-014,SYN-SUBJ-014-SESS-1,46,RECALL,synthetic,2.9834,2.8107,5.1053,3.3,3.399,3.5855,3.4914,4.9865,4.1027,2.5494,3.0928,4.4823,5.188,4.0384,3.3085,4.2912,4.4432,3.8987,3.3974,3.8307,3.6809,True
SYN-SUBJ-014,SYN-SUBJ-014-SESS-1,47,ENCODING,synthetic,2.6513,5.3326,2.8008,3.3709,2.4167,3.5649,4.569,3.5011,4.558,4.2854,2.7147,3.6689,3.3991,5.0353,3.8091,3.2972,4.2177,3.0865,2.7657,4.5237,3.9204,True
SYN-SUBJ-014,SYN-SUBJ-014-SESS-1,48,RECALL,synthetic,1.144,0.816,1.8624,1.5187,0.3832,1.1871,1.1546,1.4536,1.0476,0.0289,1.3536,0.8045,1.6193,1.2027,0.5914,1.0953,1.1347,1.3061,0.919,0.7148,0.7892,False
SYN-SUBJ-014,SYN-SUBJ-014-SESS-1,49,ENCODING,synthetic,0.7338,2.0325,1.0317,1.5401,0.6659,0.7604,1.8561,0.8302,0.6506,0.3688,1.2967,1.621,1.4008,1.2049,0.7085,0.8575,1.5342,1.3568,1.2783,0.6674,0.6774,False
SYN-SUBJ-014,SYN-SUBJ-014-SESS-1,50,ENCODING,synthetic,0.6061,1.4488,1.2084,1.1137,0.5474,1.0631,1.4939,1.1351,0.9912,0.2781,1.3224,1.7341,0.8386,0.8025,0.3594,1.1683,1.1219,0.8392,1.1532,0.3634,0.9493,False
SYN-SUBJ-014,SYN-SUBJ-014-SESS-1,51,NEITHER,synthetic,1.1063,1.0088,1.1842,1.4872,0.6248,1.1717,0.928,1.0479,0.9553,0.383,1.0709,1.203,1.2487,0.5784,0.1169,1.4077,0.6275,0.6571,0.8641,0.3215,0.5407,False
SYN-SUBJ-014,SYN-SUBJ-014-SESS-1,52,RECALL,synthetic,3.7618,3.7259,5.0259,4.1802,3.8204,2.5636,3.033,5.2765,2.779,4.3849,3.1111,2.7114,4.028,4.1004,3.5925,4.0249,4.216,3.1326,4.9749,3.896,3.7825,True
SYN-SUBJ-014,SYN-SUBJ-014-SESS-1,53,NEITHER,synthetic,1.1318,0.8444,1.0677,0.8525,0.2558,1.1481,1.0724,1.3065,0.7806,0.7471,1.1443,1.2301,0.659,0.888,0.8731,1.1562,1.0917,0.8263,0.8598,0.5468,0.3667,False
SYN-SUBJ-014,SYN-SUBJ-014-SESS-1,54,RECALL,synthetic,4.0381,3.7615,5.0001,3.858,4.5442,3.481,4.7449,5.3723,5.5119,3.9017,5.3511,3.8847,5.2395,3.9255,2.1904,4.014,3.2046,4.6413,4.6645,3.1283,3.129,True
SYN-SUBJ-014,SYN-SUBJ-014-SESS-1,55,NEITHER,synthetic,1.1641,0.9636,0.8864,1.1271,0.5086,0.5362,0.6857,1.0395,0.897,0.6089,0.916,0.8472,1.2853,1.2732,0.6452,1.101,0.753,1.1249,0.983,0.2167,0.1618,False
SYN-SUBJ-014,SYN-SUBJ-014-SESS-1,56,NEITHER,synthetic,1.2405,1.2327,0.9063,0.5712,0.4688,1.5349,0.9549,0.9902,1.0454,0.3789,0.9398,1.2327,1.0252,0.6241,0.4938,1.1207,0.7618,1.1258,1.5064,0.889,0.5763,False
SYN-SUBJ-014,SYN-SUBJ-014-SESS-1,57,RECALL,synthetic,1.336,0.7306,1.7295,1.6236,0.6178,0.7906,1.057,1.4874,1.0982,0.9638,1.1686,0.792,1.552,0.7426,0.2736,1.0048,0.9915,1.5026,1.0339,0.5667,0.8948,False
SYN-SUBJ-014,SYN-SUBJ-014-SESS-1,58,RECALL,synthetic,1.0848,0.9936,1.9058,1.089,0.8051,0.8809,1.0775,1.6134,0.8703,0.5919,1.1533,0.6936,1.7488,0.8271,0.5248,0.8537,0.9457,1.2694,1.031,0.7733,0.7289,False
SYN-SUBJ-014,SYN-SUBJ-014-SESS-1,59,ENCODING,synthetic,0.7876,1.5684,0.5255,0.8913,0.5196,0.8916,1.9799,1.2854,1.5236,1.1976,1.4271,1.7927,0.7266,1.4628,0.8647,0.9433,1.6785,0.6953,1.0265,0.1123,0.5998,False
SYN-SUBJ-015,SYN-SUBJ-015-SESS-0,0,NEITHER,synthetic,0.9622,1.3393,1.0377,1.3882,0.0,1.303,1.029,0.7702,1.191,0.6962,0.8821,0.9093,0.5448,1.0225,0.3442,0.6246,0.831,1.006,1.2593,0.8496,0.9967,False
SYN-SUBJ-015,SYN-SUBJ-015-SESS-0,1,ENCODING,synthetic,1.0973,1.6252,0.7487,0.7676,0.5177,0.8323,1.8365,0.8788,0.9222,0.571,0.8748,1.3947,0.8618,0.5742,0.5112,0.9999,1.2426,1.2463,0.8944,0.8115,0.325,False
SYN-SUBJ-015,SYN-SUBJ-015-SESS-0,2,ENCODING,synthetic,0.7603,1.4618,0.8817,0.3894,0.9367,0.8464,1.5269,1.1173,0.7669,0.3766,0.7764,2.1864,1.3361,1.1417,0.3181,0.9773,1.8819,0.7685,0.8334,0.5375,0.5734,False
SYN-SUBJ-015,SYN-SUBJ-015-SESS-0,3,NEITHER,synthetic,0.3355,0.8338,0.876,1.1994,0.7327,1.0762,1.0575,1.3128,0.8377,0.2344,1.4304,0.9817,1.2621,0.9383,0.4697,0.73,1.1549,0.8237,0.6835,0.207,0.0752,False
SYN-SUBJ-015,SYN-SUBJ-015-SESS-0,4,NEITHER,synthetic,1.1404,0.6945,0.6492,1.2191,0.6481,1.176,1.3143,0.9565,0.5894,0.2912,0.8013,0.5438,1.0263,1.3591,0.4778,0.8251,0.7025,0.3799,0.9565,0.6022,0.4181,False
SYN-SUBJ-015,SYN-SUBJ-015-SESS-0,5,RECALL,synthetic,0.7089,0.9948,1.4177,1.5227,0.5741,1.1025,1.2268,1.1964,1.2349,0.7547,1.1541,0.5772,1.5789,0.8533,0.1203,0.9595,1.2562,1.2207,1.1694,0.5224,0.4438,False
SYN-SUBJ-015,SYN-SUBJ-015-SESS-0,6,ENCODING,synthetic,1.2868,1.8084,0.7898,0.8614,0.5176,1.3093,1.9963,1.028,1.0167,0.7724,1.2048,1.6235,0.971,0.7705,0.7038,0.943,1.4401,1.0651,0.8921,0.3059,0.2252,False
SYN-SUBJ-015,SYN-SUBJ-015-SESS-0,7,NEITHER,synthetic,1.3206,1.1661,0.929,0.9227,0.6712,0.9903,1.1368,0.5944,0.9656,0.8411,0.8385,0.507,1.1045,0.8614,0.8171,0.8532,1.1322,0.9392,0.8967,0.7626,0.4102,False
SYN-SUBJ-015,SYN-SUBJ-015-SESS-0,8,NEITHER,synthetic,0.9378,0.8594,0.7407,1.1763,0.1644,0.8379,1.147,0.8799,1.044,0.1127,1.1284,1.2561,0.8984,1.2526,0.3712,0.7592,1.6612,0.7915,1.0054,0.1215,0.5142,False
SYN-SUBJ-015,SYN-SUBJ-015-SESS-0,9,ENCODING,synthetic,1.2574,2.1226,0.8551,0.896,0.6837,0.8844,1.5613,0.7648,1.1632,1.0259,1.1089,1.5649,1.0375,1.2663,0.4277,1.2292,1.3499,1.1014,1.1894,0.5039,0.2265,False
SYN-SUBJ-015,SYN-SUBJ-015-SESS-0,10,NEITHER,synthetic,4.5749,3.0028,3.3983,2.639,2.4905,2.7476,4.5693,4.5849,3.7403,2.6837,3.9924,3.4696,2.7651,3.629,3.8104,2.6948,4.6105,4.2614,3.7372,4.0682,4.2199,True
SYN-SUBJ-015,SYN-SUBJ-015-SESS-0,11,RECALL,synthetic,4.5647,3.9631,3.8365,3.7517,4.1443,3.3915,4.5536,5.422,4.6484,2.4821,3.1909,3.6921,3.6531,3.0897,1.9183,3.661,2.7546,4.619,4.29,2.3378,2.9056,True
SYN-SUBJ-015,SYN-SUBJ-015-SESS-0,12,ENCODING,synthetic,0.7974,1.41,0.462,0.9513,0.5973,0.8604,1.3453,1.2906,0.8255,0.1854,1.256,1.8047,1.1969,0.8012,0.4944,1.2273,1.9443,0.8269,0.9126,0.372,0.3341,False
SYN-SUBJ-015,SYN-SUBJ-015-SESS-0,13,NEITHER,synthetic,0.9545,1.2772,0.7724,1.1345,0.6207,1.2529,1.3954,1.2026,1.2519,0.4319,1.4071,0.4943,0.7593,1.342,0.3959,1.1254,0.9612,1.2286,1.3438,0.5994,0.5214,False
SYN-SUBJ-015,SYN-SUBJ-015-SESS-0,14,RECALL,synthetic,0.8024,0.705,1.3123,0.9468,0.6002,0.6669,0.9439,1.1031,0.7704,0.4618,0.902,0.8988,1.1504,0.8024,0.5151,0.781,1.0317,1.7026,0.8753,0.4397,0.1589,False
SYN-SUBJ-015,SYN-SUBJ-015-SESS-0,15,ENCODING,synthetic,0.8032,2.0627,1.2219,0.7564,0.2488,1.0481,1.5382,1.1188,1.217,0.4229,0.9745,1.8048,1.2182,0.9139,0.4773,0.607,1.4075,0.7786,1.0353,0.4686,0.3682,False
SYN-SUBJ-015,SYN-SUBJ-015-SESS-0,16,RECALL,synthetic,1.4007,0.8094,1.5654,1.6325,0.5801,0.6348,0.5638,1.6544,0.8905,0.4975,0.7873,0.7294,1.2016,1.2136,0.5579,0.3431,1.3876,1.7731,1.1411,0.5124,0.8,False
SYN-SUBJ-015,SYN-SUBJ-015-SESS-0,17,ENCODING,synthetic,1.0295,1.4808,0.9609,0.7933,0.4691,0.903,1.7273,1.0347,1.038,0.5573,1.1259,1.7618,0.9979,0.8185,0.645,1.0182,1.5617,0.9203,1.0132,0.3818,0.4412,False
SYN-SUBJ-015,SYN-SUBJ-015-SESS-0,18,NEITHER,synthetic,0.6639,1.106,1.2077,1.0683,0.4012,1.085,0.8301,1.0089,0.8497,0.3615,1.2732,0.918,0.5651,1.0438,0.268,1.5194,0.9623,1.1228,0.8685,0.6016,0.8233,False
SYN-SUBJ-015,SYN-SUBJ-015-SESS-0,19,ENCODING,synthetic,1.1795,1.3329,1.3937,0.6634,0.6434,0.82,1.5242,0.9588,0.9162,0.178,1.0737,1.2814,0.943,1.1546,0.8193,1.2897,1.2344,1.2303,0.9758,0.9838,0.2629,False
SYN-SUBJ-015,SYN-SUBJ-015-SESS-0,20,NEITHER,synthetic,2.8228,5.2864,3.8164,3.6449,3.0246,3.8183,3.9223,2.1202,4.8045,1.7945,4.9033,3.9133,3.3398,2.511,2.255,3.1049,4.7297,4.1122,4.5839,2.1274,5.3085,True
SYN-SUBJ-015,SYN-SUBJ-015-SESS-0,21,ENCODING,synthetic,1.3737,1.1826,0.5012,0.8069,0.8676,0.9837,1.9521,0.7601,1.2945,0.86,1.0634,1.327,1.1274,0.8659,0.3555,1.1581,1.2988,0.535,0.6925,0.2571,0.3487,False
SYN-SUBJ-015,SYN-SUBJ-015-SESS-0,22,RECALL,synthetic,0.8031,0.9626,1.8759,0.941,0.7272,1.3772,0.8965,1.335,0.7971,0.0,1.1008,1.1308,1.2632,1.0264,0.686,1.0905,0.7252,1.2788,1.1514,0.5143,0.6749,False
SYN-SUBJ-015,SYN-SUBJ-015-SESS-0,23,RECALL,synthetic,1.2635,0.7784,1.3528,0.8692,0.9061,0.8574,1.0682,1.415,0.6954,0.7572,1.0158,1.1615,1.2212,0.9568,0.706,0.9494,1.0789,1.9039,0.9108,0.4698,0.178,False
SYN-SUBJ-015,SYN-SUBJ-015-SESS-0,24,RECALL,synthetic,0.7222,1.2087,1.4384,0.8146,0.1955,0.8793,0.9251,1.0857,1.0043,0.4927,1.6172,0.66,1.3212,0.4768,0.8261,0.8184,0.8982,1.299,0.8165,0.9445,0.4913,False
SYN-SUBJ-015,SYN-SUBJ-015-SESS-0,25,ENCODING,synthetic,4.4552,5.3861,1.8929,2.7596,3.6967,3.7181,3.8885,3.0626,5.2497,2.3897,3.5811,3.3932,3.0032,4.1033,4.3651,4.7582,4.7809,4.3476,3.9497,2.531,4.0096,True
SYN-SUBJ-015,SYN-SUBJ-015-SESS-0,26,RECALL,synthetic,3.9544,4.9533,4.6485,4.3395,3.0217,3.6806,2.449,3.3311,4.5907,2.6696,3.013,3.3287,3.8132,3.1999,2.5952,5.1055,3.7935,5.1249,4.2973,3.4344,5.7149,True
SYN-SUBJ-015,SYN-SUBJ-015-SESS-0,27,RECALL,synthetic,1.0816,1.2488,1.1208,0.8556,0.5927,0.7826,0.8099,1.5934,0.6777,0.4745,1.6786,0.552,1.185,1.118,0.6679,0.8589,0.5899,1.4987,0.8509,0.7791,0.8616,False
SYN-SUBJ-015,SYN-SUBJ-015-SESS-0,28,ENCODING,synthetic,0.64,1.3389,0.8168,1.095,0.4308,1.088,1.5683,0.9771,0.6116,0.1511,1.133,1.3754,0.7828,1.0487,0.5889,1.1586,1.874,0.9126,0.6878,0.8698,0.5455,False
SYN-SUBJ-015,SYN-SUBJ-015-SESS-0,29,RECALL,synthetic,0.9661,1.0063,1.7275,0.9165,0.0543,0.9705,1.1309,1.2295,1.1955,0.5317,0.6218,1.2004,1.2513,1.4235,0.3881,0.8819,0.8965,1.3777,0.9291,0.5943,0.766,False
SYN-SUBJ-015,SYN-SUBJ-015-SESS-0,30,ENCODING,synthetic,1.2006,2.0003,0.9552,0.7971,0.7867,0.3615,1.6876,0.8976,0.8038,0.499,1.0984,1.5599,1.1969,0.7738,0.4487,1.4781,1.4415,0.8317,1.296,0.7053,0.9478,False
SYN-SUBJ-015,SYN-SUBJ-015-SESS-0,31,RECALL,synthetic,1.1056,0.673,1.4512,0.6785,0.5487,1.339,1.1394,1.3227,1.1268,0.3329,0.6223,0.6894,1.2922,0.5516,0.7956,1.1259,1.0296,1.7182,1.0171,0.1302,0.7123,False
SYN-SUBJ-015,SYN-SUBJ-015-SESS-0,32,ENCODING,synthetic,0.9121,1.2354,0.9329,1.109,0.8741,1.0072,1.6896,1.0338,0.7825,0.1268,0.5792,1.7027,1.138,1.1334,0.346,0.8751,1.5399,1.0165,0.6068,0.3847,0.9293,False
SYN-SUBJ-015,SYN-SUBJ-015-SESS-0,33,ENCODING,synthetic,1.3638,1.5972,0.9932,0.6495,0.1163,1.3017,1.3885,0.8045,0.8728,0.331,1.3748,1.6587,0.813,0.8299,0.2971,0.9661,1.4932,0.8072,0.8293,0.3726,0.089,False
SYN-SUBJ-015,SYN-SUBJ-015-SESS-0,34,NEITHER,synthetic,1.2868,1.0215,0.9604,1.0946,0.1776,0.9634,1.2189,0.876,0.9812,0.5574,0.7263,1.0489,0.9603,1.0497,0.4021,1.0804,1.117,0.9844,1.152,0.5408,0.3697,False
SYN-SUBJ-015,SYN-SUBJ-015-SESS-0,35,RECALL,synthetic,1.6956,0.9074,1.7777,0.6192,0.2759,0.8737,1.5934,1.0676,0.9445,0.39,0.8309,0.6986,1.8113,1.2653,0.5524,0.8499,0.5651,1.3755,0.7612,0.4052,0.6009,False
SYN-SUBJ-015,SYN-SUBJ-015-SESS-0,36,RECALL,synthetic,0.5553,1.4869,1.0836,1.0304,0.3747,0.6805,1.2874,1.0621,0.5779,0.7312,1.1765,1.1452,1.1465,0.8457,0.4896,1.0506,1.359,1.171,0.8106,0.2586,0.1244,False
SYN-SUBJ-015,SYN-SUBJ-015-SESS-0,37,ENCODING,synthetic,1.0612,2.0435,0.9583,0.9412,0.1321,0.637,1.3699,1.2389,1.0475,0.1644,0.7701,1.9663,1.044,1.1772,0.4786,1.1544,1.3889,1.2824,0.8405,0.5689,0.3585,False
SYN-SUBJ-015,SYN-SUBJ-015-SESS-0,38,NEITHER,synthetic,0.9456,1.3717,1.0045,1.3018,0.1041,1.0551,0.9719,0.9905,0.8905,0.4499,1.07,0.6169,0.9605,0.8876,0.4571,0.811,0.7714,1.0274,0.918,0.3617,0.202,False
SYN-SUBJ-015,SYN-SUBJ-015-SESS-0,39,RECALL,synthetic,0.9341,1.3381,1.1427,1.1225,0.796,0.697,1.1722,1.7235,1.0259,0.2334,0.9984,1.2888,1.5109,0.6449,0.7802,1.0666,1.3309,1.6469,1.1821,0.8507,0.8305,False
SYN-SUBJ-015,SYN-SUBJ-015-SESS-0,40,ENCODING,synthetic,1.1821,1.6582,0.8658,1.4317,0.5051,1.2086,1.3512,0.8079,1.2199,0.2658,0.8248,1.6876,0.9169,1.0871,0.5154,0.5416,1.9563,0.9262,0.8021,0.784,0.0171,False
SYN-SUBJ-015,SYN-SUBJ-015-SESS-0,41,NEITHER,synthetic,0.7883,0.7697,1.0934,1.1623,0.5515,1.0333,1.309,1.3066,0.6457,0.0,1.0492,1.3363,1.2311,1.1555,0.4134,0.8371,1.7092,1.1506,1.3901,0.2277,0.7389,False
SYN-SUBJ-015,SYN-SUBJ-015-SESS-0,42,RECALL,synthetic,0.7667,1.3847,1.6398,1.0864,0.4962,1.2212,1.1823,1.66,1.0674,0.6175,1.4375,1.2424,1.7043,0.7203,0.7495,0.8632,0.7816,1.6077,0.9538,0.6414,0.0924,False
SYN-SUBJ-015,SYN-SUBJ-015-SESS-0,43,RECALL,synthetic,3.917,4.9022,4.2209,4.2512,3.4352,3.4773,4.6623,3.0837,4.3072,1.9125,3.2388,4.7068,5.0361,5.0865,2.2704,3.8707,3.929,4.1977,3.9666,3.664,3.473,True
SYN-SUBJ-015,SYN-SUBJ-015-SESS-0,44,NEITHER,synthetic,0.8231,1.215,1.314,1.4171,0.763,1.0886,1.0394,0.7821,1.0744,0.575,1.1237,0.7699,0.6887,0.8507,0.9176,0.8252,0.7581,1.442,0.923,0.6928,0.6938,False
SYN-SUBJ-015,SYN-SUBJ-015-SESS-0,45,RECALL,synthetic,0.5455,0.9431,1.4803,0.843,0.8367,1.3814,1.0024,1.1815,1.0518,0.2892,0.971,1.0327,1.3226,0.9236,0.6725,1.019,1.4895,1.7739,0.9632,0.5863,0.9391,False
SYN-SUBJ-015,SYN-SUBJ-015-SESS-0,46,ENCODING,synthetic,0.6741,1.7227,1.2064,0.9177,0.1497,0.9321,1.3037,1.0125,1.4056,0.4888,1.3993,1.5813,1.1805,0.9887,0.6021,1.1475,1.7025,1.1778,1.0254,0.0461,0.7166,False
SYN-SUBJ-015,SYN-SUBJ-015-SESS-0,47,NEITHER,synthetic,0.9725,1.1024,0.9582,1.1224,0.5543,1.4865,0.8552,1.0293,0.4698,0.6794,0.8034,0.8559,1.0255,0.9191,0.2663,0.5521,1.0061,1.1725,1.2854,0.3208,0.664,False
SYN-SUBJ-015,SYN-SUBJ-015-SESS-0,48,NEITHER,synthetic,1.149,0.9252,1.132,0.9501,0.7976,0.9753,1.1302,0.9088,0.8384,0.3064,0.8608,0.704,1.0249,0.837,0.3361,1.0814,1.2799,0.8911,0.846,1.2184,0.7659,False
SYN-SUBJ-015,SYN-SUBJ-015-SESS-0,49,ENCODING,synthetic,0.7742,1.5098,0.5996,0.9721,0.0,0.6721,1.4394,0.7238,1.3713,0.2549,0.831,1.472,0.7188,0.8801,0.7357,0.7842,1.4946,1.4147,1.1822,0.4928,0.2005,False
SYN-SUBJ-015,SYN-SUBJ-015-SESS-0,50,NEITHER,synthetic,1.162,0.854,1.0718,1.1891,0.6134,1.2879,0.8811,1.023,0.8826,0.4163,1.0705,0.9967,1.2783,0.8449,0.6403,0.9346,1.2479,1.337,1.3035,0.0,0.8364,False
SYN-SUBJ-015,SYN-SUBJ-015-SESS-0,51,ENCODING,synthetic,0.9123,1.5234,0.9649,0.5669,0.5283,1.2302,1.6274,1.1953,1.0421,0.8527,0.7831,1.2841,1.0046,0.838,0.482,1.2857,1.807,0.6441,1.1015,0.4317,0.1354,False
SYN-SUBJ-015,SYN-SUBJ-015-SESS-0,52,ENCODING,synthetic,0.7625,1.378,0.4936,0.6836,0.5699,0.9826,1.5504,1.1051,1.4647,0.4583,0.8378,1.3531,1.096,1.1637,0.3532,0.798,1.8598,0.9896,0.6725,0.3394,0.0771,False
SYN-SUBJ-015,SYN-SUBJ-015-SESS-0,53,ENCODING,synthetic,0.8882,1.5638,1.2857,0.8602,0.163,1.0047,1.7901,1.1488,1.0423,0.4229,1.2328,1.7823,1.1804,1.0556,0.9017,0.9211,1.3472,1.0418,1.3613,0.8264,0.2223,False
SYN-SUBJ-015,SYN-SUBJ-015-SESS-0,54,RECALL,synthetic,1.1232,0.7911,1.5549,1.0003,0.5967,1.4748,0.9909,1.2587,1.109,0.3486,1.1213,0.2727,1.6739,0.9831,0.4339,1.4339,1.4437,1.4083,1.3134,0.6984,0.2695,False
SYN-SUBJ-015,SYN-SUBJ-015-SESS-0,55,RECALL,synthetic,1.1096,0.8564,1.6392,1.0361,0.6979,1.3918,0.8312,1.4537,1.16,0.9498,1.2107,0.9513,1.5941,1.0797,0.1895,0.4906,0.9838,1.3208,0.9934,0.3841,0.1542,False
SYN-SUBJ-015,SYN-SUBJ-015-SESS-0,56,ENCODING,synthetic,1.0582,1.6009,1.0658,0.624,0.0,0.7867,1.5245,0.8581,1.3176,0.4818,0.7669,2.0219,1.0624,0.7756,0.6494,0.6342,1.547,1.2292,1.091,0.244,0.0922,False
SYN-SUBJ-015,SYN-SUBJ-015-SESS-0,57,RECALL,synthetic,0.5931,0.7198,1.5519,1.209,0.2359,1.3182,1.1133,1.3281,1.0745,0.3439,1.3622,1.57,1.2374,1.096,0.1303,1.3119,1.2635,1.9683,0.893,0.5015,0.3041,False
SYN-SUBJ-015,SYN-SUBJ-015-SESS-0,58,RECALL,synthetic,0.95,1.2212,1.4963,0.3979,0.4983,0.7817,1.0067,1.1069,0.7122,0.8264,0.9404,1.7292,1.2632,1.2439,0.2528,0.9413,1.0037,1.5936,1.3365,0.0,0.9269,False
SYN-SUBJ-015,SYN-SUBJ-015-SESS-0,59,ENCODING,synthetic,1.1724,2.0424,1.1056,0.661,0.6414,0.8978,1.6501,1.0389,0.7111,0.885,1.0406,2.1069,0.8627,0.8939,0.8506,1.2251,1.2,0.5234,0.8011,0.9062,0.2551,False
SYN-SUBJ-015,SYN-SUBJ-015-SESS-1,0,ENCODING,synthetic,0.9037,1.4161,1.1411,0.7547,0.5778,0.9769,1.1192,0.9167,1.4357,0.5659,1.0077,1.8959,0.9848,0.4624,0.8487,0.9588,1.8411,0.9081,0.8381,0.8102,0.4483,False
SYN-SUBJ-015,SYN-SUBJ-015-SESS-1,1,NEITHER,synthetic,0.6022,0.8219,0.8575,1.0045,0.4324,0.4286,0.7464,0.7238,1.3901,0.6423,0.9094,1.223,1.1313,1.2378,0.3323,1.0997,1.5072,0.9235,0.9024,0.4747,0.6928,False
SYN-SUBJ-015,SYN-SUBJ-015-SESS-1,2,RECALL,synthetic,0.8222,0.7848,1.6738,0.4495,0.5051,0.809,0.9973,1.3716,0.6828,0.4318,0.7689,1.1427,1.231,0.4841,0.2908,0.854,1.4748,1.8785,0.8485,0.3839,0.9056,False
SYN-SUBJ-015,SYN-SUBJ-015-SESS-1,3,ENCODING,synthetic,0.9084,1.6403,0.918,0.677,0.2578,0.8356,1.7182,1.2268,1.3937,0.8053,0.9243,1.1922,0.6725,0.6816,0.7326,0.7272,1.626,1.0814,1.0401,0.0082,0.3509,False
SYN-SUBJ-015,SYN-SUBJ-015-SESS-1,4,ENCODING,synthetic,1.0191,1.5234,0.9423,0.7522,0.5537,1.3377,1.7886,1.0763,0.6212,0.7333,1.4791,1.9862,1.1669,1.2599,0.6931,0.9515,1.496,0.8462,0.6831,0.5037,0.0142,False
SYN-SUBJ-015,SYN-SUBJ-015-SESS-1,5,NEITHER,synthetic,1.0587,1.3772,1.0456,0.5935,0.6438,0.8673,1.0891,1.0374,1.1335,0.5663,1.175,1.0302,0.9744,0.9329,0.1932,1.0668,0.7544,1.1357,1.2522,0.5885,0.7997,False
SYN-SUBJ-015,SYN-SUBJ-015-SESS-1,6,ENCODING,synthetic,1.1065,1.569,0.7091,1.1539,0.6333,1.1704,1.6947,1.1785,1.0843,0.4435,1.2416,1.616,0.7094,0.7601,0.2959,1.0637,1.9724,0.9942,1.2727,0.5921,0.1323,False
SYN-SUBJ-015,SYN-SUBJ-015-SESS-1,7,NEITHER,synthetic,1.04,0.7504,1.1998,0.7573,0.4758,1.0043,1.3618,0.7559,1.0173,0.4232,0.5202,0.9914,1.4435,1.3206,0.4906,0.8571,1.2794,1.2508,0.8271,0.4261,0.9788,False
SYN-SUBJ-015,SYN-SUBJ-015-SESS-1,8,NEITHER,synthetic,3.1358,5.1406,4.3468,2.9175,2.5423,4.0743,3.8935,4.0383,2.9805,4.1618,2.6521,4.7075,4.6245,3.6274,3.3994,2.8964,4.4028,3.8105,3.519,2.1683,5.6438,True
SYN-SUBJ-015,SYN-SUBJ-015-SESS-1,9,RECALL,synthetic,3.2168,2.7959,3.9055,4.6919,2.2276,3.7348,4.6786,4.9744,3.9008,2.6497,4.3581,3.3599,3.4965,3.1035,2.6314,3.1684,4.1162,4.0722,4.04,4.6056,3.0377,True
SYN-SUBJ-015,SYN-SUBJ-015-SESS-1,10,ENCODING,synthetic,4.6387,3.5071,3.5692,3.9855,2.6386,3.3279,4.4618,2.7767,2.894,3.8941,2.4875,4.7902,3.4245,4.7449,3.6834,5.0756,5.3303,2.7999,4.8687,2.0335,5.272,True
SYN-SUBJ-015,SYN-SUBJ-015-SESS-1,11,RECALL,synthetic,0.5906,1.2266,1.0772,0.7082,1.1506,0.938,0.6758,1.12,0.9316,0.0,0.8351,1.2213,1.6673,0.9286,0.6314,0.6655,1.1173,1.597,1.1369,0.7466,0.582,False
SYN-SUBJ-015,SYN-SUBJ-015-SESS-1,12,NEITHER,synthetic,0.5085,0.926,1.0077,0.8509,0.5221,0.8393,0.7516,1.0383,1.1772,0.4434,0.954,0.6389,1.3348,1.3484,0.54,0.5643,0.9251,1.2465,0.8705,0.8208,0.6476,False
SYN-SUBJ-015,SYN-SUBJ-015-SESS-1,13,ENCODING,synthetic,1.0487,1.6015,0.6876,0.6091,0.5168,1.2481,1.6129,0.4628,0.773,0.3988,1.2642,1.4293,0.3149,0.7561,0.6427,1.6738,1.3759,1.5782,0.9609,0.3173,0.3876,False
SYN-SUBJ-015,SYN-SUBJ-015-SESS-1,14,NEITHER,synthetic,1.4199,0.952,0.3549,0.8943,0.5341,0.5324,1.0379,0.6207,0.8135,0.9988,1.0056,1.011,1.0313,0.8184,0.3928,0.6911,1.1283,1.109,0.7553,0.2218,0.0732,False
SYN-SUBJ-015,SYN-SUBJ-015-SESS-1,15,NEITHER,synthetic,4.7341,2.9453,4.7635,3.4809,2.9579,2.7564,3.343,3.9409,4.9164,4.4938,2.4788,3.2744,2.9844,3.1099,3.4913,4.5432,2.9779,4.439,2.2715,3.3166,5.4924,True
SYN-SUBJ-015,SYN-SUBJ-015-SESS-1,16,RECALL,synthetic,1.2607,1.0516,1.5547,1.4016,0.3906,0.7873,0.8617,1.4338,0.7716,0.2147,0.543,0.8337,1.2481,0.9502,0.5388,1.1324,0.7774,1.6586,0.9579,0.1064,0.1005,False
SYN-SUBJ-015,SYN-SUBJ-015-SESS-1,17,RECALL,synthetic,0.9844,0.7133,1.5353,1.3242,0.8297,0.6033,0.8905,1.5056,1.3682,0.7981,1.2497,0.932,1.5964,0.9082,0.5716,1.4273,0.7746,1.0964,0.9264,0.0,0.2813,False
SYN-SUBJ-015,SYN-SUBJ-015-SESS-1,18,ENCODING,synthetic,1.1522,2.1082,0.5768,0.974,0.3097,1.1001,1.5285,0.6124,0.92,0.0225,1.4154,1.314,0.8642,1.1513,0.3048,1.0202,1.6427,0.7889,1.0862,0.3969,0.5083,False
SYN-SUBJ-015,SYN-SUBJ-015-SESS-1,19,NEITHER,synthetic,1.1523,0.6654,0.8187,1.2858,0.7619,0.8239,0.8577,0.9066,1.1743,0.3977,0.873,1.1634,0.9094,0.4067,0.5205,1.0326,1.2603,1.2216,0.8941,0.4096,0.7611,False
SYN-SUBJ-015,SYN-SUBJ-015-SESS-1,20,RECALL,synthetic,0.9021,1.1726,1.5953,1.3863,0.2532,0.6686,0.6668,1.6179,0.5653,0.888,1.2529,0.9512,1.685,1.383,0.509,1.2168,1.022,2.0651,1.023,0.435,0.6717,False
SYN-SUBJ-015,SYN-SUBJ-015-SESS-1,21,ENCODING,synthetic,0.9462,0.9948,0.5795,0.7117,0.6356,1.3166,1.4527,1.0899,1.1493,0.2489,0.9876,1.4723,1.0504,0.8565,0.2321,1.2939,1.5267,0.9945,1.0106,0.6001,0.8141,False
SYN-SUBJ-015,SYN-SUBJ-015-SESS-1,22,ENCODING,synthetic,1.123,1.718,1.0769,1.2974,0.0431,1.2692,1.7651,0.683,1.0658,0.5652,0.7965,1.6834,1.0446,1.2777,0.3994,0.9622,1.7551,0.915,1.4848,0.3328,0.2158,False
SYN-SUBJ-015,SYN-SUBJ-015-SESS-1,23,NEITHER,synthetic,0.9463,0.8954,1.2079,1.0708,0.6243,0.7097,1.0973,0.1944,0.9188,0.6189,1.1356,0.8963,0.8098,1.083,0.4125,0.8414,1.0638,1.0635,1.1938,0.7865,0.6164,False
SYN-SUBJ-015,SYN-SUBJ-015-SESS-1,24,NEITHER,synthetic,0.5989,0.9066,0.7844,1.0221,0.349,0.7456,0.885,1.1803,0.7756,0.6525,1.2412,1.2813,0.4329,1.2127,0.5541,0.9673,0.7326,1.2209,1.4525,0.8435,0.1284,False
SYN-SUBJ-015,SYN-SUBJ-015-SESS-1,25,NEITHER,synthetic,1.3902,0.903,0.6696,0.9539,0.4743,1.0903,0.918,1.3078,1.108,0.8997,1.1801,1.1006,1.007,0.5987,0.2239,1.5782,1.1901,1.3545,1.2036,0.7041,0.3932,False
SYN-SUBJ-015,SYN-SUBJ-015-SESS-1,26,NEITHER,synthetic,1.1776,1.0018,1.1779,0.9629,0.5191,1.2286,1.1497,1.1446,1.149,0.7865,1.3823,1.2355,0.8561,1.0891,0.8663,0.6987,0.9725,0.8058,0.5372,0.0641,0.0785,False
SYN-SUBJ-015,SYN-SUBJ-015-SESS-1,27,NEITHER,synthetic,0.9367,1.2038,0.9159,1.5526,0.4974,1.0115,0.7242,0.644,1.1586,0.1007,1.3907,0.9058,0.7869,1.0306,0.366,0.8231,0.5701,1.2209,1.095,0.2849,0.1003,False
SYN-SUBJ-015,SYN-SUBJ-015-SESS-1,28,ENCODING,synthetic,4.719,4.0653,4.3699,2.4712,2.9468,4.1081,3.8524,2.9856,2.7825,3.3444,4.6369,4.7076,4.8088,4.2261,2.5425,4.3023,4.5838,3.186,3.1841,2.0675,4.982,True
SYN-SUBJ-015,SYN-SUBJ-015-SESS-1,29,ENCODING,synthetic,0.9387,1.9612,1.0768,0.8499,0.3025,1.0703,1.712,0.8084,1.0482,0.2495,1.5065,1.6134,0.6299,0.8677,0.7901,1.0049,1.8688,1.2082,0.6798,0.4287,0.5924,False
SYN-SUBJ-015,SYN-SUBJ-015-SESS-1,30,NEITHER,synthetic,0.8954,0.8874,1.0878,1.0449,0.1113,0.7416,0.5316,0.8119,1.2863,0.4015,1.0832,0.8977,0.9745,0.9999,0.849,0.4811,0.7589,1.0415,0.9625,0.5054,0.5114,False
SYN-SUBJ-015,SYN-SUBJ-015-SESS-1,31,NEITHER,synthetic,0.5441,1.1685,0.9898,0.8605,0.7193,1.2377,1.1026,1.0582,0.8131,0.4698,0.4466,0.9548,1.2437,0.9696,0.0811,1.1629,1.5225,1.2847,1.0419,0.6522,0.8457,False
SYN-SUBJ-015,SYN-SUBJ-015-SESS-1,32,RECALL,synthetic,0.8779,0.938,1.3084,1.341,0.5678,0.7112,1.4171,1.3522,1.0382,0.2655,0.5322,0.5769,1.2776,1.102,0.7427,1.1568,1.1768,1.6829,1.242,0.2462,0.3376,False
SYN-SUBJ-015,SYN-SUBJ-015-SESS-1,33,RECALL,synthetic,1.1079,1.0872,1.6748,1.1167,0.3299,0.9547,1.0422,1.5878,0.9452,0.0,0.9479,1.168,1.4093,1.1298,0.4821,1.0289,0.2269,1.6191,0.684,0.6693,0.505,False
SYN-SUBJ-015,SYN-SUBJ-015-SESS-1,34,RECALL,synthetic,0.8627,0.8243,1.4243,0.7877,0.4877,1.1289,0.4687,1.4401,1.1654,0.4837,1.3546,0.9457,1.5929,1.0707,0.3834,1.185,0.711,1.4124,0.5339,0.5742,0.8999,False
SYN-SUBJ-015,SYN-SUBJ-015-SESS-1,35,RECALL,synthetic,3.0382,4.1743,4.6915,3.587,4.1685,3.8888,3.2125,4.4734,2.5274,2.8481,4.6128,5.2441,5.1818,2.522,3.6735,3.0277,3.9574,3.4208,4.528,4.1608,5.2066,True
SYN-SUBJ-015,SYN-SUBJ-015-SESS-1,36,RECALL,synthetic,0.6506,0.6204,1.6321,0.876,0.7574,0.9548,0.8733,1.2413,0.9483,0.5938,1.3353,0.5855,1.4132,0.8161,0.0272,0.7148,0.9886,1.0668,0.2639,0.3996,0.055,False
SYN-SUBJ-015,SYN-SUBJ-015-SESS-1,37,ENCODING,synthetic,1.1644,1.4905,0.8554,0.8599,0.466,0.6922,1.2146,1.0441,1.2425,0.3507,0.7747,1.07,1.2126,0.4813,0.5795,1.3488,1.3591,1.0867,1.3068,0.2638,0.0964,False
SYN-SUBJ-015,SYN-SUBJ-015-SESS-1,38,NEITHER,synthetic,0.5537,1.0598,0.4467,0.9958,0.2705,0.7782,0.7778,0.9743,1.2026,0.2114,0.9367,0.6471,1.1935,0.798,0.3981,0.9389,0.9016,1.3163,0.3731,0.6566,0.8426,False
SYN-SUBJ-015,SYN-SUBJ-015-SESS-1,39,RECALL,synthetic,3.4854,4.1998,5.0039,3.753,4.1099,4.9377,2.9312,2.9206,3.1834,3.3038,4.3521,4.2184,3.5477,4.8903,3.802,4.897,3.5454,2.8466,3.5999,2.937,5.4537,True
SYN-SUBJ-015,SYN-SUBJ-015-SESS-1,40,ENCODING,synthetic,1.1313,1.8794,0.7604,0.8229,0.8631,1.1194,1.3687,0.753,1.0526,0.4177,1.1853,1.6278,1.3396,0.9341,0.1078,0.8184,1.5203,0.9455,1.0145,0.3222,0.9569,False
SYN-SUBJ-015,SYN-SUBJ-015-SESS-1,41,NEITHER,synthetic,1.3389,1.154,0.756,0.884,0.4026,1.0761,0.6679,0.6168,0.8101,0.7939,0.9129,1.0436,0.9559,1.1662,0.6262,0.8051,1.1104,1.3401,0.8279,0.4779,0.8794,False
SYN-SUBJ-015,SYN-SUBJ-015-SESS-1,42,NEITHER,synthetic,0.6716,0.6013,0.936,0.7593,0.5822,0.9786,1.3682,0.5886,1.4079,0.5751,0.925,0.956,1.4051,1.1186,0.6267,0.8407,1.2613,0.951,1.0771,0.8776,0.1833,False
SYN-SUBJ-015,SYN-SUBJ-015-SESS-1,43,ENCODING,synthetic,0.9605,1.4177,1.1201,1.4326,0.5436,1.0627,1.7916,0.8116,1.0947,0.1816,0.5254,1.6421,1.0419,1.0744,0.0,1.0541,1.1395,0.6381,1.1494,0.1201,0.2943,False
SYN-SUBJ-015,SYN-SUBJ-015-SESS-1,44,ENCODING,synthetic,0.892,1.4687,1.1044,1.0159,0.8374,1.388,1.4612,0.9554,0.8541,0.0,1.3399,1.346,1.3941,0.951,0.1673,1.0099,1.606,1.1681,0.9771,0.5775,0.8664,False
SYN-SUBJ-015,SYN-SUBJ-015-SESS-1,45,RECALL,synthetic,1.1318,0.6714,1.1758,1.1639,0.4167,0.9087,0.8682,1.5833,1.185,0.6172,1.2393,1.0738,1.7654,0.8523,0.3285,0.5873,0.5531,1.6767,1.144,0.4096,0.5115,False
SYN-SUBJ-015,SYN-SUBJ-015-SESS-1,46,NEITHER,synthetic,0.6253,1.078,1.1164,0.968,0.7963,1.1246,1.4707,0.8905,0.8001,0.2076,1.1995,1.1165,0.9898,0.9789,0.9467,0.4571,0.9815,0.9801,1.1178,0.7267,0.8618,False
SYN-SUBJ-015,SYN-SUBJ-015-SESS-1,47,ENCODING,synthetic,0.9354,1.7395,0.5056,0.9727,0.4933,0.9893,1.763,0.9566,0.7074,0.4079,0.998,1.3295,1.0327,0.7892,0.6732,0.854,1.2139,0.8301,1.3517,0.7123,0.5405,False
SYN-SUBJ-015,SYN-SUBJ-015-SESS-1,48,NEITHER,synthetic,1.0854,0.7999,0.8223,0.7556,0.4367,1.3802,0.9805,0.9608,0.9659,0.3545,0.6337,1.3333,0.7594,1.1523,0.3886,0.8537,0.5459,1.4815,0.9682,0.2006,0.368,False
SYN-SUBJ-015,SYN-SUBJ-015-SESS-1,49,RECALL,synthetic,0.8421,0.4783,1.6219,0.877,0.32,0.8967,1.1875,1.4307,1.285,0.5239,1.0148,1.1308,1.3327,1.219,0.589,1.0022,1.1194,1.7043,0.9963,0.1066,0.3735,False
SYN-SUBJ-015,SYN-SUBJ-015-SESS-1,50,ENCODING,synthetic,1.1049,1.4054,1.3436,0.9176,0.3838,1.0298,1.6083,0.8486,1.2426,0.4208,1.2138,1.8802,0.7263,1.0047,0.5859,1.2939,1.8131,0.3772,1.5852,0.7232,0.0609,False
SYN-SUBJ-015,SYN-SUBJ-015-SESS-1,51,ENCODING,synthetic,0.5134,1.5129,0.5758,0.9161,0.44,1.3387,1.4866,0.8372,0.7923,0.3406,0.8048,1.6157,1.2954,0.6789,0.222,0.6674,1.4624,0.8807,0.5891,0.4765,0.527,False
SYN-SUBJ-015,SYN-SUBJ-015-SESS-1,52,RECALL,synthetic,1.0889,1.3767,1.2254,1.1865,0.264,0.9481,1.1855,1.6801,0.617,0.3498,1.104,0.9662,1.7218,0.9872,0.4817,0.8011,1.4324,1.5954,0.677,0.1351,0.6318,False
SYN-SUBJ-015,SYN-SUBJ-015-SESS-1,53,ENCODING,synthetic,1.1701,1.5617,0.9,0.8919,0.2236,0.8442,1.3747,1.2008,1.2892,0.3347,1.1529,1.6218,1.0434,1.19,0.0947,0.7242,1.4177,0.8346,0.7205,0.4189,0.9976,False
SYN-SUBJ-015,SYN-SUBJ-015-SESS-1,54,ENCODING,synthetic,0.8817,1.4729,1.0629,1.0352,0.2627,1.1468,2.0402,0.9361,0.7396,0.4288,0.6207,1.7282,0.9038,0.7169,0.3987,0.9712,1.4076,0.8414,0.8163,0.3999,0.4302,False
SYN-SUBJ-015,SYN-SUBJ-015-SESS-1,55,NEITHER,synthetic,0.9994,1.0544,1.0523,1.272,0.7436,1.0603,1.126,0.9684,1.2812,0.7545,1.001,1.1925,0.725,0.8927,0.5787,1.2049,0.7935,0.9551,0.7186,0.2777,0.8238,False
SYN-SUBJ-015,SYN-SUBJ-015-SESS-1,56,RECALL,synthetic,3.6245,5.0154,4.3143,4.5835,3.7164,4.375,2.4144,3.8955,2.8826,2.4346,3.5724,4.3639,5.3482,4.7898,3.8395,4.1434,4.2477,4.5147,3.2896,4.2104,4.6572,True
SYN-SUBJ-015,SYN-SUBJ-015-SESS-1,57,RECALL,synthetic,0.8163,1.0267,1.4376,0.706,0.4212,1.4609,1.2003,1.424,1.4689,0.4644,0.8071,0.8212,1.4287,0.708,0.4323,0.669,0.809,1.2821,1.0718,0.6017,0.4293,False
SYN-SUBJ-015,SYN-SUBJ-015-SESS-1,58,RECALL,synthetic,1.6445,1.3748,1.6587,0.9166,0.6284,1.0204,1.2673,1.5097,0.9329,0.5568,1.265,0.596,1.7329,0.3157,0.1655,0.7164,0.8552,1.1302,1.0035,0.8005,0.0387,False
SYN-SUBJ-015,SYN-SUBJ-015-SESS-1,59,RECALL,synthetic,3.1153,4.3692,4.8561,4.7076,2.4362,3.8632,4.0765,4.9183,3.2844,3.2454,3.5526,3.7011,4.8933,2.7054,2.2819,3.1546,4.1701,4.7615,4.0257,4.0272,4.5111,True
SYN-SUBJ-016,SYN-SUBJ-016-SESS-0,0,RECALL,synthetic,0.3611,1.0019,1.8759,0.824,0.4179,0.613,0.9064,1.5607,0.6664,0.1024,1.1145,0.846,0.9805,0.8062,0.2775,0.3979,1.0093,1.2133,0.8811,0.4164,0.5189,False
SYN-SUBJ-016,SYN-SUBJ-016-SESS-0,1,RECALL,synthetic,0.3737,0.7341,1.033,1.0249,0.4958,0.837,0.8689,1.0005,1.1298,0.3567,1.1214,1.0134,1.4081,0.3133,0.1696,0.9293,0.5058,1.342,0.2933,0.0805,0.9618,False
SYN-SUBJ-016,SYN-SUBJ-016-SESS-0,2,ENCODING,synthetic,4.1006,3.1973,3.5452,2.6821,4.2279,2.6789,3.6126,3.1692,5.2167,3.1473,3.6046,5.1298,3.7432,4.4224,3.2987,4.2099,5.2664,3.6588,2.7852,2.7832,3.6769,True
SYN-SUBJ-016,SYN-SUBJ-016-SESS-0,3,RECALL,synthetic,0.8028,1.249,1.392,0.7477,0.0,0.7939,0.8349,1.189,0.6438,0.0,0.4559,0.4995,1.6966,1.1549,0.7179,0.8981,0.3902,1.3573,1.0386,0.0116,0.8598,False
SYN-SUBJ-016,SYN-SUBJ-016-SESS-0,4,RECALL,synthetic,0.9918,1.0847,0.9298,1.0444,0.3587,1.1133,0.8557,1.1619,1.0019,0.1008,0.8753,0.499,1.2397,0.9474,0.0642,0.7577,0.637,1.5958,1.0095,0.1383,0.152,False
SYN-SUBJ-016,SYN-SUBJ-016-SESS-0,5,NEITHER,synthetic,0.8307,0.9737,0.8587,0.8875,0.2408,0.9261,0.3983,0.751,0.2412,0.3338,0.7718,0.9132,0.9129,0.431,0.5205,0.269,0.8267,0.8426,0.6035,0.314,0.1683,False
SYN-SUBJ-016,SYN-SUBJ-016-SESS-0,6,ENCODING,synthetic,4.2609,4.2132,4.0825,4.8232,4.4182,4.5935,3.6513,2.3818,4.3469,2.9417,4.7286,3.9292,4.1536,3.412,3.242,3.4102,4.9185,3.4008,4.1028,2.4615,2.6737,True
SYN-SUBJ-016,SYN-SUBJ-016-SESS-0,7,RECALL,synthetic,0.6715,0.6105,1.2104,1.1226,0.0311,0.6025,0.7552,1.5637,0.3814,0.4207,0.8527,0.7475,1.4792,0.4491,0.2136,0.8925,0.6048,1.0067,0.7361,0.5893,0.621,False
SYN-SUBJ-016,SYN-SUBJ-016-SESS-0,8,NEITHER,synthetic,0.9039,0.5229,0.5435,0.9762,0.443,0.5194,0.759,0.8976,0.6002,0.3338,0.4623,0.8451,0.6969,0.743,0.5703,1.098,1.0019,0.6581,0.7105,0.2522,0.8677,False
SYN-SUBJ-016,SYN-SUBJ-016-SESS-0,9,RECALL,synthetic,0.8357,0.6978,1.3869,0.6072,0.4779,0.621,0.7486,1.3947,0.4542,0.3647,1.323,0.7467,1.155,1.0825,0.1939,0.5054,0.9547,1.5832,0.5946,0.6702,0.2755,False
SYN-SUBJ-016,SYN-SUBJ-016-SESS-0,10,ENCODING,synthetic,0.9207,1.454,0.7067,0.6731,0.3866,0.6379,1.5021,1.0128,0.5329,0.5983,1.0429,1.619,0.9573,0.9779,0.5714,0.4918,1.6407,0.7313,0.7961,0.1971,0.0867,False
SYN-SUBJ-016,SYN-SUBJ-016-SESS-0,11,RECALL,synthetic,2.9368,3.3213,4.706,3.2289,2.907,3.2499,4.4258,4.7524,2.6197,1.7632,3.9145,4.8298,4.3889,3.8515,3.3257,3.7503,3.8842,4.9532,4.3002,3.0462,3.5761,True
SYN-SUBJ-016,SYN-SUBJ-016-SESS-0,12,RECALL,synthetic,3.2525,3.7774,2.9861,3.16,3.3118,2.6595,4.4836,3.6273,2.3377,2.8629,2.5625,3.3354,3.519,3.3419,3.642,5.0698,2.5589,3.9401,3.4263,2.4837,3.2432,True
SYN-SUBJ-016,SYN-SUBJ-016-SESS-0,13,ENCODING,synthetic,0.739,1.883,0.698,1.2752,0.3748,0.7344,1.4928,0.4731,0.9643,0.0,1.2301,1.6488,0.8075,0.6575,0.3428,0.2208,1.7181,0.766,1.2145,0.484,0.6293,False
SYN-SUBJ-016,SYN-SUBJ-016-SESS-0,14,NEITHER,synthetic,3.9674,3.196,2.5987,3.092,3.1297,4.312,3.4064,3.3738,2.8158,2.4841,3.6142,4.3989,2.4856,3.589,2.5181,2.7677,3.2971,4.6096,4.519,1.6416,3.5911,True
SYN-SUBJ-016,SYN-SUBJ-016-SESS-0,15,RECALL,synthetic,0.6488,0.7179,1.4713,0.6901,0.1086,1.0518,0.8205,1.2551,0.4474,0.0917,0.6192,0.9676,1.0741,0.8312,0.375,0.351,0.8372,1.3717,1.6239,0.4147,0.1663,False
SYN-SUBJ-016,SYN-SUBJ-016-SESS-0,16,RECALL,synthetic,0.5584,0.3748,1.5358,1.2559,0.4882,1.0363,1.1041,1.4902,0.6742,0.5833,0.8997,0.6784,1.4911,0.9815,0.518,1.0644,0.3259,1.3058,0.9861,0.7659,0.344,False
SYN-SUBJ-016,SYN-SUBJ-016-SESS-0,17,ENCODING,synthetic,0.7172,0.9338,0.6137,0.8736,0.0,1.1254,1.6309,0.6195,1.1,0.1884,0.8728,1.6443,0.9055,0.8692,0.3382,0.4542,1.2687,0.9232,0.9763,0.5333,0.2584,False
SYN-SUBJ-016,SYN-SUBJ-016-SESS-0,18,NEITHER,synthetic,0.8317,1.0309,0.6933,0.896,0.3678,0.7356,0.7453,0.8904,1.0441,0.2871,0.8905,0.5488,0.4891,0.6348,0.0,0.9325,0.7148,1.0662,0.8819,0.0,0.6589,False
SYN-SUBJ-016,SYN-SUBJ-016-SESS-0,19,ENCODING,synthetic,0.727,1.4022,1.0524,0.2792,0.4457,0.9543,1.7497,0.6792,1.1125,0.0,1.2181,1.2833,0.7587,1.0809,0.4286,0.9647,1.2533,0.5298,0.6178,0.0733,0.3147,False
SYN-SUBJ-016,SYN-SUBJ-016-SESS-0,20,ENCODING,synthetic,0.8817,1.4672,0.521,1.0999,0.0741,0.9844,1.4116,0.9267,1.0853,0.0,1.0157,1.5121,0.8532,0.9681,0.3197,0.686,1.282,0.4577,0.3598,0.6013,0.786,False
SYN-SUBJ-016,SYN-SUBJ-016-SESS-0,21,NEITHER,synthetic,0.7542,0.851,0.6636,0.6872,0.7042,0.9148,1.2492,0.7131,1.2362,0.102,1.1982,0.7454,1.1051,0.774,0.1405,0.5467,0.9543,0.9349,1.1823,0.1607,0.2864,False
SYN-SUBJ-016,SYN-SUBJ-016-SESS-0,22,ENCODING,synthetic,1.0004,1.4977,1.0303,0.8195,0.7363,0.859,1.4971,0.9688,0.8804,0.7562,0.7751,0.9901,1.0512,1.0643,0.2192,0.4969,1.3503,0.4542,0.6596,0.9815,0.2558,False
SYN-SUBJ-016,SYN-SUBJ-016-SESS-0,23,ENCODING,synthetic,0.743,1.1992,0.8499,0.8528,0.2873,1.3421,1.5744,0.9847,0.8585,0.4726,0.8366,1.5263,0.8991,0.2624,0.0022,0.9049,1.4866,0.9467,0.5061,0.3426,0.5555,False
SYN-SUBJ-016,SYN-SUBJ-016-SESS-0,24,RECALL,synthetic,4.9178,3.1291,3.0481,2.585,2.063,3.2395,2.6789,3.5916,4.1024,3.5468,4.3464,4.2788,4.6268,3.7851,2.3747,3.6253,2.9437,4.587,2.5864,3.1283,3.159,True
SYN-SUBJ-016,SYN-SUBJ-016-SESS-0,25,ENCODING,synthetic,0.3616,1.5797,0.6001,0.6449,0.239,0.9135,1.7165,0.6779,0.9978,0.7403,1.3136,1.7919,0.6661,0.4163,0.4838,0.7969,1.3957,0.8886,0.9751,0.2691,0.6759,False
SYN-SUBJ-016,SYN-SUBJ-016-SESS-0,26,ENCODING,synthetic,3.8691,4.2353,2.3349,4.0499,2.8691,4.4519,4.1412,2.6494,4.0388,3.0687,2.628,4.6074,3.1856,2.823,4.1259,2.6824,3.7664,3.064,3.3271,3.063,3.6663,True
SYN-SUBJ-016,SYN-SUBJ-016-SESS-0,27,ENCODING,synthetic,1.3698,1.2862,0.8385,0.8695,0.0,0.2934,1.7876,0.3616,0.812,0.5369,0.7217,1.0153,0.7154,0.8418,0.4215,0.8658,1.4958,0.7266,0.4426,0.0202,0.0842,False
SYN-SUBJ-016,SYN-SUBJ-016-SESS-0,28,NEITHER,synthetic,1.2012,0.9099,0.6743,0.6249,0.1505,0.5272,1.1506,0.816,0.7158,0.1727,1.0437,0.8861,0.8474,0.8402,0.3974,0.7428,0.6984,0.6913,1.0428,0.0,0.9897,False
SYN-SUBJ-016,SYN-SUBJ-016-SESS-0,29,RECALL,synthetic,0.6927,0.5528,1.0989,1.3181,0.2808,0.7579,0.9997,1.3774,0.9139,0.0,0.6408,0.8742,1.4169,0.5313,0.7331,1.0599,0.708,0.9978,0.981,0.3464,0.8954,False
SYN-SUBJ-016,SYN-SUBJ-016-SESS-0,30,ENCODING,synthetic,0.3974,1.3843,0.7454,0.3666,0.09,0.7545,0.9515,0.6286,0.7058,0.3798,0.6143,1.4296,0.8266,0.8914,0.0059,0.9178,1.4257,0.8264,1.0131,0.044,0.9703,False
SYN-SUBJ-016,SYN-SUBJ-016-SESS-0,31,NEITHER,synthetic,0.5291,0.8664,1.0705,0.9594,0.3862,0.887,0.6161,1.0692,1.1055,0.1724,0.4569,0.8066,0.6603,0.6343,0.6016,0.81,0.7766,0.77,1.002,0.2149,0.2832,False
SYN-SUBJ-016,SYN-SUBJ-016-SESS-0,32,NEITHER,synthetic,0.7926,0.6929,0.9528,0.466,0.1484,0.7624,0.3321,0.5933,0.777,0.1236,0.6218,1.134,0.058,0.6607,0.3136,0.5302,0.6854,0.6733,0.7711,0.0738,0.3842,False
SYN-SUBJ-016,SYN-SUBJ-016-SESS-0,33,ENCODING,synthetic,1.4698,1.7403,0.5266,0.4848,0.2383,0.6687,1.4276,0.4427,0.5152,0.2791,0.7938,1.2437,0.891,0.8941,0.2307,0.9228,1.2253,1.0654,0.9482,0.2083,0.4399,False
SYN-SUBJ-016,SYN-SUBJ-016-SESS-0,34,ENCODING,synthetic,0.6687,1.3172,0.953,0.5333,0.3187,0.737,1.4007,0.9636,0.7072,0.3638,0.2553,1.2669,0.7676,0.6275,0.5238,0.7495,1.4199,0.9525,0.9362,0.321,0.925,False
SYN-SUBJ-016,SYN-SUBJ-016-SESS-0,35,ENCODING,synthetic,0.8468,1.0076,1.1875,0.5825,0.4537,0.8118,1.9544,1.0142,1.3234,0.4207,0.8656,1.6338,0.9572,0.8467,0.5216,0.3887,1.3085,0.7731,0.9474,0.2243,0.368,False
SYN-SUBJ-016,SYN-SUBJ-016-SESS-0,36,ENCODING,synthetic,4.3802,3.8856,3.3894,2.812,3.0065,4.2959,4.8461,3.2213,3.4078,2.1629,4.545,4.7316,2.7978,2.9997,2.7587,4.1609,4.0664,4.1216,3.4839,2.4568,4.4242,True
SYN-SUBJ-016,SYN-SUBJ-016-SESS-0,37,NEITHER,synthetic,1.1907,0.9827,1.1492,0.1207,0.3333,0.7949,0.8352,0.7184,0.8604,0.4437,1.1787,0.8982,0.4684,0.7845,0.3813,0.5668,1.4696,0.7843,0.816,0.8125,0.0145,False
SYN-SUBJ-016,SYN-SUBJ-016-SESS-0,38,RECALL,synthetic,0.6435,0.7652,1.3175,0.89,0.5006,0.9037,0.8934,1.5459,0.8405,0.0676,1.0493,0.4468,1.5966,0.6368,0.4254,0.6762,0.8485,1.8082,1.0638,0.0,0.6842,False
SYN-SUBJ-016,SYN-SUBJ-016-SESS-0,39,RECALL,synthetic,1.1529,0.5192,1.342,1.0857,0.2186,1.0913,0.7392,1.2186,1.0849,0.4153,0.6903,0.6056,1.1715,0.997,0.8126,0.9708,0.9131,1.3698,1.1011,0.3802,0.944,False
SYN-SUBJ-016,SYN-SUBJ-016-SESS-0,40,NEITHER,synthetic,0.4132,0.9947,0.3811,1.1745,0.3193,0.386,1.064,1.0515,1.0389,0.7619,1.0279,0.7937,0.9253,0.6944,0.2852,0.7942,0.5837,1.4625,0.6107,0.2859,0.5447,False
SYN-SUBJ-016,SYN-SUBJ-016-SESS-0,41,NEITHER,synthetic,0.3718,0.9575,0.794,1.0727,0.3642,1.1673,0.4901,1.0888,0.7659,0.218,1.0511,0.7799,0.9151,1.3686,0.3541,0.5403,1.0679,0.7132,0.9287,0.4237,0.3373,False
SYN-SUBJ-016,SYN-SUBJ-016-SESS-0,42,RECALL,synthetic,0.7165,1.1183,1.4063,0.552,0.7642,0.7782,0.8367,1.6835,0.9483,0.3427,0.6133,0.8138,1.0296,1.0266,0.0,0.8235,0.7208,1.3714,0.941,0.4266,0.65,False
SYN-SUBJ-016,SYN-SUBJ-016-SESS-0,43,ENCODING,synthetic,1.2754,0.9697,0.3678,0.5119,0.0,0.6796,0.9738,0.7696,0.688,0.0,0.3136,1.5569,0.8482,0.9609,0.7337,0.8358,1.8242,0.9213,0.9609,0.0,0.0676,False
SYN-SUBJ-016,SYN-SUBJ-016-SESS-0,44,NEITHER,synthetic,2.8239,3.5912,3.8238,4.5393,2.8703,3.6601,5.0317,3.3652,2.1709,1.9448,4.1766,4.5615,2.7475,4.1792,3.1171,4.4019,2.7465,3.3932,4.0518,4.039,4.6504,True
SYN-SUBJ-016,SYN-SUBJ-016-SESS-0,45,ENCODING,synthetic,0.5219,1.3765,0.6846,0.9716,0.6124,0.9669,1.4982,0.8341,0.5152,0.3447,1.1763,0.5538,0.3062,1.0808,0.1207,0.4177,1.2878,1.3812,1.1064,0.079,0.8928,False
SYN-SUBJ-016,SYN-SUBJ-016-SESS-0,46,ENCODING,synthetic,0.9142,2.3267,0.7921,0.8205,0.1142,0.8963,1.3959,0.7794,0.9976,0.5053,0.624,1.5698,0.5197,0.345,0.0933,0.9517,1.3862,0.1375,0.7305,0.0673,0.1115,False
SYN-SUBJ-016,SYN-SUBJ-016-SESS-0,47,RECALL,synthetic,2.9185,3.425,3.6331,3.7795,2.3783,4.3486,2.9332,3.5057,2.5714,3.7743,2.9234,4.9109,3.3213,3.1221,3.4334,4.7063,3.2606,3.1378,3.9137,3.2462,5.2558,True
SYN-SUBJ-016,SYN-SUBJ-016-SESS-0,48,RECALL,synthetic,1.0156,0.5674,1.4736,0.8574,0.2053,0.9563,1.1698,0.9931,0.5137,0.3869,0.868,0.9658,1.6224,0.9996,0.4514,0.8961,0.2551,1.2119,0.6138,0.3992,0.3676,False
SYN-SUBJ-016,SYN-SUBJ-016-SESS-0,49,ENCODING,synthetic,0.895,1.4549,0.7434,0.7999,0.3912,0.9657,1.8025,0.8167,1.0436,0.464,0.1657,1.1184,0.7991,1.2528,0.3572,1.1184,1.3429,1.0408,0.5044,0.2236,0.0816,False
SYN-SUBJ-016,SYN-SUBJ-016-SESS-0,50,RECALL,synthetic,0.9704,0.7068,1.4016,1.0819,0.4971,0.9471,1.0942,1.1028,0.5805,0.5229,0.5992,0.7087,1.061,0.9011,0.37,0.4567,0.4965,1.1067,0.7741,0.1855,0.0457,False
SYN-SUBJ-016,SYN-SUBJ-016-SESS-0,51,ENCODING,synthetic,4.125,3.4885,2.129,4.7678,2.1835,2.6151,3.7304,4.3163,2.5324,1.8418,3.809,4.1305,4.0898,3.483,2.7449,4.5977,5.0686,3.8973,3.6985,1.9744,2.864,True
SYN-SUBJ-016,SYN-SUBJ-016-SESS-0,52,RECALL,synthetic,2.7693,3.3057,3.6626,3.0649,4.3222,3.4024,3.2455,3.7808,4.8258,4.3365,2.9751,3.7755,5.0535,3.3963,2.8505,3.2309,3.2919,4.8187,3.328,3.7996,5.2318,True
SYN-SUBJ-016,SYN-SUBJ-016-SESS-0,53,RECALL,synthetic,0.6636,0.6674,1.1108,1.4765,0.4237,0.8442,0.8306,1.2109,0.6476,0.2242,0.6294,1.1316,1.5756,0.9066,0.4538,0.864,0.7795,0.9576,0.9617,0.0,0.527,False
SYN-SUBJ-016,SYN-SUBJ-016-SESS-0,54,RECALL,synthetic,1.2923,0.7106,1.3603,0.5889,0.2496,0.6527,0.7579,0.9802,1.3063,0.2339,0.2571,0.5624,0.9414,0.7927,0.3834,0.9739,0.637,0.8657,0.9428,0.4738,0.3176,False
SYN-SUBJ-016,SYN-SUBJ-016-SESS-0,55,RECALL,synthetic,0.3716,0.9849,1.2051,0.7247,0.1193,0.6039,0.9932,1.0971,1.187,0.9424,0.5895,0.8769,1.193,0.8606,0.2983,0.4544,0.7655,1.1929,0.4886,0.3351,0.3672,False
SYN-SUBJ-016,SYN-SUBJ-016-SESS-0,56,RECALL,synthetic,0.6545,0.6811,1.231,1.0597,0.2346,0.4901,1.2036,1.4973,1.0275,0.3694,0.8449,0.7032,0.8459,0.9321,0.2042,1.0534,0.57,1.067,0.5571,0.0,0.4178,False
SYN-SUBJ-016,SYN-SUBJ-016-SESS-0,57,NEITHER,synthetic,0.7106,0.8407,0.4341,0.1945,0.2518,0.822,0.3543,0.9927,1.4109,0.4968,1.1047,0.6684,0.5643,0.7238,0.411,1.0752,0.5339,1.211,0.8249,0.3806,0.5652,False
SYN-SUBJ-016,SYN-SUBJ-016-SESS-0,58,ENCODING,synthetic,2.6752,5.4356,4.5128,4.0345,4.2283,2.1505,3.4828,4.3451,2.4993,1.7215,4.4177,3.7531,2.3842,3.7064,1.5809,4.2695,5.0196,3.6513,2.2515,2.6432,4.3927,True
SYN-SUBJ-016,SYN-SUBJ-016-SESS-0,59,RECALL,synthetic,0.7466,0.2954,1.0006,1.1574,0.5026,0.6088,0.9911,1.8258,0.7086,0.0,0.9253,0.6763,1.6234,0.7362,0.0,0.6599,0.2563,1.4084,0.4458,0.1481,0.2721,False
SYN-SUBJ-016,SYN-SUBJ-016-SESS-1,0,NEITHER,synthetic,0.6527,0.5139,0.89,0.7673,0.0,0.7811,1.1977,0.7934,1.2886,0.433,0.4155,0.5834,0.8576,0.9361,0.0,0.2456,0.9164,1.073,0.8841,0.2699,0.5343,False
SYN-SUBJ-016,SYN-SUBJ-016-SESS-1,1,NEITHER,synthetic,1.2951,0.9409,0.4219,0.7609,0.0116,0.5173,0.3498,0.2219,1.0439,0.2096,0.3289,1.2364,1.1274,1.0655,0.5302,0.7282,0.8023,1.2359,0.5894,0.7629,0.022,False
SYN-SUBJ-016,SYN-SUBJ-016-SESS-1,2,ENCODING,synthetic,1.0645,1.1557,0.5609,0.6075,0.2658,0.3219,1.2486,0.9854,1.1449,0.8446,0.5634,1.3392,1.0099,0.9424,0.5709,0.4441,1.571,0.9515,0.3568,0.46,0.4106,False
SYN-SUBJ-016,SYN-SUBJ-016-SESS-1,3,ENCODING,synthetic,0.7458,1.4277,0.8938,0.7964,0.2844,0.668,1.8231,0.6826,1.156,0.2045,1.3448,1.5695,0.7817,1.1994,0.4762,1.315,1.3696,0.6426,0.7002,0.0583,0.1017,False
SYN-SUBJ-016,SYN-SUBJ-016-SESS-1,4,RECALL,synthetic,0.6257,0.7731,1.2427,1.0811,0.131,1.1645,0.8232,1.1815,0.4406,0.0,0.4491,0.5198,0.9876,1.0206,0.0,1.0523,0.346,1.1089,0.9741,0.0,0.3722,False
SYN-SUBJ-016,SYN-SUBJ-016-SESS-1,5,ENCODING,synthetic,0.8894,1.5199,1.2839,0.2727,0.6915,0.6563,1.7658,0.874,0.88,0.667,0.8068,1.7156,0.8808,0.5767,0.6628,1.2497,0.8985,0.7866,0.8618,0.4586,0.2978,False
SYN-SUBJ-016,SYN-SUBJ-016-SESS-1,6,ENCODING,synthetic,0.4155,1.6983,0.4363,0.6804,0.441,1.0445,1.3348,0.6783,0.8627,0.2155,0.9205,1.7942,0.4807,0.9383,0.3334,0.6799,1.7104,0.9576,0.5283,0.2683,0.1939,False
SYN-SUBJ-016,SYN-SUBJ-016-SESS-1,7,ENCODING,synthetic,2.863,4.5218,4.7674,3.9148,2.2204,4.9243,3.2719,3.5097,4.4481,3.2323,4.496,4.5075,2.7303,4.2712,3.1947,3.9217,4.4883,3.4697,3.1933,3.3054,3.7058,True
SYN-SUBJ-016,SYN-SUBJ-016-SESS-1,8,RECALL,synthetic,0.3857,0.5931,1.4068,0.9205,0.1014,0.8698,0.4908,1.2705,1.0854,0.3289,1.0632,0.6141,0.8761,0.5791,0.1021,0.6521,1.0076,1.545,1.1087,0.0,0.3262,False
SYN-SUBJ-016,SYN-SUBJ-016-SESS-1,9,ENCODING,synthetic,0.8475,1.1686,0.8471,0.7955,0.6671,0.769,1.7333,0.5312,0.8555,0.1309,1.3812,1.4737,0.4904,0.7623,0.2323,0.8637,1.4073,1.0995,0.944,0.8438,0.9541,False
SYN-SUBJ-016,SYN-SUBJ-016-SESS-1,10,ENCODING,synthetic,0.1152,1.8442,0.3818,1.3165,0.2168,0.6694,1.159,0.5737,0.7829,0.1005,0.437,1.3976,0.6629,1.1966,0.3385,1.2716,1.5046,0.6772,1.0928,0.2724,0.8229,False
SYN-SUBJ-016,SYN-SUBJ-016-SESS-1,11,RECALL,synthetic,0.9655,0.847,1.0948,0.5669,0.2669,0.7658,0.9282,1.3311,0.9492,0.2908,0.9096,1.0656,1.0105,1.0606,0.5617,0.6355,0.5931,1.7142,0.9373,0.2749,0.4272,False
SYN-SUBJ-016,SYN-SUBJ-016-SESS-1,12,ENCODING,synthetic,0.4513,1.4063,1.2936,0.9719,0.0,0.8503,1.4419,0.8403,0.5858,0.3379,1.0746,2.2205,1.0069,0.9061,0.1094,0.7631,1.2764,0.74,0.8819,0.8586,0.9568,False
SYN-SUBJ-016,SYN-SUBJ-016-SESS-1,13,RECALL,synthetic,1.4215,0.5955,0.7753,0.4963,0.0805,0.214,0.5726,1.4783,0.7838,0.2166,1.0394,0.8186,1.3433,0.8761,0.182,1.1122,0.5515,1.6323,0.9968,0.2288,0.0823,False
SYN-SUBJ-016,SYN-SUBJ-016-SESS-1,14,RECALL,synthetic,0.8164,1.1947,1.4434,1.0058,0.2872,1.0312,0.7809,1.4598,0.6288,0.2413,0.6442,0.7489,1.1556,0.6492,0.2499,0.69,0.7165,1.7076,0.8025,0.7218,0.6346,False
SYN-SUBJ-016,SYN-SUBJ-016-SESS-1,15,RECALL,synthetic,0.9959,1.1123,0.5934,0.6818,0.184,0.5116,0.6294,1.071,0.7787,0.0,0.7748,0.9056,1.6326,0.9208,0.0,0.3971,0.789,1.0625,0.9422,0.4482,0.0533,False
SYN-SUBJ-016,SYN-SUBJ-016-SESS-1,16,ENCODING,synthetic,0.722,1.2697,1.2803,0.5884,0.2802,0.4833,1.327,0.9041,0.8328,0.0,1.0876,1.1656,0.6913,0.8433,0.3961,0.3277,1.6989,0.589,0.9314,0.6105,0.5319,False
SYN-SUBJ-016,SYN-SUBJ-016-SESS-1,17,NEITHER,synthetic,0.7884,0.0865,0.818,0.7929,0.5267,1.3706,0.4548,1.1675,1.0156,0.1377,0.4079,0.7882,0.7483,1.0783,0.2259,0.4905,0.6212,0.9721,0.5218,0.4021,0.1384,False
SYN-SUBJ-016,SYN-SUBJ-016-SESS-1,18,ENCODING,synthetic,0.8724,1.743,0.9803,1.1756,0.2889,0.7158,1.4117,0.6664,0.952,0.1001,1.2436,1.3357,0.4537,0.9085,0.4723,1.2425,1.4377,0.9909,0.6049,0.2175,0.0539,False
SYN-SUBJ-016,SYN-SUBJ-016-SESS-1,19,ENCODING,synthetic,0.8316,1.6354,1.1538,1.0001,0.3476,0.8344,1.1379,0.8131,0.6315,0.0,1.0954,1.5741,0.67,0.7673,0.6685,0.8956,1.4585,0.8751,0.6558,0.3526,0.9317,False
SYN-SUBJ-016,SYN-SUBJ-016-SESS-1,20,RECALL,synthetic,0.9947,0.8348,1.7125,1.0934,0.2429,1.0371,0.8962,1.2315,0.9457,0.0,0.4581,0.7772,1.5416,1.0691,0.2514,0.9351,0.9765,1.4294,0.8914,0.2649,0.3557,False
SYN-SUBJ-016,SYN-SUBJ-016-SESS-1,21,RECALL,synthetic,0.7287,0.5139,1.3132,0.8028,0.1654,0.8943,1.0905,1.4053,0.8994,0.6953,0.6181,0.4556,1.3917,0.734,0.3432,0.469,0.8205,1.0109,0.2199,0.108,0.8416,False
SYN-SUBJ-016,SYN-SUBJ-016-SESS-1,22,RECALL,synthetic,0.522,0.7636,1.0935,0.7635,0.0,0.6608,1.1184,1.2087,0.8609,0.4458,0.6121,0.8408,0.5036,0.9642,0.0,0.9077,1.1796,1.4164,0.9236,0.3898,0.7252,False
SYN-SUBJ-016,SYN-SUBJ-016-SESS-1,23,RECALL,synthetic,0.6108,0.6344,1.2282,0.6321,0.4071,0.4254,0.7832,1.4751,0.3968,0.8075,0.8617,0.6002,1.239,0.7848,0.1857,0.8756,0.9666,1.3923,0.5973,0.4699,0.0709,False
SYN-SUBJ-016,SYN-SUBJ-016-SESS-1,24,ENCODING,synthetic,0.5699,1.5828,1.1957,0.9636,0.5962,0.6787,1.4724,1.1946,0.3236,0.0398,0.7318,1.1796,0.9198,0.7824,0.0,0.606,1.17,0.5729,0.8264,0.1635,0.7104,False
SYN-SUBJ-016,SYN-SUBJ-016-SESS-1,25,ENCODING,synthetic,0.6635,1.3659,0.7027,0.9771,0.0,0.8891,1.2557,0.6099,0.4812,0.2381,0.9315,1.0322,0.6017,1.0633,0.7801,1.1516,1.0221,1.0982,0.7951,0.0696,0.0401,False
SYN-SUBJ-016,SYN-SUBJ-016-SESS-1,26,ENCODING,synthetic,0.231,1.6517,0.7991,0.9192,0.4276,0.6399,1.3691,0.7683,0.5756,0.3481,0.5114,1.2124,0.7799,0.4559,0.6429,1.1783,1.7417,0.9518,0.6623,0.42,0.8088,False
SYN-SUBJ-016,SYN-SUBJ-016-SESS-1,27,RECALL,synthetic,0.6969,0.7302,1.2415,1.025,0.5167,0.414,0.6342,1.2411,0.859,0.0646,0.9929,0.7833,1.0807,0.7272,0.0,1.0658,1.3715,1.4028,1.065,0.3694,0.0532,False
SYN-SUBJ-016,SYN-SUBJ-016-SESS-1,28,NEITHER,synthetic,1.5538,0.8471,0.7844,1.0871,0.0,1.0117,1.0158,0.8619,0.7405,0.1809,0.4687,1.1248,1.2669,1.133,0.1292,1.1378,0.6981,0.7975,1.2427,0.3053,0.2998,False
SYN-SUBJ-016,SYN-SUBJ-016-SESS-1,29,NEITHER,synthetic,0.5513,0.3953,0.9058,1.1863,0.1494,0.8072,1.1615,1.0033,0.7399,0.2692,0.6087,1.397,0.8801,1.06,0.0,1.1425,1.0853,1.0068,0.7719,0.1286,0.7317,False
SYN-SUBJ-016,SYN-SUBJ-016-SESS-1,30,ENCODING,synthetic,0.8812,1.4446,1.2727,0.8743,0.4635,0.6344,1.7737,0.6542,0.5496,0.3649,1.0988,1.5193,0.2858,0.7302,0.2091,1.2158,1.4078,0.8079,0.8915,0.2478,0.4938,False
SYN-SUBJ-016,SYN-SUBJ-016-SESS-1,31,RECALL,synthetic,0.9217,1.7275,1.3121,0.7488,0.3449,0.7775,0.7617,1.573,0.5968,0.3934,0.7144,0.9356,1.227,0.7829,0.0244,0.8214,0.4674,1.1969,0.6962,0.1994,0.0852,False
SYN-SUBJ-016,SYN-SUBJ-016-SESS-1,32,ENCODING,synthetic,1.1671,1.7689,0.7506,0.3873,0.6768,0.9144,2.0412,1.0437,0.7735,0.1356,1.0626,1.2405,0.579,0.5212,0.6292,0.7062,1.4443,0.772,0.7047,0.477,0.7246,False
SYN-SUBJ-016,SYN-SUBJ-016-SESS-1,33,ENCODING,synthetic,0.7399,1.0473,0.8371,0.6218,0.2699,0.3733,1.7921,0.7666,0.9235,0.4168,1.1124,1.4248,1.0555,1.1911,0.2883,1.0063,1.1644,0.6919,1.1393,0.4516,0.2798,False
SYN-SUBJ-016,SYN-SUBJ-016-SESS-1,34,RECALL,synthetic,1.0317,1.2722,1.5162,1.4336,0.1551,0.8178,1.296,1.2473,0.8222,0.543,0.8859,0.6289,1.4501,0.9328,0.0,0.6579,0.8302,1.227,0.7691,0.458,0.3881,False
SYN-SUBJ-016,SYN-SUBJ-016-SESS-1,35,NEITHER,synthetic,0.8511,0.5616,0.8688,0.8787,0.0,0.5447,0.6044,1.202,0.8173,0.2238,1.0984,0.632,0.6513,0.6355,0.1654,0.4238,1.0912,1.1684,1.0245,0.0199,0.1297,False
SYN-SUBJ-016,SYN-SUBJ-016-SESS-1,36,ENCODING,synthetic,0.7074,1.6326,0.799,0.6571,0.3908,0.6464,1.3466,0.6271,0.7043,0.6988,0.7893,1.6176,1.4126,0.1922,0.0,1.0502,1.6804,0.5412,0.9962,0.0635,0.6593,False
SYN-SUBJ-016,SYN-SUBJ-016-SESS-1,37,RECALL,synthetic,0.7911,0.6484,1.2672,1.1154,0.1035,1.0068,0.2131,1.6583,0.6721,0.3458,0.8694,0.9719,0.9186,1.0692,0.11,1.063,1.1703,1.1342,0.7834,0.764,0.3497,False
SYN-SUBJ-016,SYN-SUBJ-016-SESS-1,38,ENCODING,synthetic,0.8472,1.3036,0.3985,0.5793,0.575,1.0001,1.3621,0.7887,0.926,0.3606,0.7613,0.9387,0.7632,0.7367,0.6257,0.2766,1.2548,1.1884,0.5232,0.5377,0.9885,False
SYN-SUBJ-016,SYN-SUBJ-016-SESS-1,39,RECALL,synthetic,0.6625,0.9163,1.0654,0.8596,0.1149,0.3419,0.8265,1.2035,0.7016,0.5909,0.7075,0.9167,1.2762,0.761,0.2263,1.0872,0.7724,1.3409,0.8328,0.2833,0.9643,False
SYN-SUBJ-016,SYN-SUBJ-016-SESS-1,40,RECALL,synthetic,0.9678,0.546,1.4302,0.6392,0.6978,0.7958,1.0991,1.0932,0.6237,0.2993,0.796,0.8324,1.2589,1.2821,0.3617,0.8288,0.903,1.5042,0.5135,0.2807,0.5476,False
SYN-SUBJ-016,SYN-SUBJ-016-SESS-1,41,ENCODING,synthetic,0.6188,1.5274,0.8222,0.8979,0.1466,0.8997,1.0678,0.9401,1.0157,0.0,0.4392,1.6565,0.5909,0.5323,0.3782,0.9408,1.5814,0.5755,0.5054,0.5266,0.0755,False
SYN-SUBJ-016,SYN-SUBJ-016-SESS-1,42,NEITHER,synthetic,0.7492,0.9754,0.671,0.3298,0.1208,0.5496,1.0894,0.366,0.6847,0.3847,1.0588,0.6171,1.189,0.6269,0.7996,1.1359,0.6676,0.6418,0.7048,0.0,0.1187,False
SYN-SUBJ-016,SYN-SUBJ-016-SESS-1,43,ENCODING,synthetic,1.014,1.383,0.7892,0.6389,0.3044,1.3067,1.2336,0.9503,0.614,0.0314,0.9687,0.9765,0.7191,0.5429,0.1647,1.0364,1.5209,0.5226,0.9996,0.6145,0.5741,False
SYN-SUBJ-016,SYN-SUBJ-016-SESS-1,44,NEITHER,synthetic,1.0901,0.7245,0.1317,1.0717,0.0426,0.6827,0.5534,0.5598,0.5287,0.1194,1.0094,0.9901,0.6989,0.5618,0.2529,0.9629,0.5857,0.7033,0.6287,0.551,0.4337,False
SYN-SUBJ-016,SYN-SUBJ-016-SESS-1,45,ENCODING,synthetic,0.665,1.5088,0.478,1.3534,0.3697,0.6482,1.786,0.7032,0.8872,0.2111,0.66,0.9456,0.8914,0.8467,0.4989,0.6171,1.4578,1.1243,1.0211,0.4489,0.5001,False
SYN-SUBJ-016,SYN-SUBJ-016-SESS-1,46,RECALL,synthetic,1.079,0.4769,1.4347,0.2477,0.1528,0.7983,1.0698,1.3005,0.3975,0.693,1.3735,1.4074,1.298,0.9414,0.4586,1.0413,0.8209,1.4292,0.4562,0.0,0.5079,False
SYN-SUBJ-016,SYN-SUBJ-016-SESS-1,47,ENCODING,synthetic,0.5916,1.8465,0.771,1.1282,0.1987,0.9085,1.2109,0.822,0.3559,0.0,1.0672,1.7026,0.9199,0.9159,0.7645,1.1476,1.4838,0.7348,0.7702,0.2017,0.7263,False
SYN-SUBJ-016,SYN-SUBJ-016-SESS-1,48,RECALL,synthetic,0.4977,0.6729,0.9845,0.7014,0.4844,0.8466,0.6104,1.7285,1.0388,0.1366,1.2691,1.1307,1.3227,1.0567,0.1172,0.714,0.8942,1.1954,0.4156,0.5034,0.6312,False
SYN-SUBJ-016,SYN-SUBJ-016-SESS-1,49,NEITHER,synthetic,1.1043,0.8066,1.0784,1.1433,0.0,1.2331,0.3023,0.8156,1.0766,0.5601,1.1158,0.7309,0.5825,0.6278,0.3713,0.5726,0.8083,0.5457,0.7101,0.6588,0.1427,False
SYN-SUBJ-016,SYN-SUBJ-016-SESS-1,50,ENCODING,synthetic,1.0143,1.575,0.6072,1.1644,0.4591,0.5983,1.2124,0.9058,0.899,0.2915,1.0405,1.0701,0.5295,1.102,0.7582,0.7167,1.4316,0.476,0.7829,0.9458,0.1498,False
SYN-SUBJ-016,SYN-SUBJ-016-SESS-1,51,ENCODING,synthetic,0.5384,1.7467,0.8008,0.6433,0.4467,0.8953,1.6182,1.2557,1.1751,0.4723,0.9153,1.9951,1.1832,0.9718,0.2026,1.0344,1.551,1.04,0.7345,0.1042,0.1833,False
SYN-SUBJ-016,SYN-SUBJ-016-SESS-1,52,ENCODING,synthetic,1.2169,1.6251,0.7243,0.5955,0.1821,1.0279,1.4002,0.6475,0.6584,0.1779,0.9039,1.3267,0.5885,0.8446,0.5728,0.727,1.6527,1.0866,0.8491,0.2694,0.1794,False
SYN-SUBJ-016,SYN-SUBJ-016-SESS-1,53,RECALL,synthetic,0.9811,1.5283,1.3231,1.02,0.4415,0.5942,0.9834,1.444,0.4768,0.0,0.5017,0.5508,1.0497,0.4679,0.3486,0.8915,0.6632,1.7268,0.9926,0.6751,0.2755,False
SYN-SUBJ-016,SYN-SUBJ-016-SESS-1,54,RECALL,synthetic,1.3081,0.4883,1.1253,0.7233,0.5273,0.8628,0.8238,1.2542,1.4568,0.3072,0.7178,0.7465,1.3074,1.2646,0.0,0.5407,0.6199,1.2975,1.2218,0.0312,0.2045,False
SYN-SUBJ-016,SYN-SUBJ-016-SESS-1,55,RECALL,synthetic,2.731,4.2372,3.6662,3.5359,3.5431,3.6886,2.3397,4.7312,3.862,1.6804,3.7131,4.2308,3.5089,3.3178,3.2233,3.8318,3.2172,5.27,4.3475,3.9569,5.1014,True
SYN-SUBJ-016,SYN-SUBJ-016-SESS-1,56,ENCODING,synthetic,0.5712,1.4004,0.3865,0.8747,0.3176,0.9024,1.5803,0.5231,0.7568,0.9835,0.4017,1.2748,0.679,1.0343,0.5109,1.0482,1.5621,1.1015,1.0921,0.0486,0.8097,False
SYN-SUBJ-016,SYN-SUBJ-016-SESS-1,57,ENCODING,synthetic,0.9292,0.9949,0.4544,0.9231,0.4618,1.0375,1.3929,1.1072,1.0995,0.2499,0.8959,1.2536,0.9831,1.024,0.6806,1.0674,1.1067,0.677,0.1238,0.203,0.7714,False
SYN-SUBJ-016,SYN-SUBJ-016-SESS-1,58,NEITHER,synthetic,0.481,0.8671,0.7849,0.8121,0.5134,0.5403,0.9136,0.8267,0.5521,0.5036,1.1363,0.7191,0.7927,0.6955,0.1488,0.7048,0.9138,1.0361,0.6913,0.0774,0.0039,False
SYN-SUBJ-016,SYN-SUBJ-016-SESS-1,59,NEITHER,synthetic,1.0547,0.5921,0.5362,0.5171,0.0,0.6242,0.5145,0.9162,0.7209,0.2802,0.6453,0.9042,0.9212,0.9611,0.5403,0.3328,0.9638,0.7776,0.57,0.3131,0.2514,False
SYN-SUBJ-017,SYN-SUBJ-017-SESS-0,0,RECALL,synthetic,1.1106,1.1413,0.9558,0.9546,0.3685,1.1386,1.1049,1.4209,0.8895,0.5183,0.7573,0.9915,1.4094,0.9327,0.2081,0.9666,0.8842,1.1662,0.729,0.7897,0.2169,False
SYN-SUBJ-017,SYN-SUBJ-017-SESS-0,1,NEITHER,synthetic,1.0578,1.0638,0.8756,1.2203,0.4575,1.3121,1.3622,1.3279,0.5306,0.8228,0.9199,0.5487,0.6836,0.7378,0.5846,0.8199,1.1171,1.1485,1.0718,0.5637,0.4505,False
SYN-SUBJ-017,SYN-SUBJ-017-SESS-0,2,RECALL,synthetic,0.6872,1.2369,1.6224,1.0721,0.4386,0.963,1.0715,1.8569,0.7908,0.4567,0.7562,0.7787,1.5461,0.8446,0.0827,0.8745,0.9977,1.5025,1.0544,0.6786,0.7564,False
SYN-SUBJ-017,SYN-SUBJ-017-SESS-0,3,NEITHER,synthetic,0.7959,1.1479,0.9661,0.9723,0.9001,0.8546,0.86,0.909,0.6205,0.46,1.2068,0.9199,1.0344,0.82,0.8684,1.017,0.6945,1.1871,1.3015,0.4215,0.5934,False
SYN-SUBJ-017,SYN-SUBJ-017-SESS-0,4,ENCODING,synthetic,0.8025,1.6717,0.7536,0.8435,0.3751,0.6242,1.5355,0.7817,1.0985,0.1405,0.9647,1.6045,1.2837,0.9481,0.5529,1.1602,1.0977,0.7436,1.1771,0.0159,0.5722,False
SYN-SUBJ-017,SYN-SUBJ-017-SESS-0,5,NEITHER,synthetic,1.0646,0.8013,1.0045,0.5399,0.399,0.7224,0.9752,1.1698,1.065,0.445,0.9498,0.9816,1.2734,0.922,0.3489,0.9224,0.9578,1.3394,1.0057,0.4838,0.3472,False
SYN-SUBJ-017,SYN-SUBJ-017-SESS-0,6,RECALL,synthetic,1.0578,1.1086,0.8862,0.8912,0.105,0.7858,0.9766,1.2783,0.7696,0.1341,1.0864,1.0699,1.4383,0.777,0.5775,0.712,0.8553,1.4629,1.2342,0.3371,0.7186,False
SYN-SUBJ-017,SYN-SUBJ-017-SESS-0,7,NEITHER,synthetic,0.8888,1.0301,0.9339,0.7932,0.9455,0.8864,0.932,1.1202,1.2631,0.2219,0.9134,1.0415,0.7038,1.2225,0.3849,0.8675,1.0835,1.0462,0.648,0.2757,0.5211,False
SYN-SUBJ-017,SYN-SUBJ-017-SESS-0,8,ENCODING,synthetic,0.9294,1.6455,0.5625,0.7623,0.0,1.1141,1.2522,1.0414,0.5598,1.0054,1.4077,1.4956,1.06,0.5341,0.0249,0.7387,1.3258,1.2061,1.2326,0.1381,0.324,False
SYN-SUBJ-017,SYN-SUBJ-017-SESS-0,9,RECALL,synthetic,4.3513,3.5218,5.1082,2.8202,1.7748,3.003,4.7577,4.9224,3.2987,2.9594,3.0321,3.1033,5.088,3.3609,4.3791,4.61,2.3969,2.9161,4.5885,2.3187,5.4543,True
SYN-SUBJ-017,SYN-SUBJ-017-SESS-0,10,NEITHER,synthetic,0.4592,0.9112,0.6545,0.694,0.6874,0.6966,0.8736,0.6678,0.8047,0.2127,0.732,0.9394,0.7634,0.6958,0.2192,0.851,1.2869,1.144,0.956,0.3804,0.7645,False
SYN-SUBJ-017,SYN-SUBJ-017-SESS-0,11,ENCODING,synthetic,0.8329,1.4766,1.0003,0.9919,0.5625,0.7982,1.6141,1.0837,0.8922,0.5576,0.7991,1.6727,1.3192,0.687,0.2665,1.2524,1.2272,0.6828,1.151,0.6379,0.5006,False
SYN-SUBJ-017,SYN-SUBJ-017-SESS-0,12,NEITHER,synthetic,0.561,1.5928,0.7238,0.7786,0.588,0.7302,0.499,0.7542,1.329,0.0777,0.8699,1.2488,0.8862,1.5349,0.6013,1.5627,0.87,1.107,0.5737,0.3594,0.0695,False
SYN-SUBJ-017,SYN-SUBJ-017-SESS-0,13,ENCODING,synthetic,0.7538,1.8181,1.1698,1.0834,0.5358,1.4822,1.6743,0.9035,0.6452,0.612,0.9249,1.2639,0.877,0.9427,0.7464,0.7155,1.4403,0.6494,1.2339,0.4178,0.5746,False
SYN-SUBJ-017,SYN-SUBJ-017-SESS-0,14,ENCODING,synthetic,0.8657,1.5334,1.0935,1.0727,0.6636,1.1208,1.2853,0.999,1.2807,0.6727,1.2524,1.4964,0.9391,0.8621,0.2832,1.029,1.1829,0.9144,0.7691,0.5987,0.533,False
SYN-SUBJ-017,SYN-SUBJ-017-SESS-0,15,NEITHER,synthetic,0.4154,0.8325,0.8822,0.6671,0.3721,0.7238,0.7394,0.8376,1.4558,0.1069,1.023,0.9992,1.2131,0.894,0.2836,0.9006,0.3572,1.0215,0.6935,0.1787,0.3759,False
SYN-SUBJ-017,SYN-SUBJ-017-SESS-0,16,NEITHER,synthetic,0.9183,0.9988,0.8538,0.8706,0.4334,0.8626,0.6995,0.6928,0.656,0.4704,0.9129,1.3099,0.6518,1.4064,0.3106,0.883,0.8839,0.4383,0.8237,0.2901,0.4399,False
SYN-SUBJ-017,SYN-SUBJ-017-SESS-0,17,RECALL,synthetic,2.4128,4.9907,3.7072,3.416,2.0528,2.6104,4.7846,4.3178,2.8033,2.6111,3.0959,5.0952,3.1649,3.6123,4.4674,2.5838,4.4721,2.9676,2.3484,2.3593,4.7571,True
SYN-SUBJ-017,SYN-SUBJ-017-SESS-0,18,RECALL,synthetic,0.5918,1.0806,1.5359,0.8474,0.5909,1.0591,0.4694,1.263,0.4953,0.528,0.9787,0.7503,0.9597,0.6556,0.4782,0.8698,1.1137,1.2665,0.7199,0.5471,0.1517,False
SYN-SUBJ-017,SYN-SUBJ-017-SESS-0,19,RECALL,synthetic,1.1839,1.5067,1.44,1.3879,0.4412,0.6271,0.8838,1.3932,1.1149,0.302,0.8031,0.8709,1.575,1.0877,0.6759,1.0134,0.6579,1.3282,0.7368,0.7436,0.6239,False
SYN-SUBJ-017,SYN-SUBJ-017-SESS-0,20,NEITHER,synthetic,1.1403,0.6817,1.1888,0.8976,0.4348,0.6526,1.1456,1.3456,0.771,0.2994,1.0226,1.148,1.6544,1.3502,0.5609,0.8718,0.716,1.025,1.3983,0.6309,0.1272,False
SYN-SUBJ-017,SYN-SUBJ-017-SESS-0,21,RECALL,synthetic,4.5289,4.8565,3.5712,4.6322,2.7575,3.9694,4.8867,2.7473,2.7174,3.0992,3.99,3.1778,5.2435,4.7757,2.2455,2.4368,2.644,5.2572,4.468,4.5467,3.6882,True
SYN-SUBJ-017,SYN-SUBJ-017-SESS-0,22,NEITHER,synthetic,4.4327,2.9861,2.4562,3.0092,2.7817,2.7623,2.9437,2.8425,2.6263,1.9866,4.1389,4.6046,3.7106,4.5909,4.4926,4.6787,4.3424,4.2621,4.7819,1.7987,2.8634,True
SYN-SUBJ-017,SYN-SUBJ-017-SESS-0,23,NEITHER,synthetic,1.0371,0.805,1.2732,0.9465,0.0241,0.988,0.7342,0.7946,1.3045,0.3965,0.5563,0.5357,1.2355,0.6625,0.789,0.7284,0.7478,1.0723,0.5108,0.663,0.1024,False
SYN-SUBJ-017,SYN-SUBJ-017-SESS-0,24,ENCODING,synthetic,1.1174,1.5691,0.4652,1.4072,0.3664,0.7927,1.7807,0.8771,0.4019,0.887,1.0594,1.1406,1.2879,1.6244,0.5383,0.9506,1.4705,1.063,0.9874,1.0408,0.0916,False
SYN-SUBJ-017,SYN-SUBJ-017-SESS-0,25,RECALL,synthetic,1.2791,0.8843,1.57,1.3312,0.6374,0.8481,1.2035,1.583,0.6563,0.1712,0.9612,0.9895,1.5334,0.9679,0.56,0.9013,0.9123,1.3788,1.0053,0.0791,0.6816,False
SYN-SUBJ-017,SYN-SUBJ-017-SESS-0,26,ENCODING,synthetic,0.6632,1.6452,0.8235,0.8171,0.1491,0.6162,1.6091,0.5205,1.3799,0.7233,1.1655,1.0827,0.9139,0.9834,0.8995,1.0375,1.8827,0.9848,0.9066,0.4793,0.8207,False
SYN-SUBJ-017,SYN-SUBJ-017-SESS-0,27,ENCODING,synthetic,1.2294,1.6081,1.1637,0.4402,0.165,0.857,1.4827,0.9541,0.5902,0.3111,1.0052,1.8806,1.0274,1.1639,0.3282,0.6166,1.7617,0.4293,0.9094,0.38,0.3405,False
SYN-SUBJ-017,SYN-SUBJ-017-SESS-0,28,ENCODING,synthetic,0.8768,1.8231,0.9474,0.8725,0.4487,0.6581,1.6731,0.5525,0.7358,0.6334,0.7379,1.6401,0.3351,0.6325,0.717,0.8232,1.7242,1.0662,0.9238,0.2616,0.6562,False
SYN-SUBJ-017,SYN-SUBJ-017-SESS-0,29,RECALL,synthetic,0.9352,1.1857,1.0832,0.7259,0.4755,0.8451,0.9703,1.4422,0.5356,0.3899,0.543,0.9932,1.5185,1.0127,0.5977,1.2188,0.8912,1.6096,0.7265,0.3204,0.4541,False
SYN-SUBJ-017,SYN-SUBJ-017-SESS-0,30,NEITHER,synthetic,0.6144,0.8437,0.9668,0.6673,0.0408,0.5665,0.6659,1.5287,1.0826,0.5063,1.0885,1.0737,1.1737,1.2301,0.523,0.9855,0.8546,0.6319,0.9961,0.845,0.0853,False
SYN-SUBJ-017,SYN-SUBJ-017-SESS-0,31,ENCODING,synthetic,1.0862,1.6967,0.8623,1.1582,0.5363,0.8643,1.4876,0.6804,0.876,0.8205,1.4482,1.3419,1.2311,0.6685,0.4959,0.444,1.0661,1.0836,1.1695,0.4289,0.4686,False
SYN-SUBJ-017,SYN-SUBJ-017-SESS-0,32,NEITHER,synthetic,1.0327,1.4995,1.1821,0.8471,0.8947,0.9927,0.7796,0.7998,0.7088,0.5588,1.1829,1.0016,1.5075,0.7926,0.0,0.7339,1.225,1.103,0.5211,0.0,0.549,False
SYN-SUBJ-017,SYN-SUBJ-017-SESS-0,33,ENCODING,synthetic,0.7246,1.0859,0.5131,0.8866,0.7098,0.6437,1.6948,0.927,0.6037,0.4112,1.1233,1.4272,0.7492,1.1005,0.4933,0.9874,1.7332,1.0459,0.6256,0.4842,0.3953,False
SYN-SUBJ-017,SYN-SUBJ-017-SESS-0,34,NEITHER,synthetic,1.4382,1.1652,0.8441,0.6716,0.558,1.1488,0.8656,0.7017,1.1064,0.0,1.1179,0.8567,1.0896,0.7268,0.5182,0.7052,0.7872,0.4329,0.6828,0.2609,0.2036,False
SYN-SUBJ-017,SYN-SUBJ-017-SESS-0,35,ENCODING,synthetic,2.9971,4.0812,2.3187,2.9258,3.5157,4.2048,3.1252,2.5778,5.3987,4.4197,3.7228,5.1105,3.1113,4.766,3.7468,4.7766,4.4045,4.383,4.3447,3.9136,3.9135,True
SYN-SUBJ-017,SYN-SUBJ-017-SESS-0,36,NEITHER,synthetic,0.6088,0.8187,0.7271,1.0895,0.3187,1.2796,0.9416,0.9153,1.259,0.2871,0.6897,0.929,1.1094,0.6482,0.211,1.0402,1.0226,0.7079,1.0348,0.426,0.0908,False
SYN-SUBJ-017,SYN-SUBJ-017-SESS-0,37,RECALL,synthetic,0.9588,1.0281,1.3116,1.0741,0.6776,0.905,0.8978,1.6764,0.9271,0.4997,0.6915,0.946,1.222,0.9945,0.438,1.0149,0.7534,1.3969,1.272,0.5926,0.9097,False
SYN-SUBJ-017,SYN-SUBJ-017-SESS-0,38,RECALL,synthetic,0.9204,0.6203,1.9051,0.9704,0.0,1.4086,1.0429,1.6263,1.3123,0.3332,0.6541,0.5624,1.7749,0.6001,0.5808,0.7517,1.1594,1.4131,1.0942,0.3186,0.3674,False
SYN-SUBJ-017,SYN-SUBJ-017-SESS-0,39,RECALL,synthetic,1.0752,0.5434,1.5507,0.9607,0.7062,0.8846,0.9768,1.0906,1.2313,0.3317,1.0376,0.4613,1.1992,0.6729,0.3501,0.6642,0.6611,1.6243,0.9745,0.4176,0.6324,False
SYN-SUBJ-017,SYN-SUBJ-017-SESS-0,40,RECALL,synthetic,1.2197,0.6548,1.2108,0.8732,0.3496,1.0646,0.7681,1.7499,0.9066,0.1488,1.3891,0.7521,1.4375,0.6472,0.5658,0.2687,0.8846,1.373,0.7223,0.1886,0.2607,False
SYN-SUBJ-017,SYN-SUBJ-017-SESS-0,41,ENCODING,synthetic,1.5797,1.7063,1.1812,0.679,0.3188,1.0408,1.184,0.6019,1.5128,0.4295,0.1644,1.1594,0.6952,0.7501,0.3822,0.6136,2.0126,1.2009,0.5804,0.3956,0.9383,False
SYN-SUBJ-017,SYN-SUBJ-017-SESS-0,42,NEITHER,synthetic,4.493,3.3039,4.0079,2.8789,2.2057,2.1355,3.952,3.537,4.6968,1.7182,3.8029,2.5738,2.4202,3.6736,2.601,3.5467,3.5078,3.2306,3.973,4.3941,4.5363,True
SYN-SUBJ-017,SYN-SUBJ-017-SESS-0,43,RECALL,synthetic,0.7366,0.7906,1.7117,0.7047,0.4713,0.7629,1.1948,1.3288,1.2432,0.8052,1.2021,0.9117,1.5219,0.7426,0.2418,0.9875,0.3867,1.6024,0.8719,0.0,0.4408,False
SYN-SUBJ-017,SYN-SUBJ-017-SESS-0,44,RECALL,synthetic,0.9858,1.1722,1.2796,1.0394,1.0627,1.2085,1.3868,1.8228,0.9933,0.1862,1.1968,0.2035,1.4738,0.9851,0.1469,0.9215,0.6217,1.423,1.0434,0.6309,0.248,False
SYN-SUBJ-017,SYN-SUBJ-017-SESS-0,45,NEITHER,synthetic,0.9616,1.0069,0.9861,0.9838,0.6991,1.4013,1.1909,0.7903,0.7599,0.0008,0.5241,0.7246,0.9016,0.9939,0.523,0.9822,1.0375,0.5737,1.0189,0.1524,0.7003,False
SYN-SUBJ-017,SYN-SUBJ-017-SESS-0,46,ENCODING,synthetic,0.786,1.2131,1.1855,1.1016,0.6073,0.4288,1.6224,1.185,0.9485,0.4981,0.8905,1.9625,0.7226,0.8645,0.489,0.5031,1.4556,0.9087,0.5805,0.4159,0.4613,False
SYN-SUBJ-017,SYN-SUBJ-017-SESS-0,47,NEITHER,synthetic,0.527,1.0407,0.7381,1.0226,0.3363,1.0492,0.8101,1.1709,1.1455,0.3316,1.1655,0.6675,1.0767,0.5828,0.1968,1.0713,0.5149,0.5106,1.3437,0.416,0.1743,False
SYN-SUBJ-017,SYN-SUBJ-017-SESS-0,48,RECALL,synthetic,1.0025,0.4905,1.2905,0.5318,0.1465,0.8729,1.4195,1.4938,1.0853,0.3457,1.0115,0.7245,1.387,0.681,0.0,0.6137,0.9663,1.3569,1.1598,0.8794,0.0204,False
SYN-SUBJ-017,SYN-SUBJ-017-SESS-0,49,ENCODING,synthetic,0.8696,1.2955,0.8089,0.5918,0.5427,0.9507,1.5068,0.9266,1.1543,0.2848,1.0301,1.877,0.7404,0.6454,0.8688,0.6123,1.3573,0.7705,0.7615,0.0666,0.2933,False
SYN-SUBJ-017,SYN-SUBJ-017-SESS-0,50,RECALL,synthetic,0.8877,1.1866,1.5709,1.0019,0.0715,0.9321,0.6225,1.6199,1.0492,0.1845,1.2522,0.651,1.5362,0.7692,0.3743,0.9077,0.8949,1.3739,0.6922,0.158,0.5363,False
SYN-SUBJ-017,SYN-SUBJ-017-SESS-0,51,RECALL,synthetic,0.8736,0.5973,1.2278,0.7258,0.2979,0.7882,0.8022,1.3215,1.0332,0.3746,0.7955,0.9016,1.291,0.7934,0.8531,0.7726,1.0936,1.0212,1.2405,0.1889,0.1495,False
SYN-SUBJ-017,SYN-SUBJ-017-SESS-0,52,ENCODING,synthetic,0.9416,1.7032,0.8518,1.4434,0.7686,0.5808,1.1948,0.8804,1.2515,0.2627,0.9034,1.8248,0.7932,0.7524,0.5514,0.8542,1.4286,0.7594,1.0371,0.376,0.5021,False
SYN-SUBJ-017,SYN-SUBJ-017-SESS-0,53,NEITHER,synthetic,0.9318,0.1786,1.1539,1.1376,0.3402,0.9378,0.7987,0.501,0.7979,0.4946,1.0165,0.8507,0.7429,0.6991,0.4157,0.6932,1.3745,0.7452,1.0815,0.5061,0.662,False
SYN-SUBJ-017,SYN-SUBJ-017-SESS-0,54,RECALL,synthetic,1.1054,1.1212,1.2992,0.4164,0.9572,0.8794,1.222,1.2373,1.3612,0.3862,0.9328,0.7631,1.5158,1.1162,0.2996,0.6615,1.1969,1.4697,0.4613,0.369,0.6478,False
SYN-SUBJ-017,SYN-SUBJ-017-SESS-0,55,NEITHER,synthetic,1.3859,0.8469,0.9917,0.7969,0.9269,1.0806,0.9937,0.9094,0.6563,0.016,0.9493,0.7275,0.7352,0.7008,0.4234,1.1787,0.7645,0.6655,0.7173,0.6371,0.5816,False
SYN-SUBJ-017,SYN-SUBJ-017-SESS-0,56,RECALL,synthetic,1.2988,0.7994,1.5975,0.7969,0.5083,0.761,0.8241,1.566,1.013,0.8257,0.8537,0.875,1.4203,1.3126,0.7463,0.8952,1.3346,1.3055,1.1634,0.5042,0.7314,False
SYN-SUBJ-017,SYN-SUBJ-017-SESS-0,57,NEITHER,synthetic,0.8262,0.9925,0.6991,0.7315,0.3896,0.6079,1.1261,1.2204,1.24,0.5048,0.7474,1.0301,1.2304,0.9851,0.301,0.8157,0.9017,1.045,0.6589,0.4862,0.8701,False
SYN-SUBJ-017,SYN-SUBJ-017-SESS-0,58,NEITHER,synthetic,1.0531,0.8882,1.3411,1.1439,0.2035,0.3518,1.1622,1.0177,0.7664,0.2403,0.6966,1.0867,0.8601,1.0933,0.8126,1.2514,0.7083,0.9734,0.8001,0.7787,0.7895,False
SYN-SUBJ-017,SYN-SUBJ-017-SESS-0,59,NEITHER,synthetic,1.2909,1.0155,1.2807,0.79,0.1219,0.9334,1.2373,0.6633,0.7297,0.3944,1.1652,0.2733,1.2376,0.8793,0.6586,1.1937,0.8271,0.2252,1.0852,0.4225,0.3026,False
SYN-SUBJ-017,SYN-SUBJ-017-SESS-1,0,NEITHER,synthetic,1.3406,0.8401,0.7936,0.4863,0.8638,0.9639,0.7901,0.8017,0.9427,0.2339,1.4611,0.7071,0.9997,1.1352,0.5403,1.3622,0.9137,1.3197,1.3597,0.7792,0.5712,False
SYN-SUBJ-017,SYN-SUBJ-017-SESS-1,1,NEITHER,synthetic,3.7484,4.2448,4.6033,3.5941,4.288,3.2601,3.9712,4.718,3.818,4.1883,4.1104,4.9692,2.2428,2.8186,3.0714,3.743,2.3704,3.0527,2.8084,3.4367,3.401,True
SYN-SUBJ-017,SYN-SUBJ-017-SESS-1,2,RECALL,synthetic,0.6725,0.9612,1.1755,0.7104,0.0,1.1923,0.8931,1.8786,0.8037,0.3464,0.8683,0.971,1.2067,1.2219,0.0,1.1565,0.6805,1.8809,0.9667,0.8165,0.9919,False
SYN-SUBJ-017,SYN-SUBJ-017-SESS-1,3,NEITHER,synthetic,2.9387,4.5557,4.3887,4.746,3.7801,4.4186,4.7262,3.1515,4.8168,3.181,4.1916,3.4657,5.0322,3.0986,3.9557,4.6322,3.3178,4.1499,2.2781,2.3724,5.737,True
SYN-SUBJ-017,SYN-SUBJ-017-SESS-1,4,RECALL,synthetic,0.6457,1.3865,1.3161,1.323,0.639,1.0033,0.7236,1.3658,0.5364,0.0,0.9776,0.582,1.1486,0.9289,0.2398,1.5771,0.9948,1.0769,0.5223,0.2436,0.4803,False
SYN-SUBJ-017,SYN-SUBJ-017-SESS-1,5,ENCODING,synthetic,1.0964,1.5345,0.9193,0.8978,0.686,0.7604,1.9131,1.0836,1.1956,0.4538,0.821,1.2137,1.0347,0.8906,0.6555,0.5076,1.6539,1.1251,0.7242,0.4397,0.5868,False
SYN-SUBJ-017,SYN-SUBJ-017-SESS-1,6,RECALL,synthetic,1.438,1.0743,1.4453,0.9904,0.0636,0.8785,0.9567,1.7835,1.2684,0.9807,0.9012,1.119,1.162,1.1808,0.0261,1.4427,0.9766,0.8643,1.1679,0.3237,0.9136,False
SYN-SUBJ-017,SYN-SUBJ-017-SESS-1,7,NEITHER,synthetic,1.0048,1.0933,0.5643,1.0546,0.1909,0.3919,1.1039,1.011,0.703,0.5481,0.6654,1.1224,0.7403,0.8205,0.6659,0.632,0.787,1.0354,0.3035,0.7025,0.8686,False
SYN-SUBJ-017,SYN-SUBJ-017-SESS-1,8,ENCODING,synthetic,1.1875,1.6758,0.7484,1.2761,0.7093,0.5373,1.5293,0.9708,0.4171,0.4357,0.8512,1.5143,1.1783,1.0372,0.9479,1.1923,2.012,0.7232,1.0032,0.8496,0.964,False
SYN-SUBJ-017,SYN-SUBJ-017-SESS-1,9,NEITHER,synthetic,2.7539,4.7101,4.4881,4.5982,2.8329,4.302,3.2098,3.1347,4.7473,3.447,5.1014,3.392,3.0471,2.7954,2.2158,4.2803,4.8509,3.5451,3.5835,3.4632,2.591,True
SYN-SUBJ-017,SYN-SUBJ-017-SESS-1,10,ENCODING,synthetic,0.7503,1.3995,0.7811,0.7965,0.6438,0.9002,1.5714,1.1642,1.1509,0.2155,1.0113,1.221,0.7928,1.2556,0.3178,0.5147,1.1668,0.9235,1.0264,0.4113,0.2906,False
SYN-SUBJ-017,SYN-SUBJ-017-SESS-1,11,RECALL,synthetic,5.0342,5.1364,4.8843,3.0197,3.0073,3.3117,3.9021,5.5625,2.7693,3.7948,4.8395,3.8649,4.2774,2.1694,3.4367,3.8377,4.6641,3.6777,2.7098,2.7008,5.1785,True
SYN-SUBJ-017,SYN-SUBJ-017-SESS-1,12,RECALL,synthetic,0.8874,1.1154,1.4943,0.4644,0.7281,0.7613,0.9126,1.4529,0.6334,0.2665,0.7011,1.2937,1.1475,0.9633,0.4306,1.1536,0.7609,1.1492,0.3279,0.1655,0.3193,False
SYN-SUBJ-017,SYN-SUBJ-017-SESS-1,13,ENCODING,synthetic,0.6683,1.4436,1.0879,1.2923,0.2597,0.7662,1.2573,0.7042,0.9554,0.357,1.0145,1.8975,1.2216,1.4737,0.6021,1.072,1.3405,0.876,1.2338,0.5607,0.7695,False
SYN-SUBJ-017,SYN-SUBJ-017-SESS-1,14,RECALL,synthetic,0.8433,0.7689,1.9381,1.2005,0.2663,1.0833,0.7994,1.2209,0.5946,0.3665,1.234,1.0658,1.0018,0.7169,0.0,0.8,0.8968,1.3479,1.2298,0.7669,0.2341,False
SYN-SUBJ-017,SYN-SUBJ-017-SESS-1,15,RECALL,synthetic,1.1635,1.0543,1.2292,1.4734,0.1573,0.8942,0.7511,1.5062,0.8375,0.3926,0.67,0.8516,1.4387,0.9176,0.868,0.7498,0.9612,1.7812,1.1034,0.5602,0.1915,False
SYN-SUBJ-017,SYN-SUBJ-017-SESS-1,16,RECALL,synthetic,0.9949,0.8723,1.7178,0.8504,0.5115,0.7131,1.021,1.7548,0.9185,0.2219,0.6334,0.2986,1.5368,1.0075,0.2548,1.1747,0.8301,1.0809,0.7678,0.5857,0.8143,False
SYN-SUBJ-017,SYN-SUBJ-017-SESS-1,17,ENCODING,synthetic,0.5996,1.3124,1.493,0.891,0.5518,0.6888,1.2017,1.0843,0.7526,0.2548,1.1614,1.7051,0.9134,0.6144,0.0736,1.0328,1.4663,0.7541,1.0316,0.6691,0.4526,False
SYN-SUBJ-017,SYN-SUBJ-017-SESS-1,18,NEITHER,synthetic,0.837,1.1797,1.3608,0.5654,0.1676,0.9711,0.5587,0.8652,0.7877,0.6026,0.8459,0.5456,0.7436,1.3212,0.5438,0.7561,1.0823,0.8494,1.052,0.6545,0.3652,False
SYN-SUBJ-017,SYN-SUBJ-017-SESS-1,19,ENCODING,synthetic,1.3326,1.7129,0.7844,0.976,0.0,1.0697,1.7199,0.8146,1.1425,0.3273,0.5096,1.8458,0.6909,0.6937,0.0,0.7968,2.0307,1.4358,0.8625,0.3815,0.5583,False
SYN-SUBJ-017,SYN-SUBJ-017-SESS-1,20,RECALL,synthetic,1.0181,0.6724,1.4267,0.7108,0.3532,0.6623,0.6043,1.6362,0.6982,0.1708,0.9567,1.0529,1.1896,0.9331,0.4855,0.7565,0.5132,1.3597,0.9691,0.7716,0.2634,False
SYN-SUBJ-017,SYN-SUBJ-017-SESS-1,21,ENCODING,synthetic,0.7835,1.6718,0.7634,1.2048,0.6416,1.2981,1.6619,0.8749,1.4993,0.4414,0.7021,1.6771,0.9893,1.1959,0.0452,1.035,1.7877,1.0813,1.3896,0.4766,0.9328,False
SYN-SUBJ-017,SYN-SUBJ-017-SESS-1,22,ENCODING,synthetic,3.4993,4.1808,3.9529,3.8624,3.4871,4.8164,5.361,2.7251,3.1585,1.9312,3.3737,4.6641,2.5402,4.778,2.2034,2.8127,5.0857,5.1454,4.8729,3.9235,5.6782,True
SYN-SUBJ-017,SYN-SUBJ-017-SESS-1,23,RECALL,synthetic,1.1855,1.2274,1.5252,1.1977,0.6992,1.1478,0.9365,1.1294,0.8607,0.2991,0.3696,1.0476,1.3438,1.1536,0.2088,0.8608,0.6859,1.3239,0.654,0.2815,0.3234,False
SYN-SUBJ-017,SYN-SUBJ-017-SESS-1,24,RECALL,synthetic,1.016,0.78,1.9845,0.6365,0.4962,1.3975,1.0205,1.2695,0.7137,0.2707,1.1433,1.0869,1.4673,0.9386,0.4202,0.5559,0.7996,1.4464,1.0709,0.5376,0.7328,False
SYN-SUBJ-017,SYN-SUBJ-017-SESS-1,25,RECALL,synthetic,0.5888,0.8539,1.649,1.4793,0.1995,0.7372,1.0256,1.2944,0.7493,0.1946,0.7966,1.0035,1.0312,0.8497,0.8141,0.7493,0.4656,1.683,0.7553,0.5864,0.6664,False
SYN-SUBJ-017,SYN-SUBJ-017-SESS-1,26,ENCODING,synthetic,4.7279,5.1716,4.1695,3.6565,2.528,3.7935,4.541,3.2876,2.9914,4.1976,3.7368,4.1561,2.6047,4.6564,3.884,3.6748,4.1348,3.0167,4.5239,4.0032,2.7334,True
SYN-SUBJ-017,SYN-SUBJ-017-SESS-1,27,ENCODING,synthetic,1.1171,1.5198,0.5809,0.8239,0.3496,0.9935,1.7567,0.729,0.7061,0.3433,1.0821,1.8474,0.7818,1.1445,0.3425,0.6759,1.6061,1.029,1.3014,0.5525,0.3222,False
SYN-SUBJ-017,SYN-SUBJ-017-SESS-1,28,RECALL,synthetic,1.001,0.9722,1.1265,1.3196,0.0732,0.9164,1.0202,1.5489,1.1539,0.1459,0.924,0.4371,1.3787,0.9192,0.1371,1.1703,0.8279,1.3021,0.9375,0.8327,0.9632,False
SYN-SUBJ-017,SYN-SUBJ-017-SESS-1,29,NEITHER,synthetic,0.4091,0.7071,0.7288,0.5937,0.272,1.1526,0.8219,1.0147,0.816,0.6826,1.2058,0.987,0.7889,0.5512,0.2874,0.9552,1.2749,0.5502,0.7999,0.5439,0.1576,False
SYN-SUBJ-017,SYN-SUBJ-017-SESS-1,30,NEITHER,synthetic,0.776,0.8596,1.09,0.5272,0.481,1.0227,1.3851,1.0937,0.9915,0.7084,0.3947,1.0605,0.8542,0.7891,0.8814,0.7619,1.3911,1.1422,0.6894,0.5514,0.3635,False
SYN-SUBJ-017,SYN-SUBJ-017-SESS-1,31,ENCODING,synthetic,1.2304,1.6293,0.8149,1.0971,0.6593,0.7216,1.4817,0.8279,0.8104,0.352,1.4304,1.6577,0.8942,0.8654,0.418,0.7374,1.9257,1.0067,0.8403,0.3702,0.5809,False
SYN-SUBJ-017,SYN-SUBJ-017-SESS-1,32,ENCODING,synthetic,1.2303,1.5958,0.8699,0.9389,0.3376,0.3505,1.6942,0.7344,0.8326,0.7072,0.6993,1.7285,0.863,1.0527,0.5227,1.1683,1.3324,1.0601,0.7151,0.7419,0.8415,False
SYN-SUBJ-017,SYN-SUBJ-017-SESS-1,33,RECALL,synthetic,1.0097,1.0325,1.3579,0.914,0.2997,0.8271,0.6627,1.7148,1.0097,0.219,0.8214,1.3976,1.4245,0.7583,0.335,0.9514,1.1391,1.3549,1.0727,0.8247,0.9755,False
SYN-SUBJ-017,SYN-SUBJ-017-SESS-1,34,NEITHER,synthetic,1.095,1.0062,0.9035,0.5067,0.2987,0.5602,0.629,0.9911,0.8212,0.3237,0.9074,1.1187,0.919,1.1576,0.6485,0.8595,0.9343,0.1032,1.1108,0.3023,0.3512,False
SYN-SUBJ-017,SYN-SUBJ-017-SESS-1,35,ENCODING,synthetic,0.9767,1.7118,0.6326,0.9416,0.3303,0.9492,1.6051,0.2979,0.7794,0.6921,0.6373,1.4959,1.1675,0.1857,0.2709,1.3456,1.6492,0.4388,1.1908,0.2312,0.0678,False
SYN-SUBJ-017,SYN-SUBJ-017-SESS-1,36,NEITHER,synthetic,0.6387,0.815,0.6761,0.6432,0.3141,0.5053,1.7815,0.4812,1.4213,0.1758,0.7296,0.5835,1.066,0.7603,0.807,0.4589,0.5226,0.8527,0.6766,0.5649,0.1145,False
SYN-SUBJ-017,SYN-SUBJ-017-SESS-1,37,ENCODING,synthetic,1.1601,1.5489,1.2343,1.1435,0.6327,0.8365,1.5363,0.8416,1.3229,0.2211,0.8218,1.4211,0.4706,0.8528,0.2191,0.7608,1.7031,1.059,0.8537,0.4016,0.488,False
SYN-SUBJ-017,SYN-SUBJ-017-SESS-1,38,NEITHER,synthetic,1.0804,0.6223,1.2952,0.6474,0.3446,0.3992,0.554,0.8961,0.7541,0.6124,0.7958,0.756,0.9852,0.941,0.0,0.3845,0.9565,0.6616,0.9447,0.1272,0.6101,False
SYN-SUBJ-017,SYN-SUBJ-017-SESS-1,39,RECALL,synthetic,0.8398,1.0361,1.1494,1.0891,0.8281,1.3301,1.334,1.6015,0.832,0.6722,0.9011,0.9058,1.54,1.0501,0.2939,0.9144,1.2718,1.2713,0.9375,0.2847,0.9501,False
SYN-SUBJ-017,SYN-SUBJ-017-SESS-1,40,RECALL,synthetic,1.2878,1.3668,1.4161,0.9792,0.9049,0.855,0.5904,1.3943,0.9515,0.3322,0.7515,1.0141,1.6575,0.1511,0.6034,0.721,0.9278,1.312,1.2527,0.5405,0.8404,False
SYN-SUBJ-017,SYN-SUBJ-017-SESS-1,41,RECALL,synthetic,1.0823,0.5041,1.1679,0.8732,0.6222,0.7341,1.0042,1.4213,0.6112,0.34,1.0493,0.725,1.3249,0.719,0.3146,1.2455,1.0037,1.4871,1.0516,0.3875,0.2923,False
SYN-SUBJ-017,SYN-SUBJ-017-SESS-1,42,RECALL,synthetic,3.1933,4.3308,4.9471,5.1044,4.153,3.469,4.0385,4.7151,3.7814,2.479,2.5167,4.5699,5.2899,2.7783,3.7334,4.0131,3.8542,3.2924,3.9836,2.4886,3.5546,True
SYN-SUBJ-017,SYN-SUBJ-017-SESS-1,43,ENCODING,synthetic,0.6425,1.6118,0.8924,0.9305,1.0024,1.3176,1.2754,1.0351,0.6868,0.4333,0.7571,1.5636,0.8446,0.4558,0.4063,1.1106,1.6099,0.8295,0.9353,0.3461,0.4401,False
SYN-SUBJ-017,SYN-SUBJ-017-SESS-1,44,RECALL,synthetic,1.3466,1.1011,1.7972,0.3866,0.5039,1.1543,0.8776,1.2056,1.0585,0.1616,1.2815,0.9571,1.4031,1.1362,1.0216,0.3051,1.0719,1.4094,1.0058,1.1218,0.3376,False
SYN-SUBJ-017,SYN-SUBJ-017-SESS-1,45,NEITHER,synthetic,0.9901,0.8087,0.7975,1.1931,0.0,0.8295,1.1047,0.6048,0.9075,0.0,1.1812,1.373,1.2044,0.5023,0.4223,0.9686,1.0646,0.8697,1.0901,0.3336,0.3955,False
SYN-SUBJ-017,SYN-SUBJ-017-SESS-1,46,NEITHER,synthetic,4.6217,3.1514,3.6973,3.6522,2.6368,2.5506,4.7496,3.6092,3.0365,2.6032,4.7227,2.6144,3.0473,4.4473,2.4957,4.7333,2.6247,2.3514,3.7428,3.4806,3.9102,True
SYN-SUBJ-017,SYN-SUBJ-017-SESS-1,47,RECALL,synthetic,0.8088,0.7873,1.6176,0.6967,0.344,0.3537,0.6579,1.1842,0.5299,0.461,0.7457,1.2588,1.6218,0.5794,0.5776,0.7853,0.8243,1.6136,0.8003,0.0941,0.498,False
SYN-SUBJ-017,SYN-SUBJ-017-SESS-1,48,ENCODING,synthetic,0.8258,1.71,1.1503,0.7102,0.7182,1.1029,1.2649,0.8722,0.7036,0.5682,0.9705,1.9663,1.0312,1.1866,0.5127,0.9342,1.2964,1.2554,0.8004,0.5177,0.6056,False
SYN-SUBJ-017,SYN-SUBJ-017-SESS-1,49,RECALL,synthetic,0.9265,0.5361,1.3931,1.2379,0.7502,1.0728,0.6777,0.949,1.16,0.3201,0.4511,0.3331,1.3226,0.9796,0.7694,1.6906,0.5564,1.4512,0.7929,0.2513,0.5972,False
SYN-SUBJ-017,SYN-SUBJ-017-SESS-1,50,ENCODING,synthetic,0.9881,1.2934,0.9699,1.0916,0.6495,0.8109,1.5877,0.7547,0.8032,0.7327,0.7142,1.6174,0.7557,1.1774,0.7594,1.4223,1.5305,0.992,1.0046,0.2225,0.4011,False
SYN-SUBJ-017,SYN-SUBJ-017-SESS-1,51,RECALL,synthetic,0.2483,1.1392,1.5684,0.5741,0.2737,0.974,0.6223,1.2875,0.9967,0.8344,0.8779,1.02,1.0819,1.2145,0.5945,0.637,0.8995,1.2431,0.7061,0.2865,0.165,False
SYN-SUBJ-017,SYN-SUBJ-017-SESS-1,52,NEITHER,synthetic,4.6503,5.1287,4.0644,3.5878,3.6362,2.591,3.1826,4.3689,4.6086,3.0937,3.2563,2.8578,4.5539,3.503,3.56,5.351,4.5001,4.2951,3.7044,3.6841,3.6999,True
SYN-SUBJ-017,SYN-SUBJ-017-SESS-1,53,NEITHER,synthetic,0.8203,0.7369,1.0087,0.7006,0.3669,1.237,0.4854,0.667,0.731,0.3036,1.17,0.6919,0.6665,0.6409,0.5041,1.0,0.761,0.9299,1.028,0.4756,0.894,False
SYN-SUBJ-017,SYN-SUBJ-017-SESS-1,54,RECALL,synthetic,4.0427,4.2879,4.6877,4.2487,3.0923,3.6378,3.7187,3.6582,5.132,1.8314,4.5447,3.5163,5.5443,4.916,3.3532,3.7742,3.4625,2.7417,4.0705,1.8657,2.7495,True
SYN-SUBJ-017,SYN-SUBJ-017-SESS-1,55,NEITHER,synthetic,0.8349,0.9411,1.3002,0.7244,0.3931,0.6768,0.7819,0.6,1.1291,0.3741,0.687,0.4982,0.8037,1.0045,0.3278,0.7913,1.1061,0.6524,0.4575,0.4095,0.5027,False
SYN-SUBJ-017,SYN-SUBJ-017-SESS-1,56,RECALL,synthetic,0.8394,0.8412,1.36,0.6567,1.0122,0.7818,0.8416,1.2207,1.0141,0.4059,0.9366,1.2355,1.7432,0.9858,0.1503,0.5825,1.1525,1.4775,0.7376,0.4522,0.1392,False
SYN-SUBJ-017,SYN-SUBJ-017-SESS-1,57,RECALL,synthetic,0.9739,0.6748,1.7828,1.2223,0.8556,0.8739,0.8276,1.3938,0.8621,0.5171,0.9949,0.7888,1.2646,0.7726,0.3519,0.3583,0.2677,1.3966,0.9059,0.3298,0.4306,False
SYN-SUBJ-017,SYN-SUBJ-017-SESS-1,58,RECALL,synthetic,3.455,5.1138,4.6179,2.9362,3.2255,3.3314,5.0856,3.8833,2.6105,3.3476,3.9903,2.0695,4.7325,3.3884,2.0286,4.6089,3.745,3.0187,3.8319,4.5926,5.9449,True
SYN-SUBJ-017,SYN-SUBJ-017-SESS-1,59,NEITHER,synthetic,0.7814,1.0158,0.9091,0.8792,0.4318,1.0117,1.151,1.0295,0.6073,0.3374,0.3106,1.0821,0.9905,0.5373,0.8734,1.0283,0.7953,1.1012,0.8096,0.6384,0.6904,False
SYN-SUBJ-018,SYN-SUBJ-018-SESS-0,0,ENCODING,synthetic,0.8279,1.2021,0.8651,1.0883,0.8353,1.1303,1.1624,1.1282,0.8854,0.6904,1.0725,1.6033,0.8867,1.0397,0.833,1.3195,1.5423,1.2145,0.5032,0.3995,0.5628,False
SYN-SUBJ-018,SYN-SUBJ-018-SESS-0,1,NEITHER,synthetic,1.2932,0.9228,1.0003,1.0059,0.3448,1.1301,1.4091,1.162,0.7188,0.6588,0.9266,0.7175,1.0096,0.9712,0.1636,1.2954,1.1641,0.6804,0.7979,0.5989,0.0241,False
SYN-SUBJ-018,SYN-SUBJ-018-SESS-0,2,ENCODING,synthetic,1.105,1.8038,1.0181,1.384,0.1536,0.9157,1.2409,1.0604,0.9484,0.4537,0.7205,1.4963,1.3409,1.091,0.453,1.0214,1.7431,1.3366,1.3794,0.277,0.3121,False
SYN-SUBJ-018,SYN-SUBJ-018-SESS-0,3,ENCODING,synthetic,1.1378,1.7589,1.2126,1.0292,0.6817,1.0486,1.6038,0.7649,0.4555,0.0638,0.8203,1.9613,0.7941,0.9911,0.026,1.1228,1.969,1.36,1.1695,0.771,0.414,False
SYN-SUBJ-018,SYN-SUBJ-018-SESS-0,4,NEITHER,synthetic,1.1119,0.6435,1.4042,1.3171,0.6934,0.949,1.1076,1.0749,1.0629,0.0,1.3727,0.7051,0.7788,1.3557,0.9972,1.0422,0.8457,1.0816,0.9613,0.1997,0.5794,False
SYN-SUBJ-018,SYN-SUBJ-018-SESS-0,5,RECALL,synthetic,0.7165,0.6731,1.4528,0.9125,0.3884,1.4085,1.1742,1.8195,0.9908,0.6024,0.6318,1.249,1.3593,1.0508,0.8992,1.3334,1.4119,1.8253,0.5475,0.0,0.4398,False
SYN-SUBJ-018,SYN-SUBJ-018-SESS-0,6,ENCODING,synthetic,1.0116,2.042,1.2829,0.953,0.6192,0.6902,1.5821,0.7913,1.5553,0.499,1.2271,1.4634,1.0117,0.8272,0.3774,1.1035,1.3236,0.7288,0.9135,0.3542,0.5838,False
SYN-SUBJ-018,SYN-SUBJ-018-SESS-0,7,NEITHER,synthetic,1.0,1.0306,1.0778,1.2457,0.6074,1.4551,1.2087,1.3567,1.0233,0.4807,0.729,0.5976,0.7847,1.1664,0.4193,0.9592,1.1008,0.7571,0.5617,0.7098,0.3482,False
SYN-SUBJ-018,SYN-SUBJ-018-SESS-0,8,RECALL,synthetic,0.9771,0.9081,1.575,1.3671,0.2882,0.715,1.1471,1.4812,1.0902,0.0758,0.8672,0.739,1.5525,0.8545,0.2237,0.6702,1.1942,1.8165,0.8411,0.3507,0.9571,False
SYN-SUBJ-018,SYN-SUBJ-018-SESS-0,9,ENCODING,synthetic,1.0606,1.751,1.0185,0.795,0.3756,0.9108,1.2591,1.103,1.039,0.7094,0.9538,1.6576,1.0171,0.9794,0.3584,1.3117,1.4301,1.0586,1.2396,0.7338,0.5575,False
SYN-SUBJ-018,SYN-SUBJ-018-SESS-0,10,RECALL,synthetic,1.1624,0.9384,1.6294,1.0806,0.2143,1.0718,1.0115,1.2984,0.8355,0.7348,1.0362,0.9513,1.5264,1.1634,0.2519,0.7928,0.7391,0.9602,1.9217,0.0,0.9144,False
SYN-SUBJ-018,SYN-SUBJ-018-SESS-0,11,ENCODING,synthetic,1.0876,1.6169,0.7144,1.2799,0.0557,1.1514,1.318,1.0974,0.7976,0.624,1.127,1.81,1.3575,1.1453,0.3493,1.0398,1.9741,0.8415,1.3266,0.7443,0.0739,False
SYN-SUBJ-018,SYN-SUBJ-018-SESS-0,12,ENCODING,synthetic,0.71,1.5404,1.0082,1.0118,0.6728,0.8392,1.5554,1.1665,0.5325,0.2404,1.1084,1.3996,0.64,1.1185,0.2907,1.4227,1.2812,1.4718,0.8083,0.351,0.9953,False
SYN-SUBJ-018,SYN-SUBJ-018-SESS-0,13,ENCODING,synthetic,0.9704,1.4415,1.1468,0.8892,0.6693,1.0762,1.4008,1.334,0.7871,0.3225,0.7627,1.7241,1.1738,0.8761,0.6787,0.9522,1.2399,0.7182,0.7139,0.5599,0.2722,False
SYN-SUBJ-018,SYN-SUBJ-018-SESS-0,14,ENCODING,synthetic,1.1701,1.8693,0.7457,1.213,0.1743,0.9011,1.5692,1.2708,1.2489,0.6823,0.9828,2.1073,1.0097,1.1007,0.6013,1.2945,1.5057,1.4061,1.0861,0.5661,0.063,False
SYN-SUBJ-018,SYN-SUBJ-018-SESS-0,15,NEITHER,synthetic,0.8099,1.0432,0.5708,0.8448,0.5571,1.0346,1.1511,1.3441,0.9764,0.5858,1.2945,0.972,0.508,0.7765,0.8698,0.8014,1.3073,1.3238,0.5843,0.8067,0.3742,False
SYN-SUBJ-018,SYN-SUBJ-018-SESS-0,16,NEITHER,synthetic,1.0183,1.0207,0.3803,0.8492,0.2082,0.9085,0.7417,0.8816,1.1257,0.6738,1.3966,0.9579,1.2173,0.6362,0.3911,1.242,0.7673,0.9956,1.122,0.5607,0.2654,False
SYN-SUBJ-018,SYN-SUBJ-018-SESS-0,17,NEITHER,synthetic,1.1064,1.4742,0.675,0.9954,0.5255,1.1912,0.6029,1.1151,0.6551,0.4216,0.9152,1.3936,1.0777,0.9523,0.07,1.1641,0.7858,1.0244,1.4713,0.46,0.1751,False
SYN-SUBJ-018,SYN-SUBJ-018-SESS-0,18,RECALL,synthetic,0.7372,0.8908,1.3489,0.7919,0.3126,1.15,0.9249,1.277,1.0074,0.7394,0.4656,0.8895,1.4666,1.1456,0.8368,0.9977,1.0534,1.7975,0.7757,0.7114,0.1973,False
SYN-SUBJ-018,SYN-SUBJ-018-SESS-0,19,NEITHER,synthetic,1.0439,0.7005,0.9233,0.8014,0.7963,1.1267,1.2938,1.1882,0.9422,0.8035,0.9536,0.2973,1.0391,0.6108,0.5282,0.9127,0.5022,1.1981,0.8825,0.0923,0.038,False
SYN-SUBJ-018,SYN-SUBJ-018-SESS-0,20,ENCODING,synthetic,0.5752,1.5544,1.1118,0.9559,0.6294,0.7068,1.5389,1.3585,1.1758,0.865,0.8549,1.8054,0.7944,0.6605,0.0332,0.6525,1.6325,0.6352,0.6898,0.4929,0.6717,False
SYN-SUBJ-018,SYN-SUBJ-018-SESS-0,21,ENCODING,synthetic,3.2549,4.6108,4.4537,3.577,3.7963,3.2081,3.5443,4.7429,4.0258,2.8339,3.6656,4.2835,5.0575,4.9619,2.4823,3.3207,3.4578,4.0058,2.6469,2.8356,5.9102,True
SYN-SUBJ-018,SYN-SUBJ-018-SESS-0,22,RECALL,synthetic,0.9685,0.9104,1.5367,0.849,0.5868,0.5897,0.9842,1.6712,0.9372,0.6607,1.0626,1.5175,1.2419,0.8097,0.2864,0.8783,1.1996,1.537,0.8632,0.5178,0.6352,False
SYN-SUBJ-018,SYN-SUBJ-018-SESS-0,23,NEITHER,synthetic,3.6238,2.7421,4.986,4.3077,2.9425,4.8916,2.3582,3.0654,3.9922,2.757,4.5224,4.1979,3.2064,3.5105,3.5163,3.7406,2.8641,2.8138,5.4271,2.842,4.4237,True
SYN-SUBJ-018,SYN-SUBJ-018-SESS-0,24,NEITHER,synthetic,1.1419,0.6167,1.4244,1.2018,0.844,1.0003,1.0603,1.1891,1.1362,0.4426,1.3042,1.219,1.0326,0.9535,0.3991,1.0266,1.2995,0.9297,0.7249,0.0694,0.2666,False
SYN-SUBJ-018,SYN-SUBJ-018-SESS-0,25,NEITHER,synthetic,3.9648,2.5651,4.4239,5.2332,1.9323,3.3896,3.0746,3.2688,3.6002,3.1198,4.7214,4.6571,3.3905,3.9575,2.8575,3.0761,4.5441,3.4668,2.5542,3.9005,4.4759,True
SYN-SUBJ-018,SYN-SUBJ-018-SESS-0,26,ENCODING,synthetic,0.851,1.1476,0.4127,1.1803,0.9439,0.8832,1.6691,0.7406,0.7086,0.4233,0.9087,2.0203,0.9998,1.3742,0.2946,0.7928,1.6698,0.7685,1.0704,0.1936,0.6504,False
SYN-SUBJ-018,SYN-SUBJ-018-SESS-0,27,NEITHER,synthetic,1.4262,0.7996,1.2085,1.4907,0.0,0.6218,1.0592,1.0246,1.2042,0.5361,0.7604,1.2764,0.9055,1.087,0.6879,1.0106,1.2932,0.9482,0.9299,0.8059,0.8058,False
SYN-SUBJ-018,SYN-SUBJ-018-SESS-0,28,RECALL,synthetic,0.9754,1.0015,1.1882,1.1337,0.3875,1.0046,1.0791,1.1858,1.2167,0.7737,0.896,0.6245,1.5539,0.7995,0.3479,0.7779,1.0127,1.656,1.1979,0.2909,0.167,False
SYN-SUBJ-018,SYN-SUBJ-018-SESS-0,29,NEITHER,synthetic,0.9727,1.1463,0.5896,0.6852,0.2129,0.9335,0.8443,1.2901,0.8145,0.6764,0.8242,0.5637,1.0672,1.2189,0.4078,0.6698,0.6864,0.8718,1.2125,0.6274,0.2911,False
SYN-SUBJ-018,SYN-SUBJ-018-SESS-0,30,NEITHER,synthetic,0.6084,1.1721,1.1917,1.3499,0.0,0.5446,0.887,1.4474,0.6369,0.4909,0.9108,1.0232,1.0883,1.2066,0.6351,1.0858,1.434,1.2965,1.2796,0.0863,0.4478,False
SYN-SUBJ-018,SYN-SUBJ-018-SESS-0,31,RECALL,synthetic,1.1123,1.0786,1.3044,0.5923,0.534,1.1998,1.0301,1.5267,1.1754,0.8915,0.8964,0.6666,1.7845,0.8883,0.5308,0.7446,1.1094,1.7679,1.3707,0.508,0.9055,False
SYN-SUBJ-018,SYN-SUBJ-018-SESS-0,32,RECALL,synthetic,1.2559,1.2712,1.5667,0.4017,0.3829,1.0452,1.1679,1.5534,0.6001,0.4128,0.9505,0.5803,1.4992,0.8773,0.2949,0.6952,1.1699,1.7638,1.1326,0.0,0.1035,False
SYN-SUBJ-018,SYN-SUBJ-018-SESS-0,33,RECALL,synthetic,1.1522,0.6896,1.1116,0.7347,0.4559,0.823,1.3285,1.7098,0.8984,0.3193,0.579,0.8771,1.3777,0.8335,1.0094,0.5519,0.9334,1.8473,1.0038,0.1435,0.4566,False
SYN-SUBJ-018,SYN-SUBJ-018-SESS-0,34,NEITHER,synthetic,1.1192,0.7221,0.8176,1.1515,0.2983,1.485,0.9825,1.3985,1.2862,0.8588,0.5887,0.8982,0.6719,1.262,0.5679,1.1009,0.9128,0.3996,1.4728,0.2313,0.8821,False
SYN-SUBJ-018,SYN-SUBJ-018-SESS-0,35,NEITHER,synthetic,1.2411,0.7468,1.0765,0.8234,0.3266,1.0852,0.9005,1.0022,1.0374,0.5684,0.7337,0.8696,1.1417,0.8826,0.3362,0.843,0.4004,1.0338,1.2921,0.5874,0.3174,False
SYN-SUBJ-018,SYN-SUBJ-018-SESS-0,36,ENCODING,synthetic,1.0286,1.5851,0.9807,1.3564,0.4671,0.4046,1.1828,0.6434,1.0368,0.2412,0.856,1.5428,0.6261,1.2144,0.7107,0.7251,1.8785,0.8326,1.0993,0.7405,0.0037,False
SYN-SUBJ-018,SYN-SUBJ-018-SESS-0,37,NEITHER,synthetic,2.7209,3.6025,3.3848,3.6482,3.3751,3.6448,4.6979,3.8809,2.4407,3.5857,2.8192,4.7722,4.2531,4.2462,2.8151,3.37,4.6215,3.3988,4.5943,2.8722,4.435,True
SYN-SUBJ-018,SYN-SUBJ-018-SESS-0,38,RECALL,synthetic,1.1485,0.8368,1.1588,1.0408,0.46,1.0838,0.7959,1.4225,1.0149,0.3056,0.8167,1.1428,1.2972,0.9349,0.6217,1.2634,0.9146,1.3416,0.8935,0.2095,0.8409,False
SYN-SUBJ-018,SYN-SUBJ-018-SESS-0,39,ENCODING,synthetic,1.0523,1.5366,1.0395,1.0434,0.8931,0.988,1.5236,1.4967,0.7448,0.2439,0.881,1.3238,1.2485,1.1393,0.5472,1.5539,1.6869,0.9002,0.7537,0.5247,0.1668,False
SYN-SUBJ-018,SYN-SUBJ-018-SESS-0,40,ENCODING,synthetic,0.8264,1.6253,1.0551,0.9435,0.6389,0.9854,1.8254,0.9538,0.8458,0.3999,0.899,1.6395,0.963,0.3143,1.3167,0.9646,1.5535,0.9978,1.1014,0.6634,0.3333,False
SYN-SUBJ-018,SYN-SUBJ-018-SESS-0,41,RECALL,synthetic,1.4075,0.9608,1.393,1.0357,0.2831,0.9324,0.686,1.0715,1.2284,0.553,0.9783,0.5859,1.2012,0.7493,0.6635,0.7855,0.8086,1.3699,0.7394,0.8758,0.7263,False
SYN-SUBJ-018,SYN-SUBJ-018-SESS-0,42,NEITHER,synthetic,1.1468,0.9616,1.1605,1.1147,0.5067,1.0129,1.1551,0.7607,0.9989,0.1564,0.9373,0.676,1.0984,0.2323,0.0588,0.7183,1.1668,0.9932,0.8768,0.337,0.8433,False
SYN-SUBJ-018,SYN-SUBJ-018-SESS-0,43,ENCODING,synthetic,3.186,3.4657,4.1891,4.0278,4.5026,3.5878,4.5902,3.9411,2.8413,3.353,4.0469,4.1233,4.2952,4.5767,3.7344,5.0008,5.9851,2.3176,3.7529,4.2939,3.2107,True
SYN-SUBJ-018,SYN-SUBJ-018-SESS-0,44,NEITHER,synthetic,2.3416,5.0435,2.8754,3.9254,3.3809,3.0702,2.9802,4.5154,4.4037,2.3103,4.3896,3.6843,3.6358,3.2252,3.0427,3.7563,3.1301,4.8024,3.6904,4.0876,4.2022,True
SYN-SUBJ-018,SYN-SUBJ-018-SESS-0,45,ENCODING,synthetic,1.2748,1.9026,1.1777,1.4003,0.8268,1.5201,1.8444,1.1025,0.8819,0.518,1.1221,1.3151,0.8403,1.3999,1.0795,1.143,1.2389,1.2776,0.9832,0.7119,0.7121,False
SYN-SUBJ-018,SYN-SUBJ-018-SESS-0,46,NEITHER,synthetic,4.4887,3.4326,4.4764,2.7345,3.5546,3.5334,2.8118,4.3317,2.2701,2.482,4.178,4.9466,4.9429,4.0359,2.3719,4.2936,2.9415,3.118,4.2919,3.207,2.5563,True
SYN-SUBJ-018,SYN-SUBJ-018-SESS-0,47,ENCODING,synthetic,1.8599,1.6882,1.2406,0.8383,0.4956,0.9799,1.7263,0.5807,0.7911,0.2184,0.7523,1.9096,0.9914,0.8388,0.7678,0.6002,1.6014,1.3954,1.3688,1.0824,0.4728,False
SYN-SUBJ-018,SYN-SUBJ-018-SESS-0,48,RECALL,synthetic,1.1476,0.973,1.2917,1.4106,0.2944,1.0412,0.7663,1.0675,1.3477,0.7529,1.1731,1.6959,1.752,0.5986,0.7602,0.8725,1.1775,1.5769,0.4876,0.804,0.5967,False
SYN-SUBJ-018,SYN-SUBJ-018-SESS-0,49,RECALL,synthetic,1.2369,0.9029,1.5718,0.8156,0.6671,0.9215,0.6276,1.1824,0.7257,0.5231,1.0937,1.4695,1.4918,0.7238,0.2784,0.8787,0.7219,1.6512,1.0077,0.5819,0.3245,False
SYN-SUBJ-018,SYN-SUBJ-018-SESS-0,50,ENCODING,synthetic,1.3422,1.4396,0.8493,1.1037,0.3208,0.7209,1.9565,0.9128,1.1736,0.2747,0.9744,1.1377,0.958,1.3355,0.3896,0.9739,1.5291,0.8084,0.904,0.2227,0.515,False
SYN-SUBJ-018,SYN-SUBJ-018-SESS-0,51,NEITHER,synthetic,0.8484,0.8178,0.9018,0.8003,0.2572,1.3284,0.7272,1.1403,0.7919,0.6501,1.1963,1.002,0.9329,0.778,0.2459,1.3593,1.1126,1.458,1.505,0.1576,0.1873,False
SYN-SUBJ-018,SYN-SUBJ-018-SESS-0,52,ENCODING,synthetic,0.9423,1.3057,1.0049,1.5916,0.6963,0.8907,1.5975,1.0183,1.1473,0.3503,0.9176,2.0273,0.8707,0.9132,0.5188,1.1837,1.8253,1.1187,1.1377,0.3612,0.1442,False
SYN-SUBJ-018,SYN-SUBJ-018-SESS-0,53,NEITHER,synthetic,1.365,0.7026,0.6748,1.109,0.6378,1.003,1.3889,0.6814,0.9592,0.584,0.579,1.0722,0.6239,0.9658,0.5952,1.093,1.177,1.0849,1.0991,0.5494,0.8401,False
SYN-SUBJ-018,SYN-SUBJ-018-SESS-0,54,RECALL,synthetic,0.9043,0.9508,1.857,0.7682,0.4787,1.1278,1.1665,1.418,1.0529,0.4581,0.9133,1.0541,1.403,1.1156,0.5021,1.2213,0.816,1.1387,0.7994,0.5684,0.6342,False
SYN-SUBJ-018,SYN-SUBJ-018-SESS-0,55,RECALL,synthetic,1.5892,0.9018,1.1586,1.0082,0.4644,1.1063,1.2708,1.5661,1.0244,0.1059,0.5541,1.0076,1.4668,0.9827,0.5475,1.1474,1.2269,1.3552,1.2193,0.4056,0.8724,False
SYN-SUBJ-018,SYN-SUBJ-018-SESS-0,56,NEITHER,synthetic,0.6547,1.0288,1.0896,0.7569,0.8975,1.2911,1.1714,0.9987,1.1035,0.8688,1.5771,0.7433,0.9403,0.7777,0.5606,0.8562,1.5109,1.4497,0.9049,0.5221,0.2421,False
SYN-SUBJ-018,SYN-SUBJ-018-SESS-0,57,ENCODING,synthetic,3.039,5.1877,2.7208,4.5478,1.6473,3.9341,3.1725,3.7464,4.8218,2.738,4.3661,3.8129,3.8196,3.0854,3.681,4.3169,4.4646,2.6984,3.1447,3.5096,5.4806,True
SYN-SUBJ-018,SYN-SUBJ-018-SESS-0,58,NEITHER,synthetic,1.2433,0.9461,0.7323,1.0746,0.3436,1.1727,1.2333,0.9809,1.5176,0.4653,0.8535,1.0533,1.0914,1.0256,0.7115,1.2493,1.0078,0.6216,0.9589,0.3444,0.3576,False
SYN-SUBJ-018,SYN-SUBJ-018-SESS-0,59,NEITHER,synthetic,0.7978,1.1603,1.2194,1.0512,0.4722,0.7395,1.2891,0.7258,0.75,0.551,1.0903,1.1631,0.7912,0.8548,0.4164,1.3437,0.9264,0.5861,0.9411,0.626,0.9308,False
SYN-SUBJ-018,SYN-SUBJ-018-SESS-1,0,ENCODING,synthetic,1.1885,1.5183,1.065,0.7339,0.5999,1.3876,1.719,1.1312,1.05,0.6087,1.0882,1.5035,0.8043,1.0532,0.5784,0.8473,1.7173,0.9826,1.0551,0.4478,0.3056,False
SYN-SUBJ-018,SYN-SUBJ-018-SESS-1,1,RECALL,synthetic,0.7358,1.0348,1.4932,1.3745,0.2849,1.0954,1.4687,1.2869,0.8079,0.2256,0.9492,0.7575,1.5336,0.9225,0.0699,0.5966,1.0173,1.6352,0.9145,0.5208,0.2569,False
SYN-SUBJ-018,SYN-SUBJ-018-SESS-1,2,RECALL,synthetic,0.8453,1.0192,1.4048,1.2109,0.1949,0.727,0.6683,1.6154,0.9759,0.5071,0.7032,0.8937,1.552,0.9264,0.8882,0.6361,0.689,1.1667,1.0814,0.3335,0.9906,False
SYN-SUBJ-018,SYN-SUBJ-018-SESS-1,3,NEITHER,synthetic,3.1575,4.0335,2.7404,2.4805,2.0921,3.9532,4.7944,5.1166,4.1043,2.9358,2.9947,2.8891,4.9374,4.128,3.7275,3.0376,4.7667,3.5793,2.8527,3.3356,5.1283,True
SYN-SUBJ-018,SYN-SUBJ-018-SESS-1,4,RECALL,synthetic,1.0468,1.2603,1.5122,0.1955,0.0492,1.4541,0.7472,1.6073,1.1498,0.2872,1.1982,1.2359,1.5451,1.0113,0.8195,1.0725,1.2725,0.9967,0.6674,0.2814,0.3278,False
SYN-SUBJ-018,SYN-SUBJ-018-SESS-1,5,ENCODING,synthetic,0.4532,1.7347,0.937,1.214,0.4749,0.6893,1.5095,0.6611,1.1979,0.2929,1.2693,1.4637,1.1557,1.1435,0.3231,1.195,1.6485,0.9563,1.0975,0.514,0.3992,False
SYN-SUBJ-018,SYN-SUBJ-018-SESS-1,6,RECALL,synthetic,0.9489,1.3171,1.5249,1.2089,0.5593,1.1074,1.1613,0.9452,0.6984,0.2729,0.9939,0.7044,1.4498,1.3141,1.0171,1.0388,0.9242,1.6972,1.1645,0.4979,0.6644,False
SYN-SUBJ-018,SYN-SUBJ-018-SESS-1,7,ENCODING,synthetic,0.7458,1.2397,0.9096,0.9063,0.2092,1.115,1.4451,0.7495,0.9902,0.3428,1.2156,1.3966,0.6923,1.3272,0.7207,0.4104,1.4002,1.5171,0.7754,0.8741,0.5524,False
SYN-SUBJ-018,SYN-SUBJ-018-SESS-1,8,ENCODING,synthetic,0.9787,1.7341,0.6116,1.1681,0.5775,1.112,2.198,0.7264,1.2294,0.5294,0.7969,1.6915,1.2641,0.9831,0.5799,0.9614,1.7323,1.2614,0.9007,0.496,0.3412,False
SYN-SUBJ-018,SYN-SUBJ-018-SESS-1,9,RECALL,synthetic,0.8019,1.0889,1.4812,1.0632,0.0,0.7097,1.2129,1.9413,0.6523,0.2974,0.8598,0.886,1.2876,0.5143,0.4647,0.6313,1.2095,1.4883,0.9006,0.633,0.9502,False
SYN-SUBJ-018,SYN-SUBJ-018-SESS-1,10,RECALL,synthetic,0.9393,1.1356,1.3469,0.8752,0.3698,0.4612,1.1652,1.4723,0.8599,0.1697,0.7644,0.813,0.9273,1.137,0.4028,1.2534,1.2145,1.2357,0.7692,0.6438,0.8399,False
SYN-SUBJ-018,SYN-SUBJ-018-SESS-1,11,ENCODING,synthetic,3.073,4.3165,4.956,4.3185,3.0026,3.005,4.6969,2.9281,4.1125,2.5143,3.7424,5.0535,3.1408,3.9956,3.7621,3.3748,3.2685,3.2134,4.4007,2.8781,3.064,True
SYN-SUBJ-018,SYN-SUBJ-018-SESS-1,12,RECALL,synthetic,1.3119,0.7243,1.6924,1.3318,0.7112,1.0337,0.798,1.3634,0.8978,0.5431,0.6741,0.7808,1.673,0.9177,0.2751,1.1743,0.8846,1.5755,0.9062,0.5251,0.9346,False
SYN-SUBJ-018,SYN-SUBJ-018-SESS-1,13,RECALL,synthetic,0.9005,0.966,1.8275,1.2757,0.7214,1.2861,0.8044,1.5659,0.527,0.8406,1.2944,0.7522,2.0606,1.0884,0.3159,0.9522,1.2529,1.5378,1.0539,0.697,0.7879,False
SYN-SUBJ-018,SYN-SUBJ-018-SESS-1,14,ENCODING,synthetic,1.1455,1.0499,1.3231,1.1315,0.4306,1.0701,1.1647,0.5257,0.9866,0.6719,0.9778,1.6567,0.8539,1.5999,0.1813,1.1002,1.9057,1.0442,0.8514,0.6143,0.9457,False
SYN-SUBJ-018,SYN-SUBJ-018-SESS-1,15,ENCODING,synthetic,1.3089,1.8713,1.0779,0.8965,0.2468,0.8876,1.6591,0.8197,1.1898,0.681,1.1088,1.4967,0.5587,1.1453,0.5131,1.1443,1.3222,1.4074,0.8727,0.4973,0.3568,False
SYN-SUBJ-018,SYN-SUBJ-018-SESS-1,16,ENCODING,synthetic,0.8074,1.4173,1.1666,0.8806,0.5089,1.2559,1.6691,0.9151,0.7642,0.7694,0.8364,1.6657,0.9543,0.9837,0.7412,0.8983,1.3189,0.5963,1.2921,0.4182,0.1515,False
SYN-SUBJ-018,SYN-SUBJ-018-SESS-1,17,ENCODING,synthetic,1.1357,1.6472,0.9924,0.6662,0.7938,0.9362,1.2556,0.7279,1.0367,0.3675,0.8364,1.6555,1.0635,0.4063,0.4711,1.0493,1.7982,1.2452,1.3119,1.0761,0.4672,False
SYN-SUBJ-018,SYN-SUBJ-018-SESS-1,18,ENCODING,synthetic,3.7469,4.0672,5.3793,4.1173,3.7473,3.6611,3.9576,4.151,3.3061,3.0972,3.1272,4.944,3.5426,4.2986,2.641,3.9386,5.3384,2.683,4.5237,4.4933,4.4011,True
SYN-SUBJ-018,SYN-SUBJ-018-SESS-1,19,ENCODING,synthetic,1.5762,1.7174,1.1409,1.3831,0.5502,1.3208,1.6493,0.8649,1.1243,0.2418,0.871,1.6713,1.1957,0.6309,0.3872,0.6647,1.8541,1.3176,0.968,0.4824,0.0155,False
SYN-SUBJ-018,SYN-SUBJ-018-SESS-1,20,NEITHER,synthetic,1.2698,0.922,0.8019,1.0563,0.7079,1.1106,0.6438,0.7647,1.0487,0.2767,1.1056,1.1647,0.7039,1.0691,0.6626,1.1823,0.9855,1.3197,0.8632,1.0562,0.9513,False
SYN-SUBJ-018,SYN-SUBJ-018-SESS-1,21,NEITHER,synthetic,1.0341,0.9461,1.0468,1.1539,0.9228,0.6194,1.3057,0.9755,0.9991,0.3657,0.9502,0.8158,0.6706,1.1559,0.3384,1.1091,1.0559,1.0483,1.3002,0.5842,0.6027,False
SYN-SUBJ-018,SYN-SUBJ-018-SESS-1,22,RECALL,synthetic,1.367,0.7496,1.4828,1.3753,0.2062,0.916,0.938,1.5323,0.987,0.9991,1.5254,1.2731,1.6672,0.6305,0.2791,1.0956,1.1511,1.778,1.1485,0.6662,0.4111,False
SYN-SUBJ-018,SYN-SUBJ-018-SESS-1,23,ENCODING,synthetic,0.8374,1.8328,1.1863,1.3574,0.3139,0.8009,0.9952,0.871,0.9863,0.809,1.2125,1.2865,1.4085,1.3506,0.478,1.0607,1.7453,0.6703,0.8039,0.4403,0.2637,False
SYN-SUBJ-018,SYN-SUBJ-018-SESS-1,24,NEITHER,synthetic,1.4382,0.5063,1.2236,1.1971,0.6176,0.7355,0.72,1.3388,1.3809,0.2534,1.0139,0.7903,0.5872,0.7598,0.7064,0.9969,0.6788,0.7007,1.4191,0.4522,0.2194,False
SYN-SUBJ-018,SYN-SUBJ-018-SESS-1,25,ENCODING,synthetic,0.883,1.5599,0.8518,0.7596,0.8295,1.0182,1.5011,1.1386,1.272,0.7505,1.061,1.6969,0.7432,0.695,0.4739,1.1449,1.5177,1.0487,1.2976,0.3253,0.1496,False
SYN-SUBJ-018,SYN-SUBJ-018-SESS-1,26,RECALL,synthetic,1.4656,1.4895,1.6917,1.2785,0.4859,0.9942,0.7341,1.2797,0.8982,0.6098,1.2624,0.8389,1.5071,1.3595,0.1816,0.9927,0.8535,1.6943,1.0017,0.2027,0.7451,False
SYN-SUBJ-018,SYN-SUBJ-018-SESS-1,27,NEITHER,synthetic,1.1381,1.0345,0.9094,1.3547,0.1886,0.9808,0.8617,1.6408,1.3838,0.3427,1.0192,0.9122,1.0398,0.753,0.5163,0.9417,0.8525,0.8564,1.0017,0.4871,0.7858,False
SYN-SUBJ-018,SYN-SUBJ-018-SESS-1,28,RECALL,synthetic,0.8986,1.1686,1.5171,0.5482,0.3541,1.4347,1.0508,1.5927,0.9481,0.4097,0.6549,1.0955,1.3422,1.189,0.0,1.2408,0.6359,1.5591,0.8204,0.5789,0.8812,False
SYN-SUBJ-018,SYN-SUBJ-018-SESS-1,29,NEITHER,synthetic,1.0502,1.4378,1.1533,1.2916,0.6593,1.1943,1.2432,0.8446,1.0271,0.2348,1.0847,1.1467,1.5784,0.9971,0.2872,1.1795,0.7626,0.8577,0.7394,0.8289,0.014,False
SYN-SUBJ-018,SYN-SUBJ-018-SESS-1,30,RECALL,synthetic,1.0464,0.9741,1.1542,0.9207,0.8894,1.2907,0.7127,1.2808,0.8269,0.5287,0.8604,1.0165,2.1543,0.369,0.116,1.1147,1.2812,1.8623,0.5104,0.5748,0.4606,False
SYN-SUBJ-018,SYN-SUBJ-018-SESS-1,31,NEITHER,synthetic,1.491,0.6499,0.9163,1.0453,0.3808,0.8337,0.905,1.3506,0.8742,0.5529,1.184,1.1795,1.354,0.6431,0.0,1.147,0.4652,1.304,1.0173,0.7645,0.4437,False
SYN-SUBJ-018,SYN-SUBJ-018-SESS-1,32,ENCODING,synthetic,1.3752,1.4971,0.8279,0.953,0.5905,0.7163,1.3887,1.0931,0.5945,0.1574,1.1517,1.5697,1.022,0.9887,0.122,1.1019,1.3965,0.7069,1.0006,0.316,0.5114,False
SYN-SUBJ-018,SYN-SUBJ-018-SESS-1,33,NEITHER,synthetic,3.6262,2.8105,3.2589,3.8418,1.96,4.9967,2.5968,4.9744,3.652,3.4906,4.7643,2.992,5.093,4.4817,1.9256,4.0071,3.8533,2.9879,3.5979,3.843,3.3356,True
SYN-SUBJ-018,SYN-SUBJ-018-SESS-1,34,ENCODING,synthetic,1.3296,1.6877,0.9739,1.1122,0.1721,1.273,1.8394,1.1244,0.3822,0.6392,0.8449,1.7452,0.972,1.3024,0.1254,1.1108,1.5404,1.0485,1.2401,0.8099,0.2964,False
SYN-SUBJ-018,SYN-SUBJ-018-SESS-1,35,RECALL,synthetic,0.812,0.9782,1.4481,0.7702,0.4572,0.804,1.3068,1.3613,0.9448,0.4746,1.1686,0.7136,1.0027,0.8353,0.0,1.587,0.6556,1.6225,1.1059,0.859,0.4085,False
SYN-SUBJ-018,SYN-SUBJ-018-SESS-1,36,NEITHER,synthetic,1.1664,0.9841,1.1324,1.1047,0.7361,1.0443,1.2297,0.7443,1.143,0.3356,0.9824,1.4117,0.8015,0.5594,0.5733,1.0131,0.7854,1.7595,0.6061,0.6821,0.5488,False
SYN-SUBJ-018,SYN-SUBJ-018-SESS-1,37,RECALL,synthetic,0.7675,1.2309,1.1625,0.9573,0.2397,0.502,1.2884,1.3883,1.135,0.0,0.5234,0.9516,1.4931,1.0565,0.6878,0.6919,1.1382,1.4254,1.2285,0.4501,0.0004,False
SYN-SUBJ-018,SYN-SUBJ-018-SESS-1,38,RECALL,synthetic,1.4782,0.6646,1.2749,1.1027,0.6405,0.7492,0.9755,1.5556,1.4998,0.5581,0.98,1.3027,1.7142,0.8496,0.4601,0.8105,0.7366,1.4411,0.5998,0.5587,0.0292,False
SYN-SUBJ-018,SYN-SUBJ-018-SESS-1,39,RECALL,synthetic,0.9671,0.8401,1.3358,1.1126,0.4012,1.0766,1.2526,1.7905,1.2836,0.9114,1.2133,1.1077,1.5503,1.3577,0.0215,1.0654,0.4316,1.5274,0.2255,0.3191,0.0592,False
SYN-SUBJ-018,SYN-SUBJ-018-SESS-1,40,RECALL,synthetic,1.0827,1.0597,1.4781,1.4032,0.4106,1.4109,1.2102,1.8437,1.1028,0.6553,0.8983,1.4419,1.6008,0.6937,0.4752,0.5968,0.7538,1.6632,1.0691,0.6551,0.3546,False
SYN-SUBJ-018,SYN-SUBJ-018-SESS-1,41,ENCODING,synthetic,1.2626,1.6313,1.2533,1.2133,0.1987,1.4899,1.4542,1.0232,1.1384,0.8547,0.7397,1.273,1.004,1.3497,0.8909,1.2354,1.815,1.3147,0.914,0.5056,0.3225,False
SYN-SUBJ-018,SYN-SUBJ-018-SESS-1,42,ENCODING,synthetic,1.457,1.64,1.0237,1.2453,0.3218,0.9139,2.4897,0.8153,0.8149,0.7128,1.0707,2.0351,1.53,1.0684,0.8265,0.6024,1.7049,0.9278,0.7355,0.7898,0.7261,False
SYN-SUBJ-018,SYN-SUBJ-018-SESS-1,43,ENCODING,synthetic,0.9035,1.3211,0.649,1.1044,0.3043,1.1232,1.783,0.8604,1.0967,0.6883,0.7866,1.6058,1.5875,1.3893,0.6044,0.9835,1.7126,0.7732,0.6022,0.6181,0.6522,False
SYN-SUBJ-018,SYN-SUBJ-018-SESS-1,44,RECALL,synthetic,1.1661,0.9523,1.4382,1.0935,0.5887,0.6522,0.9415,1.6741,1.109,0.501,0.8796,1.1501,1.6727,1.3494,0.617,0.69,0.9943,1.4784,0.7928,0.4234,0.8262,False
SYN-SUBJ-018,SYN-SUBJ-018-SESS-1,45,NEITHER,synthetic,1.2178,1.0657,1.0185,0.9737,0.8814,0.819,0.7806,1.0263,0.7249,0.3704,1.1415,0.8698,1.1313,0.8215,0.8706,0.8643,1.0652,1.1777,1.2526,0.429,0.9241,False
SYN-SUBJ-018,SYN-SUBJ-018-SESS-1,46,RECALL,synthetic,3.7601,4.2493,3.5134,4.6469,2.7775,2.5552,2.6026,4.2873,4.8123,4.3584,5.0752,2.5927,3.411,2.9966,4.0693,5.1051,4.3309,4.2986,4.6318,2.2144,5.9426,True
SYN-SUBJ-018,SYN-SUBJ-018-SESS-1,47,NEITHER,synthetic,1.0757,1.0245,1.0515,0.904,0.8383,0.8203,1.2237,1.202,1.342,0.4926,1.0533,1.0715,1.0958,1.1041,0.6207,0.851,0.9025,1.025,1.0489,0.686,0.8648,False
SYN-SUBJ-018,SYN-SUBJ-018-SESS-1,48,ENCODING,synthetic,0.9032,1.374,0.93,0.7116,0.582,1.0288,1.7168,0.8619,0.3797,0.5415,1.0566,1.5473,0.8284,0.6437,0.5151,0.9267,1.6595,0.8195,1.0647,0.0,0.5923,False
SYN-SUBJ-018,SYN-SUBJ-018-SESS-1,49,ENCODING,synthetic,1.0085,1.7614,0.8256,1.1985,0.4057,0.9206,1.7704,0.8516,1.3223,0.3316,0.845,1.5527,1.1078,0.9321,0.752,1.1741,1.6612,0.4748,1.0223,0.5662,0.5127,False
SYN-SUBJ-018,SYN-SUBJ-018-SESS-1,50,NEITHER,synthetic,1.7193,0.9675,0.7379,0.9891,0.6248,1.197,0.9247,1.234,1.3409,0.5596,0.9469,1.1635,0.8173,1.1546,0.9068,0.8575,1.2504,0.9523,0.8943,1.1035,0.5292,False
SYN-SUBJ-018,SYN-SUBJ-018-SESS-1,51,ENCODING,synthetic,0.8295,1.667,1.217,0.9521,0.6928,1.2191,1.6088,0.9023,0.6529,0.8329,0.9337,1.4397,1.2379,1.3195,0.0369,0.6028,1.6646,1.2585,0.7757,0.1978,0.5484,False
SYN-SUBJ-018,SYN-SUBJ-018-SESS-1,52,RECALL,synthetic,3.1374,4.7986,3.4226,3.599,2.2799,4.9294,3.2662,4.4493,3.6188,4.2008,2.8739,3.9011,3.3113,3.6595,2.544,3.1383,4.0476,5.4267,4.8128,3.1481,5.5309,True
SYN-SUBJ-018,SYN-SUBJ-018-SESS-1,53,RECALL,synthetic,1.3211,0.3573,1.5279,1.1913,0.2346,0.9839,1.2254,1.4259,1.2482,0.5686,1.1626,1.6467,1.8586,1.1715,0.4875,0.8775,0.639,1.4368,0.6875,0.9766,0.0407,False
SYN-SUBJ-018,SYN-SUBJ-018-SESS-1,54,NEITHER,synthetic,1.4339,1.145,1.375,1.3078,0.4342,1.4622,0.6078,0.9741,0.5635,0.0914,0.8408,0.5074,0.9482,0.8853,0.204,1.4944,0.7422,0.9094,0.7562,0.3001,0.6608,False
SYN-SUBJ-018,SYN-SUBJ-018-SESS-1,55,RECALL,synthetic,1.174,1.2601,0.9704,0.9408,0.5255,0.8274,0.9519,1.138,0.9248,0.0596,1.0261,0.9402,1.4527,1.1106,0.3355,0.8933,1.1279,1.3328,0.8848,0.7929,0.5212,False
SYN-SUBJ-018,SYN-SUBJ-018-SESS-1,56,RECALL,synthetic,0.9301,0.797,1.48,0.6152,0.2469,1.0972,0.8773,1.2964,1.2226,0.9662,1.2972,1.0473,1.1323,0.8616,0.6487,0.5715,1.2592,1.6543,1.0344,0.5231,0.1117,False
SYN-SUBJ-018,SYN-SUBJ-018-SESS-1,57,NEITHER,synthetic,1.1464,0.7742,1.2121,1.2082,0.358,1.1631,0.7593,0.7788,0.9891,0.3458,1.1755,0.8013,1.2887,1.3263,0.7126,1.39,0.711,1.5213,0.7337,0.623,0.7913,False
SYN-SUBJ-018,SYN-SUBJ-018-SESS-1,58,ENCODING,synthetic,1.0797,1.6423,1.2883,1.001,0.4798,0.9802,2.026,1.0373,1.0234,0.8416,1.0879,1.8171,1.452,1.2715,0.2844,1.0637,1.8102,0.8355,0.8968,0.792,0.3591,False
SYN-SUBJ-018,SYN-SUBJ-018-SESS-1,59,RECALL,synthetic,0.9113,0.7979,1.7091,0.9958,0.3908,0.6692,1.0237,1.7141,1.1008,0.5181,1.1534,0.8552,1.6781,1.0273,0.6681,1.0615,1.1821,1.6813,0.7429,0.2295,0.0252,False
SYN-SUBJ-019,SYN-SUBJ-019-SESS-0,0,ENCODING,synthetic,0.946,1.6056,0.9525,0.8196,0.5569,1.0756,1.5342,0.6299,0.4569,0.6779,0.6386,1.7057,1.1485,0.828,0.1623,0.9059,1.802,1.1021,0.7931,0.5605,0.0935,False
SYN-SUBJ-019,SYN-SUBJ-019-SESS-0,1,NEITHER,synthetic,0.9163,0.6842,1.1556,0.6625,0.7168,1.0542,0.8553,1.2362,1.4079,0.0,0.4744,0.9376,1.0874,0.5668,0.4535,1.1428,0.5443,1.0063,0.6633,0.3369,0.5882,False
SYN-SUBJ-019,SYN-SUBJ-019-SESS-0,2,NEITHER,synthetic,1.144,0.672,0.9977,0.9352,0.6367,0.5957,0.82,0.7491,1.0259,0.2224,0.7445,1.2071,0.8745,0.8502,0.0,0.9786,0.9975,1.3813,0.6279,0.1859,0.0464,False
SYN-SUBJ-019,SYN-SUBJ-019-SESS-0,3,NEITHER,synthetic,0.8467,1.0204,0.672,0.7399,0.4184,0.9422,0.6062,0.6373,0.8946,0.5818,0.7088,1.3088,1.1976,0.5575,0.3159,1.0564,0.857,1.1358,0.8026,0.4776,0.0986,False
SYN-SUBJ-019,SYN-SUBJ-019-SESS-0,4,ENCODING,synthetic,2.8057,3.0262,3.4492,4.0262,1.8585,3.104,4.406,2.9446,2.4856,2.2236,3.0925,4.3904,4.1318,3.6588,1.9848,2.3423,2.8098,4.664,3.2653,2.4829,4.1444,True
SYN-SUBJ-019,SYN-SUBJ-019-SESS-0,5,RECALL,synthetic,0.6621,0.855,1.2652,1.4698,0.1206,0.9701,0.8327,1.5959,0.7991,0.8357,0.6148,1.1272,1.6394,0.8675,0.7675,0.7324,0.9018,1.457,0.4888,0.9806,0.841,False
SYN-SUBJ-019,SYN-SUBJ-019-SESS-0,6,RECALL,synthetic,0.7663,0.904,1.576,0.5172,0.5924,0.9806,1.3901,1.2787,0.655,0.6529,1.2677,0.6773,1.5652,1.1219,0.3692,0.9693,0.8867,1.4502,1.2498,0.6994,0.304,False
SYN-SUBJ-019,SYN-SUBJ-019-SESS-0,7,RECALL,synthetic,1.221,1.4245,1.4215,0.7509,0.8026,0.7664,0.9377,1.1562,1.1736,0.2628,0.8102,0.6593,1.038,1.164,0.4519,0.791,0.64,0.9986,0.8654,0.4056,0.519,False
SYN-SUBJ-019,SYN-SUBJ-019-SESS-0,8,NEITHER,synthetic,0.829,0.4196,0.6955,0.5764,0.3755,0.8209,1.1481,0.8397,0.5827,0.1138,0.7584,0.5542,1.0908,0.6039,0.0,0.6292,0.5036,1.0532,0.8094,0.201,0.1053,False
SYN-SUBJ-019,SYN-SUBJ-019-SESS-0,9,RECALL,synthetic,3.8402,3.7566,4.3311,5.169,2.3906,4.9055,3.7352,5.1502,3.3225,2.8878,2.3906,4.4689,3.7043,3.6404,1.814,4.5862,4.411,3.5576,3.6228,3.3678,3.6898,True
SYN-SUBJ-019,SYN-SUBJ-019-SESS-0,10,ENCODING,synthetic,0.8048,1.3902,0.6835,0.4843,0.0,0.8993,1.2708,0.8822,1.1888,0.346,0.7041,1.8191,0.6786,0.7016,0.164,0.9976,1.2605,0.5454,0.71,0.5182,0.0243,False
SYN-SUBJ-019,SYN-SUBJ-019-SESS-0,11,ENCODING,synthetic,4.2329,5.216,3.7774,4.0222,2.7674,5.0171,4.6361,2.9252,3.8545,2.6165,4.329,5.2372,3.812,3.4272,4.5753,2.3415,4.2714,3.2257,3.8944,3.8766,5.5685,True
SYN-SUBJ-019,SYN-SUBJ-019-SESS-0,12,NEITHER,synthetic,1.068,1.1228,0.9932,1.0657,0.7851,0.7324,0.8287,0.7062,0.7572,0.426,1.1921,0.8808,0.9729,0.7388,0.3414,0.741,1.0127,0.4464,1.113,0.4324,0.3686,False
SYN-SUBJ-019,SYN-SUBJ-019-SESS-0,13,RECALL,synthetic,0.7268,0.6794,1.2162,0.7885,0.6443,0.8982,0.7273,1.1251,0.8453,1.0815,1.1152,0.395,1.7744,0.7329,0.3473,0.8672,0.4936,1.6403,0.592,0.2522,0.8553,False
SYN-SUBJ-019,SYN-SUBJ-019-SESS-0,14,ENCODING,synthetic,0.6401,1.3454,0.9944,1.0391,0.0416,0.9854,1.7554,1.037,1.3629,0.6029,0.9884,1.3443,0.7643,0.5841,0.4321,0.8445,1.4783,0.5974,1.2536,0.3733,0.5306,False
SYN-SUBJ-019,SYN-SUBJ-019-SESS-0,15,NEITHER,synthetic,0.9542,1.0208,0.345,1.067,0.3749,0.8519,0.3966,0.6771,0.3779,0.444,0.8084,1.0084,0.8557,0.4892,0.5728,0.8498,1.3533,1.165,1.0984,0.6023,0.8113,False
SYN-SUBJ-019,SYN-SUBJ-019-SESS-0,16,ENCODING,synthetic,4.0582,3.8777,5.1921,3.2944,2.3029,2.0282,4.5517,3.5622,3.1886,2.7836,3.3955,4.3733,2.3082,3.1411,4.0739,4.3328,4.0619,4.8055,3.2878,4.2589,2.8389,True
SYN-SUBJ-019,SYN-SUBJ-019-SESS-0,17,RECALL,synthetic,0.5012,0.7457,1.2593,1.2175,0.3428,1.3837,0.9427,1.5041,0.2241,0.2157,0.8581,1.3299,1.625,0.8829,0.4769,0.8419,0.7109,0.9151,0.7812,0.0953,0.1387,False
SYN-SUBJ-019,SYN-SUBJ-019-SESS-0,18,RECALL,synthetic,0.356,0.7231,1.3447,0.9486,0.6357,0.8445,0.9924,1.442,0.8109,0.4559,0.8062,0.8979,1.7318,1.1346,0.3071,1.3524,1.1085,1.5794,1.076,0.522,0.4563,False
SYN-SUBJ-019,SYN-SUBJ-019-SESS-0,19,ENCODING,synthetic,1.4526,1.5543,0.577,1.0826,0.3221,0.6177,1.5715,1.0902,0.8486,0.5259,0.9467,1.4786,1.018,1.2811,0.4301,0.897,1.299,0.7591,0.9432,0.6929,0.747,False
SYN-SUBJ-019,SYN-SUBJ-019-SESS-0,20,RECALL,synthetic,3.5484,3.568,4.049,2.9397,2.6995,4.7974,3.9582,4.6708,4.2451,2.169,3.5273,2.3029,4.1568,3.7614,2.8722,3.5156,3.909,3.644,2.5406,3.476,5.2068,True
SYN-SUBJ-019,SYN-SUBJ-019-SESS-0,21,ENCODING,synthetic,0.6298,1.0723,0.4872,0.6007,0.4553,0.8749,1.2936,0.85,0.7277,0.3095,1.1811,1.7426,0.8497,0.7321,0.1108,0.8867,1.7684,0.6515,0.7507,0.3146,0.1278,False
SYN-SUBJ-019,SYN-SUBJ-019-SESS-0,22,NEITHER,synthetic,0.9139,0.7655,0.8362,0.665,0.4245,0.6744,0.2553,0.8657,0.4507,0.168,0.8528,1.0655,0.5834,0.536,0.6843,0.6299,0.729,1.0315,1.0214,0.2817,0.4811,False
SYN-SUBJ-019,SYN-SUBJ-019-SESS-0,23,NEITHER,synthetic,2.8238,3.1053,2.8913,4.2993,3.2823,2.8202,2.8766,4.1515,3.2212,2.5148,3.0281,3.5955,4.5743,4.3917,2.2777,4.3548,4.2623,4.4495,4.1106,3.8016,3.5042,True
SYN-SUBJ-019,SYN-SUBJ-019-SESS-0,24,NEITHER,synthetic,0.8309,0.9744,1.1936,0.9029,0.585,1.4305,0.9489,0.8915,0.9328,0.2736,0.6333,0.6528,0.782,0.9159,0.2819,1.1876,0.7063,1.2019,0.695,0.3283,0.4127,False
SYN-SUBJ-019,SYN-SUBJ-019-SESS-0,25,ENCODING,synthetic,0.812,1.4395,0.5412,1.5582,0.4095,1.0574,1.5487,0.8781,0.4571,0.8817,0.7961,1.4227,1.027,0.7994,0.1292,1.353,1.3503,0.9927,0.6882,0.4552,0.1258,False
SYN-SUBJ-019,SYN-SUBJ-019-SESS-0,26,NEITHER,synthetic,0.6728,1.4974,1.1425,1.2417,0.2067,0.5932,0.8541,0.8603,1.0293,0.7821,1.1276,1.2018,0.9915,0.6673,0.5682,0.7442,0.4532,0.5061,0.577,0.6875,0.913,False
SYN-SUBJ-019,SYN-SUBJ-019-SESS-0,27,ENCODING,synthetic,0.6222,1.5685,0.5817,1.3355,0.4642,1.3153,1.5478,0.9413,0.6099,0.0309,0.9582,1.7719,0.8011,0.7439,0.1791,1.1146,1.0619,1.178,0.8182,0.8347,0.7087,False
SYN-SUBJ-019,SYN-SUBJ-019-SESS-0,28,ENCODING,synthetic,0.9228,1.549,0.7846,0.9174,0.7424,0.2334,1.5352,0.9317,1.1957,0.0,1.0744,1.3158,0.7132,0.8709,0.5877,1.0631,1.3169,0.8906,0.6478,0.5916,0.764,False
SYN-SUBJ-019,SYN-SUBJ-019-SESS-0,29,RECALL,synthetic,1.0263,0.6914,1.1337,0.6275,0.529,0.7907,0.9072,1.4825,1.2035,0.6724,0.9049,0.7778,1.2842,0.3821,0.2986,1.0478,0.747,1.1582,0.5114,0.6727,0.1113,False
SYN-SUBJ-019,SYN-SUBJ-019-SESS-0,30,ENCODING,synthetic,1.0988,0.8383,1.0277,0.9543,0.289,1.3588,1.7146,0.8919,1.4063,0.6511,0.7627,1.5291,1.0253,1.0378,0.5693,0.8512,1.2891,0.8009,0.7014,0.4222,0.2001,False
SYN-SUBJ-019,SYN-SUBJ-019-SESS-0,31,ENCODING,synthetic,2.8404,4.7977,3.987,4.8759,4.2155,3.1358,3.7163,3.2408,4.6729,2.6241,3.7435,5.0998,2.9706,2.6166,3.4006,3.8918,5.0206,2.4632,4.5269,3.1946,5.845,True
SYN-SUBJ-019,SYN-SUBJ-019-SESS-0,32,NEITHER,synthetic,0.5332,1.161,0.677,1.0356,0.5606,1.3876,0.9462,1.2001,0.7402,0.4582,0.6826,0.8471,0.6034,0.7926,0.3504,0.9201,0.7921,0.7315,0.7568,0.8413,0.3586,False
SYN-SUBJ-019,SYN-SUBJ-019-SESS-0,33,NEITHER,synthetic,0.63,0.6502,1.0132,1.0997,0.5946,1.2799,0.9461,0.3253,0.5767,0.3087,0.9296,0.3538,0.6332,1.1278,0.3843,0.8307,1.1698,0.975,0.6615,0.4165,0.4648,False
SYN-SUBJ-019,SYN-SUBJ-019-SESS-0,34,ENCODING,synthetic,0.7061,1.4243,0.7112,1.129,0.6871,0.7303,1.3464,0.7926,1.0047,0.2163,1.2277,1.8543,0.9088,0.6175,0.1965,0.851,1.1897,0.6871,0.9491,0.8325,0.9364,False
SYN-SUBJ-019,SYN-SUBJ-019-SESS-0,35,NEITHER,synthetic,0.7606,0.9574,0.5933,1.0163,0.5782,1.1479,0.6007,0.6753,0.4893,0.4415,0.5038,0.8643,0.7905,1.3043,0.4574,0.624,0.6766,0.4603,1.1047,0.0851,0.649,False
SYN-SUBJ-019,SYN-SUBJ-019-SESS-0,36,NEITHER,synthetic,1.0661,0.7204,0.6231,0.729,0.6056,0.4154,0.9795,0.8145,0.6379,0.119,0.6818,0.985,1.1246,0.7064,0.5011,0.8597,0.5467,0.8788,0.8205,0.0327,0.9517,False
SYN-SUBJ-019,SYN-SUBJ-019-SESS-0,37,ENCODING,synthetic,0.7663,1.4064,0.8278,0.6206,0.2693,1.1218,1.5294,0.9649,0.0374,0.1426,0.918,1.4131,0.935,0.4277,0.0043,0.9954,0.8549,0.6413,1.1542,0.5453,0.377,False
SYN-SUBJ-019,SYN-SUBJ-019-SESS-0,38,RECALL,synthetic,0.5731,1.2624,1.6158,1.1437,0.3592,1.0643,0.805,0.7552,1.2213,0.309,0.8088,0.8669,1.1485,1.1331,0.5,0.9541,0.3185,1.218,0.7558,0.32,0.1092,False
SYN-SUBJ-019,SYN-SUBJ-019-SESS-0,39,NEITHER,synthetic,1.2112,0.6299,0.7311,0.7055,0.1426,0.9536,0.5126,1.0551,0.8994,0.5963,0.9746,0.7293,0.8787,0.8157,0.0,0.9703,0.9661,1.1267,1.1425,0.6362,0.3628,False
SYN-SUBJ-019,SYN-SUBJ-019-SESS-0,40,RECALL,synthetic,1.0304,1.2425,1.7424,1.3049,0.465,1.3534,0.7842,1.4626,0.8958,0.7977,0.5979,0.6236,1.7157,0.8401,0.1994,1.1742,1.205,0.9505,1.2121,0.2786,0.7021,False
SYN-SUBJ-019,SYN-SUBJ-019-SESS-0,41,RECALL,synthetic,1.1021,0.9159,1.2283,0.807,0.4715,0.655,1.3909,1.5889,1.2185,0.3426,1.0842,0.2517,1.4071,0.6372,0.5669,0.5945,0.65,1.1847,1.1026,0.419,0.5853,False
SYN-SUBJ-019,SYN-SUBJ-019-SESS-0,42,NEITHER,synthetic,0.6657,0.7884,0.789,1.0578,0.4077,0.9278,0.6801,1.5307,0.8268,0.0986,1.0616,1.2633,0.9045,0.7536,0.0743,0.6539,1.1046,0.6498,0.6906,0.4303,0.3661,False
SYN-SUBJ-019,SYN-SUBJ-019-SESS-0,43,NEITHER,synthetic,1.2173,0.9327,0.8664,0.7291,0.7024,0.9804,0.5509,0.9947,1.0179,0.1891,1.3789,0.8406,0.6072,0.9077,0.7185,1.2534,0.7949,0.768,0.9483,0.2663,0.8756,False
SYN-SUBJ-019,SYN-SUBJ-019-SESS-0,44,NEITHER,synthetic,1.032,0.638,0.9861,0.4767,0.4262,1.0653,0.6861,0.8795,1.1266,0.396,0.8902,1.3636,0.5184,1.0417,0.6138,1.1215,0.75,0.9043,0.3069,0.5277,0.2578,False
SYN-SUBJ-019,SYN-SUBJ-019-SESS-0,45,ENCODING,synthetic,0.9605,1.4506,0.691,0.6869,0.2175,0.8241,1.1132,0.8542,0.7707,0.4511,0.9797,1.6359,0.8381,0.8875,0.4475,0.7941,1.509,0.3702,1.1678,0.2564,0.8042,False
SYN-SUBJ-019,SYN-SUBJ-019-SESS-0,46,RECALL,synthetic,2.5953,3.9475,3.8001,2.8781,3.7985,1.8765,2.9743,5.2397,2.4185,1.9604,4.5981,3.0408,4.2151,3.2569,4.1038,4.4972,2.4803,3.0143,4.5644,4.0641,5.9103,True
SYN-SUBJ-019,SYN-SUBJ-019-SESS-0,47,ENCODING,synthetic,0.9055,1.5612,0.5514,1.0106,0.0548,0.51,1.7918,1.1854,1.1228,0.7042,1.0002,1.3244,0.8915,0.7886,0.497,0.5734,1.909,0.951,0.7716,0.3818,0.7418,False
SYN-SUBJ-019,SYN-SUBJ-019-SESS-0,48,ENCODING,synthetic,1.1045,1.3971,0.8834,0.8331,0.7285,0.5073,1.4432,0.8931,1.0863,0.4445,1.1503,1.1928,0.8117,1.0963,0.523,0.9644,1.2793,0.8055,1.0635,0.0044,0.6594,False
SYN-SUBJ-019,SYN-SUBJ-019-SESS-0,49,NEITHER,synthetic,0.821,0.8839,0.9588,1.1573,0.0,0.7027,0.9334,1.0363,0.4766,0.485,1.0447,0.6688,0.6492,1.1693,0.4845,1.0417,0.8461,0.7797,0.9617,0.3273,0.8785,False
SYN-SUBJ-019,SYN-SUBJ-019-SESS-0,50,ENCODING,synthetic,0.8331,1.1485,1.0417,0.6933,0.1991,0.8263,1.6156,0.8182,0.8803,0.5384,1.2221,1.3864,0.5419,0.5756,0.1243,0.7963,1.415,0.6189,1.1561,0.1803,0.325,False
SYN-SUBJ-019,SYN-SUBJ-019-SESS-0,51,RECALL,synthetic,1.0246,0.65,1.8436,0.7504,0.6201,0.6287,0.4999,1.389,0.5785,0.5089,1.0192,1.1899,1.2112,0.7629,0.3504,1.3206,0.4613,0.8203,0.8641,0.5446,0.4629,False
SYN-SUBJ-019,SYN-SUBJ-019-SESS-0,52,NEITHER,synthetic,0.6348,1.3037,0.6797,0.8669,0.3175,0.7969,1.0254,0.4421,0.8985,0.6541,0.9569,0.7825,1.0847,0.8643,0.2007,1.0162,0.7301,0.5333,0.8051,0.2427,0.4219,False
SYN-SUBJ-019,SYN-SUBJ-019-SESS-0,53,ENCODING,synthetic,0.5988,1.4565,1.3846,0.0,0.4648,0.8887,1.7241,0.6848,0.7782,0.3028,0.7644,1.3287,0.7493,0.8481,0.6362,0.9451,1.1111,0.8501,0.7949,0.8031,0.2553,False
SYN-SUBJ-019,SYN-SUBJ-019-SESS-0,54,ENCODING,synthetic,0.9436,1.3577,0.7583,0.9442,0.9109,0.7776,1.8167,1.018,0.5598,0.918,1.1469,1.6371,0.6228,1.1594,0.4267,0.6226,1.7146,0.6877,0.9577,0.332,0.3414,False
SYN-SUBJ-019,SYN-SUBJ-019-SESS-0,55,ENCODING,synthetic,0.5243,1.6225,1.1951,0.5074,1.409,0.9145,1.1768,0.7901,1.1481,0.3234,0.5058,1.6655,1.0146,0.9847,0.4893,0.7785,1.5734,1.0857,1.1171,0.2753,0.5795,False
SYN-SUBJ-019,SYN-SUBJ-019-SESS-0,56,NEITHER,synthetic,1.2395,1.0675,0.6539,0.7783,0.2755,0.8477,1.4253,1.0307,0.9544,0.6353,1.2547,0.4139,1.068,0.6006,0.7669,0.8217,0.9214,1.4956,0.767,0.402,0.0094,False
SYN-SUBJ-019,SYN-SUBJ-019-SESS-0,57,ENCODING,synthetic,0.6779,1.8834,1.0153,0.1669,0.1394,1.3717,1.5125,1.0892,0.751,0.3361,1.24,1.4523,0.6395,0.6373,0.4183,0.8818,1.4265,1.3306,1.0645,0.1645,0.2273,False
SYN-SUBJ-019,SYN-SUBJ-019-SESS-0,58,RECALL,synthetic,1.0942,0.3276,0.7046,0.7782,0.8911,1.2694,1.1283,1.7007,0.8688,0.292,0.5601,1.1684,1.2774,0.6683,0.6952,0.8274,0.7264,1.535,0.662,0.0501,0.4632,False
SYN-SUBJ-019,SYN-SUBJ-019-SESS-0,59,ENCODING,synthetic,0.6094,1.7517,1.0842,0.7313,0.3156,0.62,1.4409,0.7402,0.7305,0.5117,0.8214,1.5083,0.9902,0.6076,0.6842,0.8846,0.8629,0.9871,1.0048,0.0,0.2093,False
SYN-SUBJ-019,SYN-SUBJ-019-SESS-1,0,ENCODING,synthetic,0.9776,1.567,0.4759,1.1442,0.897,0.7716,1.157,1.0028,0.7534,0.1516,0.6094,1.1903,0.6753,0.8971,0.0,0.7952,1.3579,0.708,0.6928,0.5031,0.6862,False
SYN-SUBJ-019,SYN-SUBJ-019-SESS-1,1,RECALL,synthetic,1.2339,0.8764,1.291,0.5104,0.6755,0.8645,0.7235,1.6282,0.5247,0.1007,0.879,1.0095,1.1034,0.6084,0.4389,0.7029,0.8122,0.809,0.8368,0.4763,0.605,False
SYN-SUBJ-019,SYN-SUBJ-019-SESS-1,2,ENCODING,synthetic,0.7125,1.0646,0.4328,1.1231,0.3671,0.6656,1.3034,0.9682,1.0029,0.2009,0.9293,0.8731,0.7326,1.3867,0.2256,0.9678,1.1425,1.0367,0.8235,0.1267,0.7538,False
SYN-SUBJ-019,SYN-SUBJ-019-SESS-1,3,ENCODING,synthetic,1.0364,1.5274,0.8279,0.8859,0.8815,0.7933,1.4568,0.9981,1.2381,0.7755,0.4155,1.6985,0.6784,1.0185,0.2345,0.6077,1.3623,0.5792,0.7155,0.6675,0.0064,False
SYN-SUBJ-019,SYN-SUBJ-019-SESS-1,4,ENCODING,synthetic,0.8131,1.3719,0.5749,0.8735,0.3313,0.8679,1.5436,0.683,1.1409,0.2832,0.9297,2.105,0.5139,0.7249,0.4665,0.768,1.2244,1.102,0.9564,0.0,0.9307,False
SYN-SUBJ-019,SYN-SUBJ-019-SESS-1,5,ENCODING,synthetic,0.6721,1.9251,0.7244,0.4548,0.4762,0.8518,1.439,0.9298,0.4362,0.2891,0.782,1.648,1.0587,0.9548,0.2979,0.9297,1.8199,0.6031,0.3245,0.0493,0.143,False
SYN-SUBJ-019,SYN-SUBJ-019-SESS-1,6,ENCODING,synthetic,1.0805,1.4083,0.6312,1.0298,0.0887,0.8462,1.3359,0.6405,0.8931,0.7561,0.8635,1.186,1.5242,0.2703,0.3957,0.6794,1.3443,0.6918,0.8635,0.4703,0.2188,False
SYN-SUBJ-019,SYN-SUBJ-019-SESS-1,7,NEITHER,synthetic,1.1477,1.05,0.7094,0.974,0.5017,0.7475,0.987,0.6922,1.0519,0.3328,0.7658,0.9623,0.4797,1.2744,0.0307,0.7176,0.8806,1.2842,0.7993,0.0,0.2396,False
SYN-SUBJ-019,SYN-SUBJ-019-SESS-1,8,RECALL,synthetic,1.4298,0.6993,1.1252,0.8701,0.3873,0.8595,1.0848,1.2556,0.9588,0.3853,0.5204,1.0213,1.4543,0.8344,0.1984,1.1129,1.0904,1.4702,0.7041,0.3389,0.1485,False
SYN-SUBJ-019,SYN-SUBJ-019-SESS-1,9,NEITHER,synthetic,0.481,1.6414,1.2997,0.8449,0.3554,0.9141,0.955,0.9143,0.634,0.3999,1.0377,0.9324,0.4626,0.9635,0.4749,1.2142,0.9104,0.9521,1.0545,0.6872,0.8271,False
SYN-SUBJ-019,SYN-SUBJ-019-SESS-1,10,RECALL,synthetic,1.4173,0.744,1.7356,0.7852,0.4313,0.9357,0.9278,1.2339,1.1182,0.7381,0.957,0.5307,1.4129,0.7024,0.3249,0.8826,0.8407,1.3053,0.8835,0.5164,0.9309,False
SYN-SUBJ-019,SYN-SUBJ-019-SESS-1,11,NEITHER,synthetic,0.3524,0.4834,0.6942,1.0852,0.0,1.0012,0.4577,1.3221,0.847,0.0,1.1805,0.6901,1.2005,0.9148,0.321,0.9968,0.2182,0.957,0.4712,1.0196,0.7443,False
SYN-SUBJ-019,SYN-SUBJ-019-SESS-1,12,ENCODING,synthetic,0.8534,1.6796,1.4829,1.2048,0.9136,0.6575,0.9505,0.8286,0.8634,0.5888,1.1811,1.9329,0.9672,0.6712,0.7063,0.7797,1.465,0.9988,0.0,0.3167,0.922,False
SYN-SUBJ-019,SYN-SUBJ-019-SESS-1,13,RECALL,synthetic,2.8996,3.4957,4.8394,3.353,2.3478,2.6687,5.0533,3.4507,3.2401,2.4752,4.6421,4.2423,3.289,4.6707,3.1826,3.8111,4.3946,2.9179,3.7392,2.4033,5.058,True
SYN-SUBJ-019,SYN-SUBJ-019-SESS-1,14,NEITHER,synthetic,0.399,0.6482,0.9608,1.196,0.4411,0.7248,0.9858,0.5494,0.636,0.12,1.2959,0.7054,0.8921,0.8232,0.7881,0.9168,0.9881,0.7874,0.5328,0.2268,0.6639,False
SYN-SUBJ-019,SYN-SUBJ-019-SESS-1,15,NEITHER,synthetic,0.681,0.814,0.932,1.0791,0.8234,0.8608,1.0875,0.7248,1.0575,0.3509,1.1472,0.7649,0.6496,0.7808,0.0,0.6659,0.5195,0.9787,0.9837,0.1277,0.0362,False
SYN-SUBJ-019,SYN-SUBJ-019-SESS-1,16,RECALL,synthetic,0.7273,0.8038,1.3287,1.0598,0.4603,1.0096,0.6868,1.6407,0.8082,0.0206,0.6485,1.073,1.7653,0.9406,0.4002,0.7122,0.8781,1.3092,0.9135,0.4264,0.4846,False
SYN-SUBJ-019,SYN-SUBJ-019-SESS-1,17,RECALL,synthetic,1.1574,1.2402,1.6746,1.3062,0.3413,1.1989,1.0755,1.4183,0.6212,0.5834,0.9427,0.4162,1.4431,0.7248,0.175,0.4985,0.6902,1.6691,0.6836,0.6029,0.4166,False
SYN-SUBJ-019,SYN-SUBJ-019-SESS-1,18,NEITHER,synthetic,0.9349,0.9213,0.874,1.0684,0.6776,0.4473,1.085,0.8188,0.5849,0.5229,0.9899,0.7618,0.8885,0.3249,0.441,1.0502,0.8339,0.7907,0.8229,0.2852,0.4739,False
SYN-SUBJ-019,SYN-SUBJ-019-SESS-1,19,NEITHER,synthetic,1.0792,0.2895,0.7752,1.2244,0.1376,1.064,0.8319,1.1991,0.5321,0.3169,1.077,0.7653,1.0754,1.07,0.2857,0.9443,1.271,0.4358,0.9562,0.5199,0.6405,False
SYN-SUBJ-019,SYN-SUBJ-019-SESS-1,20,NEITHER,synthetic,0.7032,1.0318,0.7514,1.0702,0.5549,1.2494,1.0069,0.1877,1.2388,0.423,0.8052,1.1288,0.9333,0.6811,0.0,0.8056,0.4888,0.7874,0.6972,0.0099,0.0663,False
SYN-SUBJ-019,SYN-SUBJ-019-SESS-1,21,ENCODING,synthetic,0.6855,1.8416,0.5858,0.9795,0.618,1.1341,1.5656,0.5458,0.7169,0.049,1.1494,1.2952,0.2815,0.9573,0.4135,1.3066,1.5124,1.0998,0.499,0.0395,0.035,False
SYN-SUBJ-019,SYN-SUBJ-019-SESS-1,22,RECALL,synthetic,0.3038,1.1035,1.4153,1.0746,0.7609,0.8855,0.658,1.4289,0.8376,0.422,0.743,0.5183,1.4209,1.0259,0.7957,0.7995,1.4905,0.6585,0.8533,0.0,0.4699,False
SYN-SUBJ-019,SYN-SUBJ-019-SESS-1,23,ENCODING,synthetic,0.6639,1.4866,1.2294,0.7313,0.9421,1.2671,1.2138,1.1942,1.0085,0.3873,1.2379,1.1814,1.0836,0.937,0.1519,0.8411,1.6374,0.6912,1.0095,0.2717,0.0837,False
SYN-SUBJ-019,SYN-SUBJ-019-SESS-1,24,RECALL,synthetic,0.9925,0.4,1.2114,0.7075,0.0,0.9322,0.8426,1.5047,1.3378,0.465,1.1458,1.1807,1.6271,1.0278,0.1362,1.0564,0.6217,1.417,0.8662,0.2927,0.7805,False
SYN-SUBJ-019,SYN-SUBJ-019-SESS-1,25,NEITHER,synthetic,3.0509,2.8282,3.5336,4.5048,3.9046,4.4306,4.5678,3.5582,3.3654,2.154,2.7431,3.9495,3.9847,3.7991,3.3531,3.9804,4.6993,4.6489,3.0861,3.8714,5.2728,True
SYN-SUBJ-019,SYN-SUBJ-019-SESS-1,26,ENCODING,synthetic,1.2534,1.3178,0.7309,0.7747,0.6273,0.6146,1.4233,0.8359,1.0381,0.4543,0.6033,1.6074,0.7072,0.5027,0.2722,1.0426,1.5131,0.7287,0.9054,0.5536,0.6834,False
SYN-SUBJ-019,SYN-SUBJ-019-SESS-1,27,RECALL,synthetic,0.8544,0.8213,1.2866,0.6988,0.1996,0.3379,0.3463,1.2334,1.0862,0.4955,0.9332,1.0452,0.8933,0.6688,0.6167,0.8198,1.076,1.5828,0.4679,0.4952,0.9425,False
SYN-SUBJ-019,SYN-SUBJ-019-SESS-1,28,NEITHER,synthetic,0.7617,1.3383,0.8504,0.9613,0.9829,0.8841,0.7395,0.5686,0.6145,0.2063,0.741,1.0907,1.2462,0.8804,0.1536,1.0144,0.7356,0.66,0.7114,0.4296,0.5815,False
SYN-SUBJ-019,SYN-SUBJ-019-SESS-1,29,NEITHER,synthetic,1.2011,0.6968,0.991,1.2048,0.7946,0.9563,1.0438,0.6355,0.7973,0.3609,1.0396,0.6361,0.7382,0.5901,0.2405,0.7768,1.2343,0.9072,0.83,0.0729,0.2345,False
SYN-SUBJ-019,SYN-SUBJ-019-SESS-1,30,NEITHER,synthetic,0.9064,0.887,1.0036,0.7786,0.5168,0.7301,0.707,0.8623,0.5283,0.0889,1.2535,1.3972,0.5574,1.1683,0.0,0.9277,1.0997,0.7545,1.1722,0.1033,0.8397,False
SYN-SUBJ-019,SYN-SUBJ-019-SESS-1,31,ENCODING,synthetic,1.0619,1.3562,0.6296,1.1401,0.0725,0.9339,1.1051,0.8221,0.5511,0.3679,0.8893,1.4371,0.9861,0.6573,0.2301,1.1187,1.4948,0.9241,0.5517,0.3023,0.1492,False
SYN-SUBJ-019,SYN-SUBJ-019-SESS-1,32,RECALL,synthetic,0.9195,1.1395,2.0196,0.7676,0.6909,0.5028,0.7893,1.7363,0.8221,0.2954,1.2633,1.2523,0.8258,1.0046,0.1863,0.5809,0.3802,1.2588,1.0723,0.0,0.7941,False
SYN-SUBJ-019,SYN-SUBJ-019-SESS-1,33,RECALL,synthetic,0.6153,1.0108,0.8534,0.7748,0.3982,1.1479,0.9349,1.2687,0.9051,0.3543,1.1732,1.2235,1.2355,1.1656,0.0,0.7137,0.8569,1.3926,0.9921,0.2966,0.496,False
SYN-SUBJ-019,SYN-SUBJ-019-SESS-1,34,ENCODING,synthetic,0.3323,0.8127,1.2463,1.0894,0.3482,0.7083,0.9587,0.7571,1.1585,0.4831,1.25,1.4942,0.7113,1.7675,0.2068,0.79,1.6972,0.8033,0.6903,0.5698,0.5867,False
SYN-SUBJ-019,SYN-SUBJ-019-SESS-1,35,ENCODING,synthetic,0.8898,1.4469,0.7178,0.4944,0.4571,0.9668,1.6164,0.7379,0.9453,0.0433,0.9356,1.8149,0.8719,0.866,0.1177,1.1344,1.268,0.8875,0.6444,0.2481,0.0018,False
SYN-SUBJ-019,SYN-SUBJ-019-SESS-1,36,RECALL,synthetic,1.2593,1.1475,1.4956,0.8441,0.4695,0.985,1.1526,1.6119,1.1504,0.0664,0.7906,0.828,1.5545,0.8995,0.5092,1.2551,0.7943,0.958,1.1045,0.5932,0.6375,False
SYN-SUBJ-019,SYN-SUBJ-019-SESS-1,37,ENCODING,synthetic,0.3166,1.3267,1.1459,0.4177,0.3364,1.0268,1.4766,0.9371,1.1262,0.67,0.9591,1.0241,1.2876,1.1162,0.7693,1.0062,1.0771,0.5855,0.6677,0.69,0.9639,False
SYN-SUBJ-019,SYN-SUBJ-019-SESS-1,38,ENCODING,synthetic,0.5144,1.5157,1.3115,0.8695,0.5595,0.4155,1.4129,0.7778,0.7718,0.7199,0.874,1.6906,1.1336,1.1194,0.1409,0.5643,1.8252,1.2127,0.5349,0.4371,0.5373,False
SYN-SUBJ-019,SYN-SUBJ-019-SESS-1,39,ENCODING,synthetic,0.8892,1.8386,0.5672,0.6652,0.6181,0.5346,1.6261,0.9958,1.2267,0.1776,1.0192,1.1169,0.9705,0.8692,0.2118,1.4479,2.0384,0.874,0.6492,1.0245,0.8136,False
SYN-SUBJ-019,SYN-SUBJ-019-SESS-1,40,NEITHER,synthetic,1.0617,0.9029,0.5135,1.3732,0.3328,0.8204,1.1801,0.92,0.6053,0.0814,1.0254,1.2666,1.1038,1.1718,0.2135,0.8042,0.6372,0.9361,0.6177,0.0724,0.0514,False
SYN-SUBJ-019,SYN-SUBJ-019-SESS-1,41,NEITHER,synthetic,0.6439,1.177,0.4824,0.9578,0.5619,0.6898,0.9605,0.8375,1.1466,0.3353,1.0558,0.3781,0.7956,1.0541,0.5483,0.8909,0.68,1.1369,1.1743,0.6966,0.2481,False
SYN-SUBJ-019,SYN-SUBJ-019-SESS-1,42,NEITHER,synthetic,0.9158,0.542,0.9647,0.6096,0.4507,1.1071,0.5885,1.012,0.5578,0.4237,0.7551,0.9174,1.1063,1.3978,0.7161,1.0086,1.2248,0.5735,1.1155,0.6707,0.2889,False
SYN-SUBJ-019,SYN-SUBJ-019-SESS-1,43,RECALL,synthetic,4.4392,4.3964,4.3939,2.5963,2.3146,2.8281,3.6345,2.8378,4.2057,3.4127,2.6375,4.8676,4.9514,3.088,4.0389,2.3625,3.8327,3.831,4.8731,2.6313,4.4055,True
SYN-SUBJ-019,SYN-SUBJ-019-SESS-1,44,ENCODING,synthetic,3.3342,4.0473,4.8635,2.9287,2.7311,2.672,3.6568,3.4811,2.6911,3.1907,3.7623,4.0636,2.7685,2.8369,1.7751,4.6988,4.5274,4.4053,4.3805,3.4097,5.2808,True
SYN-SUBJ-019,SYN-SUBJ-019-SESS-1,45,NEITHER,synthetic,2.8931,4.0342,2.6761,2.8929,3.6337,4.8053,4.1749,2.5575,3.8215,2.6954,4.2754,2.7561,5.1135,4.2667,3.8511,4.0014,2.2725,5.1093,4.1575,3.0666,4.9856,True
SYN-SUBJ-019,SYN-SUBJ-019-SESS-1,46,ENCODING,synthetic,0.9728,1.7695,1.0521,1.1942,1.1674,1.2059,1.8674,0.8422,0.7332,0.3119,0.9637,1.54,1.0736,0.6551,0.3413,0.6679,1.8559,1.4719,1.1286,0.3059,0.8929,False
SYN-SUBJ-019,SYN-SUBJ-019-SESS-1,47,RECALL,synthetic,1.0004,0.6581,1.5735,0.7029,0.383,0.9471,0.6722,0.9504,0.9339,0.2142,0.4265,0.6225,1.5906,0.989,0.2918,1.1353,1.0584,1.2242,1.0919,0.3463,0.4033,False
SYN-SUBJ-019,SYN-SUBJ-019-SESS-1,48,RECALL,synthetic,0.8467,1.117,1.3321,0.6017,0.4545,1.2063,1.249,1.3197,0.9969,0.7245,0.5278,0.5661,1.1773,1.0781,0.0,0.9726,0.7989,1.2631,0.9801,0.1317,0.8187,False
SYN-SUBJ-019,SYN-SUBJ-019-SESS-1,49,RECALL,synthetic,0.8738,0.3308,1.3357,0.8935,0.4267,1.1084,0.7355,1.5799,0.7703,0.4035,0.4581,1.0877,1.1289,0.932,0.4494,1.3837,1.0829,1.8514,0.5101,0.0,0.2266,False
SYN-SUBJ-019,SYN-SUBJ-019-SESS-1,50,RECALL,synthetic,0.7456,0.7788,1.4572,0.8128,0.0287,1.0695,0.9492,1.6515,0.9035,0.1008,0.8051,0.8002,1.3549,0.6924,0.3765,1.2795,0.9472,1.398,0.5646,0.4282,0.425,False
SYN-SUBJ-019,SYN-SUBJ-019-SESS-1,51,RECALL,synthetic,1.0364,0.9182,1.3646,0.6439,0.5311,1.4244,1.1017,1.0017,1.172,0.5888,0.9996,0.5242,1.6712,0.7052,0.6354,0.6397,0.6414,1.1023,0.6358,0.5562,0.3117,False
SYN-SUBJ-019,SYN-SUBJ-019-SESS-1,52,RECALL,synthetic,1.0162,0.6758,1.7324,0.7897,0.1807,1.0683,0.6643,1.5367,0.957,0.2252,0.5043,1.231,1.0963,0.4316,0.6669,1.1872,0.7545,1.448,1.1535,0.5718,0.6274,False
SYN-SUBJ-019,SYN-SUBJ-019-SESS-1,53,ENCODING,synthetic,0.5191,1.6917,0.7312,1.0982,0.0,1.21,1.9883,1.0595,0.8818,0.2953,0.7229,1.4801,0.6918,0.488,0.7017,0.7057,1.1317,1.0737,0.3607,0.683,0.4595,False
SYN-SUBJ-019,SYN-SUBJ-019-SESS-1,54,RECALL,synthetic,0.7248,0.4835,1.7086,0.7752,0.3179,0.8994,1.0086,1.5781,1.216,0.2489,1.32,0.7703,1.3507,1.4243,0.243,0.4285,0.7243,1.6005,0.8492,0.5636,0.985,False
SYN-SUBJ-019,SYN-SUBJ-019-SESS-1,55,RECALL,synthetic,0.3385,0.7402,1.1824,0.9684,0.2734,0.8541,0.3916,1.1135,0.6763,0.6732,0.7739,0.8618,1.2135,0.8056,0.3396,0.8344,1.0462,1.3639,0.8781,0.4933,0.3938,False
SYN-SUBJ-019,SYN-SUBJ-019-SESS-1,56,RECALL,synthetic,1.0331,0.8793,1.3765,1.577,0.2201,0.5998,0.71,1.6677,0.9874,0.7264,1.1728,0.9842,1.2903,0.6704,0.0,0.4564,0.5995,1.6795,0.9329,0.4078,0.1943,False
SYN-SUBJ-019,SYN-SUBJ-019-SESS-1,57,NEITHER,synthetic,0.4365,0.6011,0.6992,0.8394,0.2199,0.472,0.9464,0.8353,0.8126,0.5586,0.9589,0.8287,0.5721,1.0696,0.2937,0.7201,1.037,0.8733,0.8203,0.5961,0.5734,False
SYN-SUBJ-019,SYN-SUBJ-019-SESS-1,58,RECALL,synthetic,4.861,2.6897,4.2245,2.3801,2.6851,4.3071,3.2405,3.9994,4.9297,2.2779,3.5345,4.2503,2.8974,3.7089,3.8072,4.8103,4.573,4.9246,3.4753,3.4669,5.6739,True
SYN-SUBJ-019,SYN-SUBJ-019-SESS-1,59,ENCODING,synthetic,1.1943,1.3895,0.7621,0.791,0.5491,0.961,1.243,1.1711,0.7722,0.2518,0.756,1.8599,0.7227,0.9737,0.422,1.0993,1.8294,1.295,0.4698,0.619,0.6173,False
SYN-SUBJ-020,SYN-SUBJ-020-SESS-0,0,RECALL,synthetic,0.9195,0.721,1.0503,1.046,0.0,0.437,0.9308,0.8818,0.9782,0.1811,0.7782,0.6455,0.6852,0.7767,0.0015,1.0988,0.7993,1.2005,0.8417,0.3006,0.1772,False
SYN-SUBJ-020,SYN-SUBJ-020-SESS-0,1,NEITHER,synthetic,0.5992,0.9134,1.165,0.7044,0.3806,0.5309,0.9154,0.7402,0.5644,0.3863,0.5755,0.6683,0.8387,1.0411,0.3665,0.499,0.8279,0.8493,1.0338,0.2623,0.6637,False
SYN-SUBJ-020,SYN-SUBJ-020-SESS-0,2,RECALL,synthetic,4.2362,3.7883,5.0753,4.3367,3.018,3.1614,1.9558,3.1362,3.5705,3.1366,3.0668,3.065,4.7004,3.7447,3.1668,4.0632,4.2271,3.8029,4.8504,2.2972,3.349,True
SYN-SUBJ-020,SYN-SUBJ-020-SESS-0,3,ENCODING,synthetic,0.7585,1.3389,0.7638,0.943,0.0305,0.5336,1.4067,0.8133,1.4367,0.0,0.6488,1.4811,0.6944,1.1116,0.2885,0.6988,1.4462,0.4755,0.8911,0.0,0.7458,False
SYN-SUBJ-020,SYN-SUBJ-020-SESS-0,4,RECALL,synthetic,0.4583,0.965,1.0182,0.9311,0.0,0.463,0.4517,0.9011,0.6659,0.2418,0.8621,0.915,0.7448,0.804,0.0,0.4863,0.7231,1.06,0.7659,0.3393,0.2644,False
SYN-SUBJ-020,SYN-SUBJ-020-SESS-0,5,RECALL,synthetic,0.359,0.9768,1.1691,0.6889,0.0,0.6542,0.661,1.5021,0.7643,0.0343,0.7493,0.4422,1.2079,0.2324,0.2346,0.8319,0.5559,0.9883,0.7058,0.0,0.372,False
SYN-SUBJ-020,SYN-SUBJ-020-SESS-0,6,RECALL,synthetic,2.8049,3.0662,2.9004,3.5745,3.2693,3.6673,2.9134,3.1978,4.1184,3.7188,3.7991,4.2561,3.9218,4.7164,1.3809,3.9522,2.5332,4.205,3.4343,3.4677,5.8425,True
SYN-SUBJ-020,SYN-SUBJ-020-SESS-0,7,ENCODING,synthetic,0.903,1.5687,0.4187,0.7465,0.2814,0.3786,1.2852,0.137,1.0784,0.0955,1.1685,0.9693,0.6604,0.8795,0.0824,0.8528,1.7108,0.7771,0.4225,0.7708,0.3672,False
SYN-SUBJ-020,SYN-SUBJ-020-SESS-0,8,RECALL,synthetic,0.686,0.1958,1.4089,1.5003,0.6445,0.4922,0.909,1.1945,1.1752,0.4643,0.6068,0.3542,0.6016,1.043,0.3502,0.7866,0.5129,1.1401,0.8249,0.359,0.9444,False
SYN-SUBJ-020,SYN-SUBJ-020-SESS-0,9,NEITHER,synthetic,3.8474,3.4656,2.389,3.9855,1.8089,3.8485,3.1781,3.0116,3.4765,2.5032,3.5641,4.4442,4.2732,4.1969,3.0087,2.9504,2.5882,3.6712,4.274,3.1462,5.1374,True
SYN-SUBJ-020,SYN-SUBJ-020-SESS-0,10,NEITHER,synthetic,0.8343,0.3087,0.7349,0.6221,0.3721,0.4726,0.7466,0.2996,1.0569,0.0,0.9101,0.7438,0.854,1.0097,0.4198,0.6751,0.5195,0.6209,0.6776,0.4257,0.578,False
SYN-SUBJ-020,SYN-SUBJ-020-SESS-0,11,NEITHER,synthetic,0.5201,0.6578,0.904,0.6396,0.0,0.5216,0.9921,0.5737,0.8061,0.44,1.0623,1.1288,0.5586,1.1272,0.0,0.6431,0.6709,0.8256,0.8549,0.4034,0.4188,False
SYN-SUBJ-020,SYN-SUBJ-020-SESS-0,12,ENCODING,synthetic,0.8704,1.2072,0.439,0.6518,0.6036,0.7327,1.884,0.753,0.5617,0.1617,1.1,1.3372,0.1509,1.1161,0.1143,0.6936,1.2026,0.934,0.96,0.518,0.7447,False
SYN-SUBJ-020,SYN-SUBJ-020-SESS-0,13,RECALL,synthetic,0.5485,0.6211,1.2145,0.6538,0.7581,0.4553,0.8168,1.3399,0.8312,0.0852,0.397,0.7423,1.2929,0.7546,0.0834,0.6916,0.4383,1.2199,0.2014,0.448,0.5737,False
SYN-SUBJ-020,SYN-SUBJ-020-SESS-0,14,NEITHER,synthetic,0.9112,0.765,1.1098,0.8017,0.0,0.6892,0.6541,0.9607,0.9785,0.377,0.3817,0.8519,0.6003,0.4355,0.0,0.4047,0.632,0.6451,1.0668,0.066,0.8513,False
SYN-SUBJ-020,SYN-SUBJ-020-SESS-0,15,NEITHER,synthetic,0.8679,0.7659,0.4052,0.7239,0.2279,0.5349,0.5644,0.7144,1.0629,0.0,0.7109,0.4939,0.7626,0.5454,0.2708,0.4624,0.6834,0.5017,0.6936,0.019,0.755,False
SYN-SUBJ-020,SYN-SUBJ-020-SESS-0,16,ENCODING,synthetic,1.0175,1.6101,0.054,0.8836,0.2126,0.937,1.129,0.7751,0.8593,0.0486,0.8466,1.4235,0.7528,0.5748,0.0545,0.1255,1.0738,0.7325,0.5772,0.0803,0.4676,False
SYN-SUBJ-020,SYN-SUBJ-020-SESS-0,17,RECALL,synthetic,0.6986,1.1977,1.6103,0.9538,0.3737,0.5865,0.4867,1.5656,0.5413,0.1046,0.262,1.0292,1.7316,0.8497,0.2891,0.7701,0.5067,1.081,0.4504,0.3413,0.0477,False
SYN-SUBJ-020,SYN-SUBJ-020-SESS-0,18,ENCODING,synthetic,0.7383,0.9422,0.9024,1.1631,0.8493,0.4129,1.0,0.8779,0.5482,0.3346,0.8869,0.8815,0.8252,1.042,0.0,0.6229,0.7656,0.2135,0.9777,0.1802,0.8815,False
SYN-SUBJ-020,SYN-SUBJ-020-SESS-0,19,NEITHER,synthetic,1.2737,0.1517,0.7331,0.6437,0.2454,1.1634,0.8526,0.2087,0.4931,0.4473,0.6425,0.6659,0.4838,0.7559,0.0,1.1491,0.4365,0.8422,0.6777,0.0031,0.5556,False
SYN-SUBJ-020,SYN-SUBJ-020-SESS-0,20,NEITHER,synthetic,1.041,0.8138,0.7809,0.6585,0.1397,0.4886,0.2601,0.2569,0.5468,0.1329,0.4767,0.787,0.7726,0.6249,0.0,0.4343,0.6318,0.494,0.7339,0.3394,0.3594,False
SYN-SUBJ-020,SYN-SUBJ-020-SESS-0,21,NEITHER,synthetic,0.3117,0.1852,0.6205,0.9346,0.4768,0.5238,0.7579,0.438,0.7106,0.0,0.5874,0.5745,0.9267,0.791,0.0795,1.2022,1.0989,0.8082,0.5464,0.0,0.7888,False
SYN-SUBJ-020,SYN-SUBJ-020-SESS-0,22,RECALL,synthetic,3.8911,4.4642,2.6293,5.0263,4.121,5.1392,4.2071,4.0322,2.8099,2.5197,2.4911,3.4169,4.0542,4.145,4.1001,3.6844,3.3738,3.9728,4.0069,3.3992,3.9103,True
SYN-SUBJ-020,SYN-SUBJ-020-SESS-0,23,NEITHER,synthetic,0.6359,0.7303,0.8501,1.4882,0.1457,0.7322,0.8539,1.0347,0.9531,0.3296,0.4736,1.0998,0.7926,0.0,0.2134,0.837,0.7126,0.5572,0.6638,0.0,0.5432,False
SYN-SUBJ-020,SYN-SUBJ-020-SESS-0,24,ENCODING,synthetic,0.5162,1.6891,0.8891,0.8604,0.1448,0.4525,1.4445,0.8707,0.5837,0.0,0.6691,1.1508,0.2049,0.606,0.5805,0.9852,1.1048,0.5944,0.7179,0.2842,0.7881,False
SYN-SUBJ-020,SYN-SUBJ-020-SESS-0,25,ENCODING,synthetic,1.0335,1.5235,0.9373,0.6056,0.0769,0.8749,1.6706,0.5105,0.7732,0.3023,0.2072,1.079,0.7585,0.5268,0.6275,1.2797,1.4127,0.6091,0.4489,0.1218,0.9802,False
SYN-SUBJ-020,SYN-SUBJ-020-SESS-0,26,ENCODING,synthetic,0.8441,1.3529,0.6545,0.2753,0.2814,0.9119,1.6165,0.1894,0.4098,0.1965,0.8328,1.1327,0.2515,0.4052,0.2721,0.4565,1.2934,0.7189,0.3065,0.0072,0.0005,False
SYN-SUBJ-020,SYN-SUBJ-020-SESS-0,27,RECALL,synthetic,0.2023,0.6193,1.4936,0.6583,0.5035,0.5253,0.9211,1.072,0.7589,0.0,1.0482,0.512,1.1116,0.5336,0.2749,0.625,1.3204,1.1958,0.5918,0.4281,0.5916,False
SYN-SUBJ-020,SYN-SUBJ-020-SESS-0,28,ENCODING,synthetic,0.5959,1.722,0.3711,0.588,0.2913,0.779,1.2545,0.8312,0.796,0.0,1.09,0.9666,1.0723,0.7139,0.1357,0.2746,0.9891,0.3896,0.7002,0.2883,0.7063,False
SYN-SUBJ-020,SYN-SUBJ-020-SESS-0,29,RECALL,synthetic,4.122,4.6855,4.0515,3.2311,3.6589,3.2825,3.8153,3.5363,4.6017,1.749,4.2236,3.3693,3.6321,4.1345,3.4507,2.9478,2.0286,3.5552,3.6146,2.0213,3.8484,True
SYN-SUBJ-020,SYN-SUBJ-020-SESS-0,30,ENCODING,synthetic,0.7103,2.0415,0.9008,0.4827,0.0484,1.1807,1.6761,0.5874,0.5812,0.525,1.1371,0.5183,0.9151,0.6924,0.5352,0.5148,1.24,0.5066,0.6055,0.3195,0.7193,False
SYN-SUBJ-020,SYN-SUBJ-020-SESS-0,31,RECALL,synthetic,1.1418,0.5655,1.7985,0.7133,0.0,0.758,0.899,1.0227,0.4792,0.0351,0.6943,0.9816,0.8229,0.787,0.2018,0.2502,0.8518,1.4031,0.4605,0.0,0.7694,False
SYN-SUBJ-020,SYN-SUBJ-020-SESS-0,32,NEITHER,synthetic,0.9395,1.0069,0.7013,0.3724,0.6747,0.0,0.2406,0.2714,0.5817,0.0,0.4331,0.9713,0.8029,0.6366,0.0002,0.4055,0.7692,0.7681,0.6181,0.0875,0.1003,False
SYN-SUBJ-020,SYN-SUBJ-020-SESS-0,33,ENCODING,synthetic,1.007,1.788,0.8283,0.7586,0.3587,0.9226,1.345,0.8309,0.9513,0.0785,0.7836,1.4993,0.685,0.7799,0.0,0.6814,1.4142,0.8179,0.595,0.0,0.9238,False
SYN-SUBJ-020,SYN-SUBJ-020-SESS-0,34,NEITHER,synthetic,0.7094,0.664,0.4223,0.9839,0.2243,0.7408,0.2102,0.677,0.2451,0.225,0.6334,0.823,0.7704,0.8342,0.1196,0.3915,0.8676,0.3339,0.6531,0.0721,0.9571,False
SYN-SUBJ-020,SYN-SUBJ-020-SESS-0,35,NEITHER,synthetic,0.7722,0.5543,0.7495,0.7425,0.4744,0.8554,0.8272,0.6362,0.8736,0.2912,0.6024,0.8065,0.745,1.0195,0.4053,1.1441,0.3565,0.7183,0.7623,0.2881,0.8248,False
SYN-SUBJ-020,SYN-SUBJ-020-SESS-0,36,NEITHER,synthetic,1.0138,0.808,0.6767,0.7839,0.2998,0.7021,0.8825,0.7755,0.3427,0.3073,0.503,1.0408,1.0517,0.7757,0.2401,0.7814,0.5279,0.9335,1.1661,0.1567,0.0344,False
SYN-SUBJ-020,SYN-SUBJ-020-SESS-0,37,NEITHER,synthetic,3.3507,3.4573,3.3704,4.5571,1.9674,3.4515,3.4598,2.5717,4.4933,4.2499,4.5164,2.6363,4.8052,2.4373,3.3872,2.078,3.6581,3.1004,4.6856,2.1289,3.7946,True
SYN-SUBJ-020,SYN-SUBJ-020-SESS-0,38,RECALL,synthetic,0.6578,0.4883,1.4273,0.7509,0.0945,0.2995,0.7303,1.5138,0.8435,0.0,0.5648,0.6029,1.6006,0.5375,0.5017,0.8306,0.4602,1.6686,0.2697,0.2101,0.8673,False
SYN-SUBJ-020,SYN-SUBJ-020-SESS-0,39,NEITHER,synthetic,0.5051,0.7068,0.4832,0.7524,0.0,1.0594,0.5842,0.636,0.9287,0.3597,0.3201,0.6324,0.6723,0.5537,0.2331,0.6974,0.5548,0.3681,0.2573,0.2082,0.6308,False
SYN-SUBJ-020,SYN-SUBJ-020-SESS-0,40,NEITHER,synthetic,0.783,0.496,0.6782,0.6079,0.1793,0.5281,0.9147,1.3259,1.0762,0.0,0.8135,0.0,0.8639,0.5952,0.2707,0.7981,0.6656,0.9496,0.3999,0.2688,0.1725,False
SYN-SUBJ-020,SYN-SUBJ-020-SESS-0,41,ENCODING,synthetic,0.7563,0.7616,0.8126,0.6982,0.0351,0.609,1.4052,0.4963,0.7158,0.3511,0.4706,1.7127,0.7696,1.0463,0.0642,0.2299,1.1194,0.9479,0.5879,0.6808,0.3176,False
SYN-SUBJ-020,SYN-SUBJ-020-SESS-0,42,RECALL,synthetic,0.7186,0.6754,1.295,0.117,0.4594,0.8876,0.84,1.0714,1.115,0.197,0.973,0.5143,1.0654,0.9127,0.5988,0.5284,0.5855,0.8845,0.5199,0.5806,0.5343,False
SYN-SUBJ-020,SYN-SUBJ-020-SESS-0,43,ENCODING,synthetic,1.0083,1.7527,0.4555,0.342,0.0,0.6216,1.5225,0.8909,1.0887,0.304,0.5981,0.5454,0.9087,0.561,0.2631,0.3835,1.2457,0.8365,0.4888,0.4333,0.0584,False
SYN-SUBJ-020,SYN-SUBJ-020-SESS-0,44,ENCODING,synthetic,2.6991,5.0394,3.3384,3.1466,3.5152,3.6095,4.5739,2.6106,2.7835,2.1803,2.4102,2.8074,4.258,4.1718,1.3097,4.1778,4.4797,4.8988,3.2695,3.462,5.3507,True
SYN-SUBJ-020,SYN-SUBJ-020-SESS-0,45,NEITHER,synthetic,0.4768,0.8812,0.9636,0.7554,0.0,0.8319,1.054,0.6941,0.9857,0.7339,0.7527,0.5822,0.6411,0.7022,0.3426,1.1407,0.6301,0.9328,0.8825,0.6103,0.5701,False
SYN-SUBJ-020,SYN-SUBJ-020-SESS-0,46,RECALL,synthetic,1.1728,1.1903,1.3137,0.6322,0.3736,0.9443,0.3608,1.4662,0.9391,0.0,1.1423,0.4564,1.1723,0.5336,0.2786,0.4151,1.0271,1.3787,0.7646,0.2193,0.9149,False
SYN-SUBJ-020,SYN-SUBJ-020-SESS-0,47,NEITHER,synthetic,0.9899,0.6791,1.0037,1.0554,0.0,0.6064,0.8531,0.4987,0.7534,0.1712,0.173,0.9088,0.7296,0.1925,0.1674,0.9009,0.9668,0.7645,0.625,0.6049,0.7887,False
SYN-SUBJ-020,SYN-SUBJ-020-SESS-0,48,ENCODING,synthetic,0.802,1.4061,0.4783,0.7652,0.1551,0.5133,0.999,0.4646,0.8441,0.0,1.0589,1.2092,0.9737,0.6795,0.0,1.0458,1.0269,0.4898,0.7927,0.3105,0.5953,False
SYN-SUBJ-020,SYN-SUBJ-020-SESS-0,49,ENCODING,synthetic,0.466,1.5949,0.6028,0.8334,0.0,0.4272,1.1508,1.0299,1.1367,0.3035,1.0596,1.3413,0.7366,1.0312,0.0544,0.9736,1.4546,0.9832,1.5027,0.0833,0.9064,False
SYN-SUBJ-020,SYN-SUBJ-020-SESS-0,50,ENCODING,synthetic,0.9594,1.4567,1.1224,0.6088,0.2714,0.952,1.2943,0.8215,0.7016,0.3226,0.2062,1.5086,0.3086,1.064,0.0,0.3982,1.4893,0.5899,0.7573,0.0,0.8921,False
SYN-SUBJ-020,SYN-SUBJ-020-SESS-0,51,RECALL,synthetic,1.018,0.41,1.0636,0.8096,0.0,0.2531,0.6112,1.3699,0.5935,0.5104,0.8293,0.9049,1.7634,0.6919,0.3852,1.1998,0.913,0.8388,0.6643,0.4153,0.96,False
SYN-SUBJ-020,SYN-SUBJ-020-SESS-0,52,ENCODING,synthetic,0.4463,1.04,0.8017,0.8331,0.0027,0.6268,1.1193,0.298,0.4802,0.357,0.4543,0.9065,0.6142,0.7431,0.3013,0.3201,1.3983,0.358,0.5912,0.1182,0.4449,False
SYN-SUBJ-020,SYN-SUBJ-020-SESS-0,53,ENCODING,synthetic,0.8986,1.7625,0.6147,0.4542,0.0612,0.5857,1.3511,0.6737,1.2772,0.0,1.0564,1.349,0.5439,0.8341,0.0,0.5648,1.1243,0.8118,0.7828,0.1468,0.4277,False
SYN-SUBJ-020,SYN-SUBJ-020-SESS-0,54,RECALL,synthetic,0.4161,0.8293,1.278,0.6027,0.4846,0.5852,0.6785,1.1129,0.802,0.2999,0.6238,1.0234,1.2347,0.3127,0.4759,0.8924,0.5605,0.9454,0.8715,0.3726,0.7139,False
SYN-SUBJ-020,SYN-SUBJ-020-SESS-0,55,NEITHER,synthetic,2.4044,4.6601,2.5253,4.5777,2.3621,3.8678,4.1091,2.632,3.1399,3.0768,3.9707,4.6619,2.5103,3.7764,2.6487,4.7859,4.2095,2.835,3.7357,3.4973,4.2337,True
SYN-SUBJ-020,SYN-SUBJ-020-SESS-0,56,ENCODING,synthetic,0.7306,1.2083,0.5804,0.4116,0.5585,0.6782,1.1595,0.3608,0.9341,0.0,0.4682,1.2841,0.8505,0.4719,0.1188,0.5085,1.3412,0.957,1.2972,0.1561,0.9281,False
SYN-SUBJ-020,SYN-SUBJ-020-SESS-0,57,RECALL,synthetic,0.824,0.5023,1.458,1.0056,0.0999,0.0,0.8341,1.1882,0.6487,0.5843,0.8869,0.8058,1.1517,0.4282,0.2168,0.4673,0.9359,1.683,0.637,0.1949,0.9455,False
SYN-SUBJ-020,SYN-SUBJ-020-SESS-0,58,ENCODING,synthetic,0.8752,1.4248,1.1758,0.7068,0.2875,0.8677,1.3272,0.4604,0.1572,0.7975,0.6007,1.2836,0.5206,1.3225,0.1309,0.7513,1.3753,0.789,1.352,0.162,0.0437,False
SYN-SUBJ-020,SYN-SUBJ-020-SESS-0,59,NEITHER,synthetic,0.7662,0.9362,0.9856,0.4286,0.0064,0.4938,0.897,0.6612,0.8347,0.0,0.4895,0.7369,0.8303,0.0227,0.3025,0.6533,0.6661,0.5053,0.7139,0.5305,0.7575,False
SYN-SUBJ-020,SYN-SUBJ-020-SESS-1,0,RECALL,synthetic,1.0008,0.6416,1.6781,0.5025,0.0,1.093,1.0497,0.7417,0.6509,0.1777,0.4664,0.7624,1.2301,0.9216,0.3799,0.8142,1.1499,0.9181,0.7347,0.5934,0.2454,False
SYN-SUBJ-020,SYN-SUBJ-020-SESS-1,1,ENCODING,synthetic,0.7868,1.228,0.7523,0.494,0.4476,0.7764,1.3861,0.7176,0.7934,0.1758,0.9176,1.0945,0.7064,0.7671,0.2128,0.8928,1.4659,0.8197,0.9055,0.2067,0.4543,False
SYN-SUBJ-020,SYN-SUBJ-020-SESS-1,2,RECALL,synthetic,3.6671,2.5248,3.2233,2.8514,3.656,4.5943,3.3349,3.9535,4.241,2.1651,2.931,2.2263,3.741,3.6807,1.887,2.3974,2.6328,3.5346,4.4109,3.9782,4.7093,True
SYN-SUBJ-020,SYN-SUBJ-020-SESS-1,3,ENCODING,synthetic,0.5083,1.1819,0.739,0.6175,0.7501,0.6529,1.5959,0.8083,0.6027,0.0,0.9839,1.6123,1.1195,0.606,0.08,0.7136,1.1698,0.405,1.0139,0.5484,0.1802,False
SYN-SUBJ-020,SYN-SUBJ-020-SESS-1,4,ENCODING,synthetic,0.5452,1.2611,0.8173,0.3842,0.0,0.996,1.1912,0.6489,0.904,0.6029,0.4616,1.3843,1.0593,0.8693,0.0,0.5804,0.9352,0.6128,0.7065,0.2013,0.9373,False
SYN-SUBJ-020,SYN-SUBJ-020-SESS-1,5,RECALL,synthetic,0.3238,0.8072,1.1118,1.0927,0.5255,0.1454,0.3041,1.0065,0.9834,0.1233,0.8154,0.6569,1.0471,1.0576,0.2843,0.3538,0.4906,1.1666,0.671,0.6515,0.1762,False
SYN-SUBJ-020,SYN-SUBJ-020-SESS-1,6,ENCODING,synthetic,0.7899,1.0947,0.8064,1.23,0.5116,0.4788,1.6733,0.547,0.6028,0.2021,0.5797,1.8575,0.7024,0.544,0.2572,0.9107,1.5728,0.8103,0.8719,0.4056,0.2132,False
SYN-SUBJ-020,SYN-SUBJ-020-SESS-1,7,RECALL,synthetic,0.6866,0.4515,1.4923,0.4016,0.0,0.9107,0.4995,1.1191,0.8698,0.0,0.3304,1.1605,1.4476,0.9375,0.1812,1.0909,1.0418,1.0146,0.8276,0.0,0.3782,False
SYN-SUBJ-020,SYN-SUBJ-020-SESS-1,8,RECALL,synthetic,0.9962,0.9948,1.2787,0.84,0.0,0.4842,0.9917,1.1143,0.5715,0.2844,1.2524,0.7445,1.4659,0.7678,0.0,0.6845,0.7501,1.3328,1.1242,0.0732,0.055,False
SYN-SUBJ-020,SYN-SUBJ-020-SESS-1,9,NEITHER,synthetic,1.1145,0.7101,0.8172,0.7341,0.3792,0.6879,0.6702,0.5248,0.4064,0.2868,0.7936,0.8852,0.6532,1.0935,0.0,0.9241,0.4312,0.7276,0.6467,0.3115,0.6295,False
SYN-SUBJ-020,SYN-SUBJ-020-SESS-1,10,NEITHER,synthetic,0.4204,0.5534,0.5125,1.0028,0.218,0.2437,0.2458,0.8259,0.423,0.0,0.605,1.0839,0.5218,0.4426,0.2001,1.0241,0.6255,0.8405,0.805,0.013,0.7813,False
SYN-SUBJ-020,SYN-SUBJ-020-SESS-1,11,ENCODING,synthetic,2.1669,4.0466,2.529,4.3958,2.1599,2.7573,4.517,3.6969,2.3931,3.409,2.3015,2.8771,3.797,2.5725,3.3666,5.1595,2.8262,3.4282,4.6109,2.628,5.9813,True
SYN-SUBJ-020,SYN-SUBJ-020-SESS-1,12,RECALL,synthetic,0.0166,0.6055,0.862,0.7132,0.4746,0.4621,1.1583,1.3092,0.9586,0.0,1.1301,0.5756,1.2414,0.6464,0.1753,0.9192,0.7355,1.3777,0.7198,0.0,0.8272,False
SYN-SUBJ-020,SYN-SUBJ-020-SESS-1,13,NEITHER,synthetic,0.9237,0.2315,0.6198,0.4212,0.0,1.0529,0.9039,0.6864,0.9923,0.6012,1.0675,0.9528,0.7487,0.433,0.0998,0.6216,0.5674,0.7442,0.3685,0.7243,0.7359,False
SYN-SUBJ-020,SYN-SUBJ-020-SESS-1,14,ENCODING,synthetic,0.7427,1.3864,0.5954,0.7067,0.0881,0.82,1.3386,0.537,0.418,0.0,0.7374,1.5056,0.4225,1.0905,0.09,0.7783,1.4311,0.7098,0.3594,0.8495,0.7571,False
SYN-SUBJ-020,SYN-SUBJ-020-SESS-1,15,ENCODING,synthetic,0.8758,1.7976,0.633,0.3485,0.0,0.6238,1.588,1.2987,0.8131,0.0,0.4178,0.9909,0.5332,1.168,0.0739,0.2635,1.6231,0.6279,0.5536,0.2958,0.955,False
SYN-SUBJ-020,SYN-SUBJ-020-SESS-1,16,RECALL,synthetic,0.7024,0.3113,0.9343,1.0104,0.0198,1.0714,1.1433,0.9096,0.992,0.2373,0.9988,0.6899,1.7144,0.7418,0.0618,0.6991,0.6803,1.6449,0.5586,0.3705,0.9759,False
SYN-SUBJ-020,SYN-SUBJ-020-SESS-1,17,RECALL,synthetic,1.1529,0.4871,1.4537,0.6854,0.4292,0.8601,0.5864,1.2676,1.0047,0.6092,0.5092,0.6132,1.0392,0.291,0.0,0.7504,0.7151,1.4681,0.7001,0.0,0.9461,False
SYN-SUBJ-020,SYN-SUBJ-020-SESS-1,18,NEITHER,synthetic,0.8335,0.6662,0.1477,0.7626,0.3584,0.9142,0.4085,0.405,0.7539,0.0,0.6681,0.4973,0.5579,1.1717,0.3113,0.7977,0.3811,0.6906,0.709,0.0,0.5552,False
SYN-SUBJ-020,SYN-SUBJ-020-SESS-1,19,ENCODING,synthetic,0.5211,1.045,0.2039,0.7988,0.9427,1.102,0.9075,0.5794,0.9431,0.3737,1.4059,1.4002,0.8197,0.9628,0.0,0.8933,1.5075,0.8297,0.7753,0.0,0.1411,False
SYN-SUBJ-020,SYN-SUBJ-020-SESS-1,20,ENCODING,synthetic,0.2506,1.5092,0.3235,0.7252,0.0,1.1408,1.3502,0.994,0.9404,0.1364,0.8173,1.3059,0.9283,0.9378,0.437,0.7503,1.6615,1.0045,0.2136,0.5044,0.5671,False
SYN-SUBJ-020,SYN-SUBJ-020-SESS-1,21,ENCODING,synthetic,0.458,1.0801,0.8186,0.2505,0.6034,1.3321,1.3569,0.8313,0.495,0.4267,0.4778,1.2333,1.0257,0.9857,0.4419,0.2287,1.4909,0.3068,0.0388,0.1793,0.2803,False
SYN-SUBJ-020,SYN-SUBJ-020-SESS-1,22,NEITHER,synthetic,0.5992,0.5181,0.47,0.7901,0.0,0.5639,0.8637,0.585,0.7808,0.0,0.8546,1.2296,0.3003,0.9702,0.7827,0.1302,0.8166,0.6346,0.4731,0.4159,0.7152,False
SYN-SUBJ-020,SYN-SUBJ-020-SESS-1,23,ENCODING,synthetic,0.6854,1.2615,0.9263,0.5653,0.3605,0.8564,0.9727,0.7889,0.7155,0.4414,0.9004,1.1743,0.84,1.1623,0.0,1.1207,1.2412,0.5357,0.6912,0.3515,0.8772,False
SYN-SUBJ-020,SYN-SUBJ-020-SESS-1,24,ENCODING,synthetic,0.8586,1.1076,0.8324,0.9246,0.156,0.9828,1.4348,0.9266,0.8025,0.382,0.4858,1.1062,0.9194,0.5696,0.1448,1.1857,1.4487,0.9706,1.0441,0.2868,0.2008,False
SYN-SUBJ-020,SYN-SUBJ-020-SESS-1,25,RECALL,synthetic,0.9015,0.931,0.8787,0.6304,0.1167,0.917,0.842,1.2802,0.8935,0.1303,0.6926,0.5109,1.1198,0.4132,0.7048,0.5828,0.7804,1.3087,0.8061,0.1451,0.5345,False
SYN-SUBJ-020,SYN-SUBJ-020-SESS-1,26,RECALL,synthetic,0.7804,0.4606,1.1453,0.3317,0.3418,0.6309,1.3656,1.4357,0.982,0.1904,0.6575,1.0123,0.9016,0.6373,0.2591,0.6397,0.8254,0.8057,1.0103,0.2165,0.1969,False
SYN-SUBJ-020,SYN-SUBJ-020-SESS-1,27,ENCODING,synthetic,1.0011,1.3365,0.6275,0.6385,0.441,0.7414,1.5889,1.1064,0.5689,0.1292,0.7206,1.6357,0.7711,0.4179,0.6803,1.0508,1.4394,0.7801,0.9358,0.0337,0.207,False
SYN-SUBJ-020,SYN-SUBJ-020-SESS-1,28,NEITHER,synthetic,2.7313,3.7358,2.8883,2.4952,2.6361,3.5403,2.5507,2.412,2.4997,3.8049,2.5751,4.2229,3.5607,2.5642,2.7857,2.9863,4.1442,2.8911,4.3374,3.6866,2.7363,True
SYN-SUBJ-020,SYN-SUBJ-020-SESS-1,29,NEITHER,synthetic,0.6909,0.6676,0.773,0.784,0.0,0.5533,0.2268,0.5834,0.7938,0.4294,0.6392,0.4555,1.1702,0.8041,0.1357,1.0552,0.5067,1.3445,0.7057,0.5578,0.6124,False
SYN-SUBJ-020,SYN-SUBJ-020-SESS-1,30,RECALL,synthetic,0.8122,0.7371,1.3976,1.0753,0.2465,0.6551,0.4798,1.7602,0.6351,0.0992,0.6652,1.1687,1.0003,0.7183,0.384,0.5196,1.1167,1.0234,0.6746,0.2464,0.7597,False
SYN-SUBJ-020,SYN-SUBJ-020-SESS-1,31,RECALL,synthetic,0.8703,0.8891,0.8146,0.8918,0.3362,0.9723,0.6739,1.4004,0.8431,0.3784,0.9648,0.5054,1.1457,0.8267,0.1679,0.5359,0.8272,1.2195,0.3641,0.0962,0.5712,False
SYN-SUBJ-020,SYN-SUBJ-020-SESS-1,32,RECALL,synthetic,0.4065,1.2356,0.76,0.7614,0.225,0.6848,0.4056,1.3525,0.6997,0.1335,0.7498,1.0954,1.2905,0.569,0.1876,1.0472,1.1592,0.8821,0.5202,0.4761,0.9914,False
SYN-SUBJ-020,SYN-SUBJ-020-SESS-1,33,RECALL,synthetic,0.8327,0.5422,1.3563,1.1656,0.1591,0.7746,0.3547,1.267,0.8284,0.0,0.6014,0.3116,1.3603,0.6435,0.0171,0.6985,0.6932,1.0987,1.013,0.1628,0.3413,False
SYN-SUBJ-020,SYN-SUBJ-020-SESS-1,34,ENCODING,synthetic,0.6284,1.1929,0.7689,0.4354,0.3897,1.1614,1.5066,1.1217,0.8964,0.4114,0.4948,1.2103,0.6038,1.0834,0.0,0.7967,1.1329,1.1154,0.4917,0.5411,0.4991,False
SYN-SUBJ-020,SYN-SUBJ-020-SESS-1,35,RECALL,synthetic,0.5415,0.2003,1.1466,0.8729,0.8327,0.8957,0.806,1.2251,0.6648,0.1531,1.1184,0.7423,1.4417,0.6496,0.1948,1.0603,0.8108,1.5096,1.0449,0.3469,0.0936,False
SYN-SUBJ-020,SYN-SUBJ-020-SESS-1,36,ENCODING,synthetic,0.6785,1.4114,0.7907,0.7471,0.282,1.0169,1.2703,0.9889,0.6011,1.0246,1.0814,1.6576,0.621,0.6895,0.0673,0.4246,1.0049,0.8228,1.1345,0.4281,0.2552,False
SYN-SUBJ-020,SYN-SUBJ-020-SESS-1,37,ENCODING,synthetic,0.7043,1.588,0.8422,0.2891,0.0,0.8249,1.2654,0.5614,0.6188,0.3602,0.675,1.4905,1.0154,0.7831,0.2804,1.1624,1.1238,0.925,0.8301,0.5022,0.8916,False
SYN-SUBJ-020,SYN-SUBJ-020-SESS-1,38,NEITHER,synthetic,0.6856,0.6555,0.2542,0.7,0.5659,0.4881,0.485,0.4246,0.6544,0.1176,0.5667,0.8158,0.3355,0.8289,0.4333,1.1723,0.8204,0.2764,0.4654,0.0619,0.1669,False
SYN-SUBJ-020,SYN-SUBJ-020-SESS-1,39,NEITHER,synthetic,1.1079,0.771,0.633,0.9474,0.4626,0.7257,0.5457,0.4234,0.7957,0.0491,0.7057,0.9246,0.7211,0.8731,0.0999,0.9901,0.702,0.7949,0.5808,0.3224,0.585,False
SYN-SUBJ-020,SYN-SUBJ-020-SESS-1,40,ENCODING,synthetic,1.2176,1.5747,0.9076,0.2016,0.262,0.303,1.55,0.7083,0.4034,0.4114,0.977,1.3497,0.6386,0.8321,0.3186,0.666,1.3136,0.7678,0.409,0.7209,0.2419,False
SYN-SUBJ-020,SYN-SUBJ-020-SESS-1,41,ENCODING,synthetic,0.8275,1.5752,0.9164,0.9768,0.0,0.6764,1.2672,0.6187,0.7224,0.5095,0.5907,1.5813,0.6967,0.9099,0.0881,0.9284,1.3943,0.5614,0.9004,0.1184,0.023,False
SYN-SUBJ-020,SYN-SUBJ-020-SESS-1,42,ENCODING,synthetic,1.2399,1.3965,0.6503,0.8389,0.2729,0.5059,1.3745,0.494,0.2783,0.3915,0.6334,1.3442,0.824,0.4637,0.0,0.7978,1.3711,0.4649,0.8828,0.5392,0.9006,False
SYN-SUBJ-020,SYN-SUBJ-020-SESS-1,43,NEITHER,synthetic,0.4277,0.3893,0.7022,0.5468,0.1412,1.1879,0.5122,0.6269,0.5376,0.5496,1.1447,0.6704,1.1609,0.4503,0.1273,0.5406,0.5311,0.6073,0.785,0.0,0.7461,False
SYN-SUBJ-020,SYN-SUBJ-020-SESS-1,44,ENCODING,synthetic,0.655,1.4001,0.5968,1.1215,0.0277,0.7545,1.631,0.6359,0.4765,0.0,1.1317,1.1947,0.7373,0.3993,0.746,0.3952,1.3521,0.751,0.8049,0.2498,0.3135,False
SYN-SUBJ-020,SYN-SUBJ-020-SESS-1,45,RECALL,synthetic,0.9748,0.3402,1.2249,1.1104,0.0,1.0528,0.5769,1.2523,0.9993,0.2611,0.5705,0.9486,0.8339,1.3045,0.3228,0.5018,1.0359,1.5282,1.0128,0.1851,0.9293,False
SYN-SUBJ-020,SYN-SUBJ-020-SESS-1,46,ENCODING,synthetic,0.6237,1.4344,0.6952,0.4802,0.0,0.8843,1.6833,0.6331,1.282,0.0569,0.7888,1.3197,0.7184,1.1214,0.0,0.9926,1.3626,0.6841,0.6377,0.0894,0.9373,False
SYN-SUBJ-020,SYN-SUBJ-020-SESS-1,47,RECALL,synthetic,0.636,0.8956,0.94,0.3755,0.1922,0.2834,0.3613,1.2722,1.0784,0.1194,0.9162,0.6768,1.4624,1.0299,0.0656,0.3667,1.0281,1.5276,0.4646,0.3721,0.4437,False
SYN-SUBJ-020,SYN-SUBJ-020-SESS-1,48,RECALL,synthetic,0.7642,0.7872,0.8448,0.8677,0.0,0.7178,0.6492,1.2988,0.7552,0.0,0.555,1.1204,1.2479,0.2236,0.3586,0.5488,0.6726,1.0734,0.7877,0.5703,0.7143,False
SYN-SUBJ-020,SYN-SUBJ-020-SESS-1,49,RECALL,synthetic,0.8665,0.7534,0.9853,0.5637,0.3915,0.7322,0.8045,1.3467,0.7535,0.0,0.8579,0.3524,1.0759,0.5004,0.7647,0.4491,0.7601,1.4914,0.8476,0.3679,0.3729,False
SYN-SUBJ-020,SYN-SUBJ-020-SESS-1,50,ENCODING,synthetic,0.6804,1.2178,0.509,0.8085,0.0,0.5337,1.2341,0.7158,0.8088,0.6698,0.4679,1.072,0.6349,0.9976,0.0963,1.0706,0.87,0.8263,0.4687,0.32,0.8478,False
SYN-SUBJ-020,SYN-SUBJ-020-SESS-1,51,ENCODING,synthetic,0.8789,1.4869,1.1411,0.8093,0.109,1.1986,1.4061,0.9748,1.3492,0.1644,0.1776,1.2922,0.5835,1.0204,0.0,0.6475,1.6552,1.0439,0.9711,0.1905,0.0477,False
SYN-SUBJ-020,SYN-SUBJ-020-SESS-1,52,NEITHER,synthetic,0.7793,0.6523,0.9216,0.978,0.4964,1.1969,0.8933,0.6753,0.837,0.4336,0.3028,0.6939,1.0704,0.8435,0.3059,0.5793,0.7085,0.2945,0.53,0.4716,0.4267,False
SYN-SUBJ-020,SYN-SUBJ-020-SESS-1,53,NEITHER,synthetic,0.9326,0.3552,0.8305,0.8093,0.4046,1.1014,0.88,0.4141,0.5559,0.3274,0.3326,0.452,0.3816,0.5814,0.2484,0.9086,0.6619,0.9488,0.5795,0.2207,0.8908,False
SYN-SUBJ-020,SYN-SUBJ-020-SESS-1,54,ENCODING,synthetic,4.1467,3.6383,3.5446,3.2438,3.1804,4.0495,4.3606,2.8985,3.3879,2.8247,3.4228,4.839,3.1511,2.841,2.498,3.008,3.3616,2.4263,5.0546,3.1669,5.5566,True
SYN-SUBJ-020,SYN-SUBJ-020-SESS-1,55,RECALL,synthetic,0.819,0.9471,1.3391,0.9186,0.6885,1.1145,0.6614,1.1693,0.6707,0.1478,0.9729,1.1239,0.6907,0.289,0.5881,0.5204,0.7915,1.0143,0.755,0.3132,0.8223,False
SYN-SUBJ-020,SYN-SUBJ-020-SESS-1,56,NEITHER,synthetic,2.843,3.9622,3.2386,4.1714,3.0766,2.454,3.6976,4.6718,3.5958,3.4662,2.4603,4.7204,2.7101,4.4762,2.7299,2.6437,3.3339,3.3814,3.444,3.2774,4.6805,True
SYN-SUBJ-020,SYN-SUBJ-020-SESS-1,57,ENCODING,synthetic,0.5458,1.3589,0.5493,0.0,0.337,0.3765,1.607,0.7766,0.3311,0.1004,0.7484,0.7361,0.9481,0.1104,0.4946,0.6303,1.3519,0.8301,0.9331,0.3813,0.4336,False
SYN-SUBJ-020,SYN-SUBJ-020-SESS-1,58,NEITHER,synthetic,0.8279,0.5944,0.5128,0.6332,0.2203,0.7489,0.8616,0.8375,0.7064,0.317,0.4615,0.4377,0.2255,0.9178,0.3359,0.7812,0.2725,1.2005,0.3144,0.0177,0.1537,False
SYN-SUBJ-020,SYN-SUBJ-020-SESS-1,59,ENCODING,synthetic,3.1308,4.2904,2.7737,3.5112,2.6336,4.5549,2.9892,4.5964,2.719,3.6752,3.5104,2.6612,2.9211,3.9481,2.5261,3.4468,4.6677,2.9311,4.4794,3.9979,5.904,True
SYN-SUBJ-021,SYN-SUBJ-021-SESS-0,0,ENCODING,synthetic,0.8169,1.4638,0.9031,0.6518,0.1586,0.8387,1.8484,0.7268,1.0335,0.7546,1.1305,1.4577,1.0364,1.0302,0.5801,0.8952,1.5991,0.8801,1.3726,0.4847,0.7238,False
SYN-SUBJ-021,SYN-SUBJ-021-SESS-0,1,NEITHER,synthetic,0.7515,0.9955,0.8405,0.7721,0.1176,0.6893,0.7672,0.3121,0.6517,0.6208,0.3904,1.0879,1.1987,1.3163,0.7915,0.2142,1.1602,1.2798,1.0033,0.1993,0.0277,False
SYN-SUBJ-021,SYN-SUBJ-021-SESS-0,2,RECALL,synthetic,1.0644,0.7609,1.7119,1.2511,0.3821,0.803,1.5215,1.5999,1.3367,0.6479,0.9653,0.8289,1.429,0.717,0.4491,1.2732,1.1058,1.3037,0.6395,0.6108,0.3839,False
SYN-SUBJ-021,SYN-SUBJ-021-SESS-0,3,ENCODING,synthetic,0.9016,1.3228,0.627,1.2367,0.4116,0.6272,1.6564,0.8604,0.9258,0.5852,1.1996,1.5403,0.6803,1.1476,0.8136,1.0848,1.5792,0.9267,0.8854,0.438,0.4291,False
SYN-SUBJ-021,SYN-SUBJ-021-SESS-0,4,RECALL,synthetic,1.0856,0.7607,1.636,0.9685,0.326,1.0707,1.0195,1.2073,1.2486,0.4307,1.8146,1.0832,1.5779,0.7904,0.5578,1.0988,0.3793,1.7934,0.7684,0.4901,0.3891,False
SYN-SUBJ-021,SYN-SUBJ-021-SESS-0,5,NEITHER,synthetic,0.9496,1.0499,1.2121,0.7915,0.9046,0.8295,0.3709,0.5618,0.9041,0.1686,1.0154,0.8988,1.2246,1.2958,0.0312,1.0473,1.1821,1.0268,0.8262,0.8532,0.4126,False
SYN-SUBJ-021,SYN-SUBJ-021-SESS-0,6,RECALL,synthetic,2.9739,2.7497,4.1514,2.8004,3.9476,4.8039,3.2386,4.5846,3.2239,2.6953,3.2534,4.3049,4.8924,4.1649,2.6447,3.4589,4.9614,4.6465,4.1134,3.6716,3.0312,True
SYN-SUBJ-021,SYN-SUBJ-021-SESS-0,7,NEITHER,synthetic,0.7752,1.3117,0.6308,0.982,0.6012,1.1694,0.8082,1.4332,1.2946,0.2307,1.1957,1.1272,0.6147,0.8692,0.6446,0.7202,0.9412,0.6579,0.8977,0.2288,0.9618,False
SYN-SUBJ-021,SYN-SUBJ-021-SESS-0,8,NEITHER,synthetic,0.8119,1.1095,0.6898,0.7289,1.0112,0.8526,0.7943,0.514,1.0325,0.8389,0.5626,0.8679,0.2402,1.0641,0.5412,1.1027,0.703,0.9534,1.1566,0.4813,0.3083,False
SYN-SUBJ-021,SYN-SUBJ-021-SESS-0,9,RECALL,synthetic,0.6543,0.8893,1.3704,0.8159,0.3143,0.852,0.6789,1.3935,0.6366,0.6834,0.5205,0.9088,1.514,1.3679,0.3329,1.2204,0.9117,1.742,0.4818,0.1731,0.5956,False
SYN-SUBJ-021,SYN-SUBJ-021-SESS-0,10,NEITHER,synthetic,0.9274,0.83,1.041,0.6449,0.1561,1.4933,0.997,1.0983,1.0924,0.4529,1.136,0.7712,0.7624,0.3768,0.7753,1.0573,0.8479,1.1958,0.9898,0.0449,0.8426,False
SYN-SUBJ-021,SYN-SUBJ-021-SESS-0,11,NEITHER,synthetic,4.6371,2.8962,4.2574,2.1968,2.8152,2.8044,4.5972,4.0769,3.0249,4.316,2.5409,4.6882,3.8452,3.4222,1.5207,5.0864,2.809,3.7619,3.2011,4.3805,5.8936,True
SYN-SUBJ-021,SYN-SUBJ-021-SESS-0,12,NEITHER,synthetic,0.8255,1.1199,0.9539,0.7665,0.6068,1.0605,1.2279,1.3044,1.0692,0.5488,1.0214,1.1725,0.7291,0.8753,0.5017,1.2272,1.3021,1.038,0.588,0.8835,0.3434,False
SYN-SUBJ-021,SYN-SUBJ-021-SESS-0,13,NEITHER,synthetic,0.9492,0.5394,1.209,0.8422,0.7215,0.4416,1.1104,0.7863,1.0667,0.1951,1.0696,0.7606,1.2153,1.2652,0.3345,1.5835,1.2927,0.6591,0.9208,0.4227,0.9316,False
SYN-SUBJ-021,SYN-SUBJ-021-SESS-0,14,NEITHER,synthetic,4.6154,4.9284,4.0469,3.6255,3.1376,2.5479,2.8582,4.6332,4.1097,3.5816,5.2216,4.3752,4.9266,2.311,3.9757,3.0124,4.6441,3.1868,4.1524,2.9693,3.9562,True
SYN-SUBJ-021,SYN-SUBJ-021-SESS-0,15,RECALL,synthetic,0.9415,0.8808,1.4219,1.1893,0.2257,0.9516,1.2094,1.0241,0.952,0.442,0.792,1.258,1.0106,0.8163,0.1788,0.7931,0.9798,1.3793,0.6186,0.8109,0.8214,False
SYN-SUBJ-021,SYN-SUBJ-021-SESS-0,16,RECALL,synthetic,1.1936,0.6075,1.7235,1.2543,0.4583,0.8838,1.3684,1.7473,1.2446,0.5115,1.1426,1.0046,1.5533,0.8459,0.0,1.2711,0.6618,1.6378,0.6486,0.6424,0.921,False
SYN-SUBJ-021,SYN-SUBJ-021-SESS-0,17,RECALL,synthetic,0.7815,1.0619,1.5449,0.996,0.834,0.9411,1.2247,1.5813,1.1463,0.7345,0.9373,0.6763,1.6594,1.3502,0.238,0.9276,0.7755,1.7639,1.1312,0.5048,0.203,False
SYN-SUBJ-021,SYN-SUBJ-021-SESS-0,18,RECALL,synthetic,1.3458,1.2168,1.5382,1.0043,0.5041,1.3162,0.807,1.7102,0.8086,0.3067,0.6119,0.8903,1.819,0.8859,0.3477,1.2802,0.8996,1.8111,0.9152,0.7039,0.4296,False
SYN-SUBJ-021,SYN-SUBJ-021-SESS-0,19,RECALL,synthetic,1.1322,0.9224,1.0825,0.5896,0.7432,0.8563,0.9241,1.2283,0.637,0.2793,1.1371,0.8813,1.1619,0.3752,0.5151,0.8402,0.5816,1.6837,0.8297,0.2783,0.0492,False
SYN-SUBJ-021,SYN-SUBJ-021-SESS-0,20,RECALL,synthetic,1.0569,1.5959,1.4172,1.0404,0.4149,0.6466,0.8299,1.6138,1.2783,0.8473,0.7094,0.8688,1.2422,1.3265,0.6546,0.9516,0.9186,1.4188,0.6579,0.2939,0.8916,False
SYN-SUBJ-021,SYN-SUBJ-021-SESS-0,21,ENCODING,synthetic,0.9839,1.459,0.7311,1.0066,0.3911,0.7137,1.4452,0.9743,0.7609,0.4886,1.0183,1.6441,0.9036,1.0643,0.299,0.5025,1.6969,0.8978,0.6573,0.605,0.2374,False
SYN-SUBJ-021,SYN-SUBJ-021-SESS-0,22,ENCODING,synthetic,0.6856,1.5755,1.1979,0.7069,0.3478,1.1044,1.7506,0.9945,1.1489,0.2149,1.0049,1.2665,0.9874,0.804,0.3721,0.9025,1.625,1.3357,0.7363,0.5077,0.7586,False
SYN-SUBJ-021,SYN-SUBJ-021-SESS-0,23,RECALL,synthetic,0.5767,1.0532,1.7116,1.0235,0.6027,0.9634,0.7121,1.6211,0.792,0.6687,1.0825,0.9325,1.7872,1.1024,0.6383,1.0629,0.9436,1.156,1.1646,0.5738,0.2759,False
SYN-SUBJ-021,SYN-SUBJ-021-SESS-0,24,ENCODING,synthetic,0.9415,1.4537,0.9614,1.1572,0.6019,1.1661,1.654,1.0711,1.2796,0.6239,1.0012,1.5618,0.9344,1.0626,0.7622,1.1976,1.3106,1.1937,0.8274,0.2145,0.8365,False
SYN-SUBJ-021,SYN-SUBJ-021-SESS-0,25,ENCODING,synthetic,1.1344,1.4229,0.5498,0.9124,0.5033,0.5588,1.7887,0.8185,1.1414,0.0049,0.7911,1.0637,1.2731,0.6339,0.7914,1.0235,1.4132,0.8768,0.607,0.6566,0.0419,False
SYN-SUBJ-021,SYN-SUBJ-021-SESS-0,26,RECALL,synthetic,1.3338,0.8503,1.2756,0.9267,0.6181,0.4511,0.5573,1.5558,0.9631,0.54,1.1448,1.038,1.8228,0.9221,0.8351,0.9075,1.2428,1.7499,0.6799,0.6311,0.1858,False
SYN-SUBJ-021,SYN-SUBJ-021-SESS-0,27,ENCODING,synthetic,0.9046,1.7725,0.821,0.624,0.827,0.6002,1.6251,1.2904,1.0405,0.7441,0.6089,1.0488,0.8301,0.8865,0.5823,0.8821,1.3974,1.3331,0.7602,0.4995,0.1806,False
SYN-SUBJ-021,SYN-SUBJ-021-SESS-0,28,NEITHER,synthetic,0.7386,1.0542,0.7899,0.9115,0.3528,1.1379,1.308,0.7533,0.762,0.6074,0.8875,1.1288,1.4703,0.8042,0.2944,1.2056,1.2993,0.9357,0.9191,0.0,0.5294,False
SYN-SUBJ-021,SYN-SUBJ-021-SESS-0,29,ENCODING,synthetic,0.9362,1.8426,1.1495,0.8854,0.295,0.8119,1.7789,0.7298,1.0489,0.7992,0.9842,1.4507,0.9768,0.5209,0.9295,1.1857,1.7241,0.5314,1.2588,0.8426,0.082,False
SYN-SUBJ-021,SYN-SUBJ-021-SESS-0,30,ENCODING,synthetic,4.8334,5.1057,3.6749,2.4626,3.8016,2.843,3.2829,3.7398,2.8024,4.2154,4.6222,4.8738,5.37,3.6175,3.6415,3.7138,2.9949,3.0829,3.0302,4.4812,4.4464,True
SYN-SUBJ-021,SYN-SUBJ-021-SESS-0,31,ENCODING,synthetic,3.5277,5.3486,4.4519,5.0728,4.0557,4.4911,4.6564,4.1324,3.9901,2.9572,3.5063,5.6587,4.0715,3.3927,2.7186,4.0052,4.3066,2.8091,3.2229,2.3228,3.1524,True
SYN-SUBJ-021,SYN-SUBJ-021-SESS-0,32,ENCODING,synthetic,2.64,5.3617,2.7236,2.3466,4.1459,3.2296,3.7837,2.9591,3.3275,2.8726,3.3211,4.9147,3.8246,3.6664,2.42,4.341,3.7838,4.7877,4.4614,3.5567,4.0479,True
SYN-SUBJ-021,SYN-SUBJ-021-SESS-0,33,RECALL,synthetic,1.1069,0.6811,1.7158,1.0296,0.7551,0.6998,0.6751,1.3183,0.9658,0.7216,0.9231,1.0146,1.7674,1.6769,0.3277,0.982,1.1307,1.7849,0.8945,0.9945,0.7396,False
SYN-SUBJ-021,SYN-SUBJ-021-SESS-0,34,ENCODING,synthetic,0.9819,1.6448,1.0469,1.0795,0.3441,1.1005,1.5299,1.0573,0.6923,0.3988,0.3879,1.6035,0.8799,1.2801,0.3508,0.9158,1.3294,0.9121,0.9684,0.4415,0.5801,False
SYN-SUBJ-021,SYN-SUBJ-021-SESS-0,35,NEITHER,synthetic,0.5817,0.9085,1.3583,1.1273,0.6022,1.1995,0.807,1.0997,0.4715,0.383,0.7356,1.0026,1.2626,0.4041,0.6549,0.5314,1.0479,1.6105,0.6694,0.1641,0.9426,False
SYN-SUBJ-021,SYN-SUBJ-021-SESS-0,36,RECALL,synthetic,0.7353,1.4523,1.4766,0.804,0.0997,0.8627,0.8038,1.5026,0.9146,0.0,1.1142,1.0157,1.743,0.902,1.0782,0.7846,0.9675,1.9854,1.2387,0.7025,0.8749,False
SYN-SUBJ-021,SYN-SUBJ-021-SESS-0,37,NEITHER,synthetic,0.8498,0.8431,1.1311,1.4419,0.7956,1.2981,0.4726,0.8896,0.7729,0.5101,1.2057,0.9055,0.8681,1.334,0.2878,0.9319,0.6494,1.2228,0.919,0.3539,0.9922,False
SYN-SUBJ-021,SYN-SUBJ-021-SESS-0,38,NEITHER,synthetic,1.5539,0.9908,1.2908,1.0497,0.4049,0.6947,1.2616,0.8731,0.9272,0.4644,0.7841,0.641,0.8223,0.7883,0.5705,0.8175,0.5196,0.7009,0.9157,0.7856,0.448,False
SYN-SUBJ-021,SYN-SUBJ-021-SESS-0,39,ENCODING,synthetic,0.732,1.649,1.11,0.5902,0.4475,0.6569,1.389,1.1398,1.4411,0.7145,0.9584,1.252,0.9744,0.8138,0.1405,1.0579,1.3611,0.7744,0.7378,0.9144,0.9546,False
SYN-SUBJ-021,SYN-SUBJ-021-SESS-0,40,NEITHER,synthetic,1.3268,1.3526,1.3319,1.1252,0.2599,0.99,1.4697,1.336,1.3952,0.8639,1.0527,0.7223,1.0948,1.0995,0.5973,1.4292,0.9117,0.8601,0.6375,0.4697,0.0348,False
SYN-SUBJ-021,SYN-SUBJ-021-SESS-0,41,RECALL,synthetic,1.0584,0.7736,1.3801,0.9719,0.2736,0.6534,1.2191,1.7011,0.9006,0.55,1.166,1.0351,1.0713,1.4043,0.4982,0.974,0.6697,1.8729,0.5687,0.0,0.9087,False
SYN-SUBJ-021,SYN-SUBJ-021-SESS-0,42,NEITHER,synthetic,1.2774,1.0347,0.8514,0.9022,0.3265,0.7496,0.972,0.9514,1.0489,0.4508,0.549,0.9545,0.9023,0.9011,0.1913,0.625,1.1721,1.2403,1.0137,0.2177,0.1465,False
SYN-SUBJ-021,SYN-SUBJ-021-SESS-0,43,RECALL,synthetic,0.4557,1.0043,1.4011,0.8576,0.4121,0.8151,0.9919,1.3447,0.9137,0.4958,1.0649,1.2627,1.3453,0.8636,0.4736,0.7262,0.9894,1.8417,1.174,0.4477,0.0215,False
SYN-SUBJ-021,SYN-SUBJ-021-SESS-0,44,ENCODING,synthetic,0.5036,2.2076,1.4196,0.9482,0.4973,0.8884,1.3177,1.0329,0.6839,0.5272,1.1094,1.5137,0.8584,0.6878,0.4673,1.1002,1.5284,1.2056,1.0584,0.574,0.7333,False
SYN-SUBJ-021,SYN-SUBJ-021-SESS-0,45,NEITHER,synthetic,0.9619,0.5896,0.4002,0.9068,0.5206,1.0766,0.9447,1.1132,0.6546,0.6516,0.7179,1.3677,0.8256,0.9871,0.274,0.4876,0.547,1.2388,1.0959,0.5136,0.2838,False
SYN-SUBJ-021,SYN-SUBJ-021-SESS-0,46,ENCODING,synthetic,0.8764,1.6554,1.273,0.5585,0.8791,0.918,1.4102,1.0975,0.8128,0.7195,1.3458,1.5827,0.9645,1.0583,0.6057,1.1094,1.4134,1.1547,1.1807,0.45,0.4076,False
SYN-SUBJ-021,SYN-SUBJ-021-SESS-0,47,ENCODING,synthetic,1.1108,1.5694,0.9567,0.5958,0.232,0.7775,1.6264,1.5733,0.8596,0.3593,0.9502,1.381,0.77,1.1511,0.6471,0.6819,1.3484,0.8671,1.4568,0.0,0.3541,False
SYN-SUBJ-021,SYN-SUBJ-021-SESS-0,48,ENCODING,synthetic,1.2959,1.8828,0.8414,1.2491,0.5899,1.0465,1.1722,1.3702,1.7142,0.0894,0.9382,1.8935,0.9672,0.9807,0.4699,0.6844,1.6873,1.3718,0.5474,0.7554,0.5228,False
SYN-SUBJ-021,SYN-SUBJ-021-SESS-0,49,ENCODING,synthetic,1.4074,1.4022,1.6923,1.5195,0.537,0.9072,1.6544,1.0607,0.6406,0.2592,1.3495,1.5781,1.3868,1.0992,0.4007,0.5389,1.4153,1.093,0.627,0.6586,0.4697,False
SYN-SUBJ-021,SYN-SUBJ-021-SESS-0,50,NEITHER,synthetic,2.6361,4.8912,4.085,2.5518,2.7689,2.7775,4.5719,2.8526,3.2867,3.3489,2.779,4.0728,3.1098,4.1652,4.3752,3.913,2.6677,5.061,2.9279,1.9153,3.024,True
SYN-SUBJ-021,SYN-SUBJ-021-SESS-0,51,ENCODING,synthetic,2.4895,5.2132,4.3302,3.8945,4.3654,5.0205,4.6427,3.3482,2.6467,3.3924,4.4783,5.1899,3.5789,4.2949,3.7331,3.7826,3.4052,3.3453,4.6686,2.3561,4.0996,True
SYN-SUBJ-021,SYN-SUBJ-021-SESS-0,52,RECALL,synthetic,0.472,0.7278,1.5393,0.66,0.1974,0.688,0.9104,1.8097,1.5306,0.3032,0.5765,0.9286,1.4071,0.7475,0.1476,0.8635,1.6341,1.735,0.8806,0.0723,0.9239,False
SYN-SUBJ-021,SYN-SUBJ-021-SESS-0,53,NEITHER,synthetic,0.8133,0.7197,0.571,0.5931,0.617,0.777,0.6184,1.0679,0.9923,0.4056,1.0158,0.9068,0.8882,1.1319,0.5472,0.5185,0.9053,0.6364,0.7164,0.3786,0.2207,False
SYN-SUBJ-021,SYN-SUBJ-021-SESS-0,54,NEITHER,synthetic,0.975,1.2807,1.2723,1.029,0.1937,0.986,1.415,1.2102,0.456,0.2203,1.3682,0.9162,1.1538,0.8156,0.025,0.4864,1.2707,1.211,0.8966,0.0207,0.1934,False
SYN-SUBJ-021,SYN-SUBJ-021-SESS-0,55,RECALL,synthetic,1.5833,1.1745,1.2064,0.6285,0.5422,1.0723,1.162,1.4137,1.3913,0.2716,0.5972,0.7593,1.2922,1.051,0.5583,0.9749,1.1718,1.7315,1.152,0.3224,0.435,False
SYN-SUBJ-021,SYN-SUBJ-021-SESS-0,56,RECALL,synthetic,0.7144,1.2556,1.2536,1.0454,0.0,1.1483,0.8464,1.4566,1.2176,0.0625,1.1963,1.0203,1.6707,0.6454,0.3612,1.1211,0.9667,1.2766,0.5711,0.5117,0.1992,False
SYN-SUBJ-021,SYN-SUBJ-021-SESS-0,57,NEITHER,synthetic,0.4633,1.1011,0.9341,0.9781,0.3322,0.7726,0.931,0.7914,0.6318,0.1553,0.9302,1.1276,0.8696,1.2696,0.6548,0.9522,1.1626,1.2376,1.1987,0.6288,0.0367,False
SYN-SUBJ-021,SYN-SUBJ-021-SESS-0,58,ENCODING,synthetic,1.3228,1.4271,1.2678,0.8766,0.1375,0.921,1.575,1.1391,0.7766,0.0251,0.9087,1.1431,1.0946,1.2946,0.7414,0.8612,1.5179,0.8426,0.8884,0.4368,0.2181,False
SYN-SUBJ-021,SYN-SUBJ-021-SESS-0,59,NEITHER,synthetic,1.1887,1.0583,1.1681,0.7733,0.9705,0.9878,0.9202,0.4581,0.5511,0.2796,0.7011,0.8862,1.2483,1.2659,0.3173,1.2538,0.8033,1.2715,1.1248,0.4308,0.2464,False
SYN-SUBJ-021,SYN-SUBJ-021-SESS-1,0,RECALL,synthetic,3.9631,4.7416,5.3254,3.4781,4.2477,2.871,4.0149,3.2807,4.5463,3.2537,3.5732,3.4882,4.1087,2.8731,4.2904,3.2986,3.0016,3.9277,3.914,1.6745,3.9528,True
SYN-SUBJ-021,SYN-SUBJ-021-SESS-1,1,RECALL,synthetic,1.4061,1.0745,1.2605,0.9948,0.8179,1.394,1.1581,1.5225,0.7043,0.0025,0.7043,0.7513,1.0743,0.5957,0.4342,1.2269,1.09,1.8125,0.6285,0.4915,0.8829,False
SYN-SUBJ-021,SYN-SUBJ-021-SESS-1,2,NEITHER,synthetic,2.5619,3.3491,4.3004,2.5366,4.1926,4.4294,4.1995,3.4476,3.3045,1.789,4.472,4.9618,4.7743,4.6881,1.9428,4.101,2.6531,3.1493,3.9115,3.9637,2.738,True
SYN-SUBJ-021,SYN-SUBJ-021-SESS-1,3,RECALL,synthetic,1.2448,1.0205,1.3068,0.8244,0.3477,0.6595,1.2583,1.438,0.9796,0.3601,0.7738,1.0882,1.0999,0.9496,0.4529,1.3536,1.0311,1.7074,1.6402,0.3186,0.074,False
SYN-SUBJ-021,SYN-SUBJ-021-SESS-1,4,ENCODING,synthetic,0.7309,1.8954,0.8809,1.1887,0.3364,1.429,1.0846,0.7399,0.6784,0.1169,1.057,1.9376,1.0406,0.9995,0.4158,0.6405,1.6122,0.791,0.8241,0.6539,0.8689,False
SYN-SUBJ-021,SYN-SUBJ-021-SESS-1,5,NEITHER,synthetic,1.3057,0.418,1.1021,1.2072,0.352,1.318,0.8841,1.1372,1.0049,0.7068,0.8338,1.2652,0.7199,0.8601,0.4092,0.9482,0.9318,0.8126,1.0979,0.5602,0.139,False
SYN-SUBJ-021,SYN-SUBJ-021-SESS-1,6,ENCODING,synthetic,1.0609,1.4523,1.1326,1.1656,0.9547,0.6206,1.6831,0.9303,1.088,0.4667,0.8158,1.505,1.4388,0.92,0.405,1.0663,1.4558,0.9726,0.9926,0.3252,0.6438,False
SYN-SUBJ-021,SYN-SUBJ-021-SESS-1,7,RECALL,synthetic,3.5732,3.9284,5.4869,5.0284,3.8087,3.4037,4.9004,3.6033,4.1465,3.5811,3.2857,2.9722,3.1578,3.8255,4.2322,3.7005,2.9313,5.1491,4.6018,3.9551,4.7807,True
SYN-SUBJ-021,SYN-SUBJ-021-SESS-1,8,ENCODING,synthetic,0.8117,2.0143,0.8744,0.8525,0.6776,0.7831,1.6555,0.7937,0.2688,0.3703,0.7651,2.2448,1.0615,0.9969,0.3553,1.0448,1.4019,1.2419,0.9997,0.866,0.846,False
SYN-SUBJ-021,SYN-SUBJ-021-SESS-1,9,NEITHER,synthetic,0.9503,0.6516,1.0876,0.7251,0.7835,1.374,1.0038,1.2102,0.8588,0.8187,0.9276,1.0742,1.0545,1.0555,0.5666,0.8767,0.7211,0.8624,0.8025,0.7212,0.6303,False
SYN-SUBJ-021,SYN-SUBJ-021-SESS-1,10,RECALL,synthetic,3.451,3.1541,4.7828,2.9158,2.1899,3.7191,2.5957,3.7995,2.4797,3.0496,3.3969,4.7439,5.8094,4.7513,3.4186,2.9076,4.3787,4.8874,2.2827,2.2417,2.5662,True
SYN-SUBJ-021,SYN-SUBJ-021-SESS-1,11,NEITHER,synthetic,3.0094,3.682,3.5264,2.9443,4.1972,4.5598,3.0081,2.3792,4.8074,3.2597,4.3466,2.5941,3.7502,3.2244,2.3121,4.298,3.6708,2.962,3.563,4.148,3.538,True
SYN-SUBJ-021,SYN-SUBJ-021-SESS-1,12,ENCODING,synthetic,1.1791,1.3714,1.0487,0.8549,0.1926,1.3425,1.3383,0.9571,0.9249,0.6771,1.0055,1.7154,0.7593,0.7004,0.9054,0.8489,1.4553,1.1136,1.066,0.3163,0.0312,False
SYN-SUBJ-021,SYN-SUBJ-021-SESS-1,13,RECALL,synthetic,0.9647,1.1289,1.412,0.9391,0.7532,0.7529,0.9384,1.6552,1.1676,0.674,1.2572,1.2845,1.6315,1.352,0.5718,1.0885,0.9928,1.286,0.9494,0.0,0.0082,False
SYN-SUBJ-021,SYN-SUBJ-021-SESS-1,14,ENCODING,synthetic,1.1194,1.2141,0.3012,0.8604,0.2462,0.7898,1.7143,1.0246,0.8462,0.2295,1.1849,1.65,1.416,1.1486,0.7822,1.2436,1.4483,0.9489,1.4129,0.5354,0.761,False
SYN-SUBJ-021,SYN-SUBJ-021-SESS-1,15,NEITHER,synthetic,0.6133,1.0257,0.6913,1.419,0.4794,1.2166,0.8201,0.7199,1.0372,0.7113,0.9321,1.0865,0.5891,0.8537,0.724,0.704,1.0484,1.096,0.8547,0.0,0.8134,False
SYN-SUBJ-021,SYN-SUBJ-021-SESS-1,16,RECALL,synthetic,1.0235,1.3018,1.0858,1.1209,0.6218,0.9224,1.0966,1.9982,0.9863,0.1059,0.4909,1.1704,1.3766,0.9164,0.9525,1.137,1.1924,1.6395,0.8035,0.82,0.7139,False
SYN-SUBJ-021,SYN-SUBJ-021-SESS-1,17,RECALL,synthetic,0.9322,0.9681,2.0361,1.0541,0.6008,0.8902,1.1152,1.9277,1.0136,0.1495,0.9442,1.0658,1.2021,1.1806,0.1046,0.9883,0.9792,1.7837,1.0101,0.8643,0.6702,False
SYN-SUBJ-021,SYN-SUBJ-021-SESS-1,18,NEITHER,synthetic,1.325,0.8943,0.5735,0.7445,0.2646,1.0597,1.2397,1.1068,0.8514,0.3861,0.9106,0.8888,1.0364,0.9804,0.6677,1.0829,0.9446,0.9973,0.9874,0.0492,0.2865,False
SYN-SUBJ-021,SYN-SUBJ-021-SESS-1,19,RECALL,synthetic,1.3567,0.6051,1.9244,1.2409,0.8436,1.2317,0.6301,1.5021,1.3422,0.226,1.0109,0.6257,1.4792,1.2724,0.6206,1.4701,0.9686,1.6078,1.1886,0.5018,0.4447,False
SYN-SUBJ-021,SYN-SUBJ-021-SESS-1,20,ENCODING,synthetic,0.9908,1.4905,1.053,0.843,0.8645,0.7318,1.4655,0.89,0.7339,0.4179,0.7394,1.5661,1.3129,0.8577,0.7158,0.8691,1.3359,1.2152,1.1231,0.3915,0.2639,False
SYN-SUBJ-021,SYN-SUBJ-021-SESS-1,21,NEITHER,synthetic,0.9405,1.0985,1.0266,1.1663,0.9095,1.1339,1.2573,0.6264,1.2292,0.7945,0.8417,0.8931,1.0657,1.5141,0.4578,1.2878,1.0886,0.9721,1.2062,0.4946,0.3083,False
SYN-SUBJ-021,SYN-SUBJ-021-SESS-1,22,NEITHER,synthetic,1.2576,0.7836,1.3028,0.9901,0.2778,0.7472,1.1924,0.7449,1.1849,0.4515,0.9755,0.7129,0.914,0.9545,0.2523,0.9788,0.8314,0.5768,0.8425,0.4998,0.4641,False
SYN-SUBJ-021,SYN-SUBJ-021-SESS-1,23,RECALL,synthetic,0.7721,1.094,1.5547,0.8409,0.423,1.0939,1.0254,1.6529,0.7898,0.5764,1.0483,1.0854,1.6834,0.8408,0.7929,0.9457,1.3722,1.3566,0.9074,0.5505,0.2066,False
SYN-SUBJ-021,SYN-SUBJ-021-SESS-1,24,ENCODING,synthetic,0.8696,1.3058,1.2628,0.5963,0.3564,1.071,1.259,1.2009,0.687,0.7148,0.4592,1.7448,0.825,1.0369,0.9258,0.8322,2.2669,0.7817,0.5366,0.4845,0.4819,False
SYN-SUBJ-021,SYN-SUBJ-021-SESS-1,25,NEITHER,synthetic,0.9863,0.8837,0.5614,0.5883,0.8997,1.051,1.2671,0.8122,0.9058,0.5529,1.5178,0.7573,1.0641,0.9229,0.3258,0.7435,1.4094,0.8843,1.1853,0.9123,0.4551,False
SYN-SUBJ-021,SYN-SUBJ-021-SESS-1,26,NEITHER,synthetic,1.0188,1.0965,0.9518,0.9338,0.3963,0.7103,0.631,1.0322,1.2264,0.2819,0.5857,0.7477,1.2977,1.0833,0.2265,1.0229,0.8901,0.8431,1.1066,0.3737,0.6761,False
SYN-SUBJ-021,SYN-SUBJ-021-SESS-1,27,ENCODING,synthetic,1.1516,1.6839,1.1278,0.9354,0.6134,0.7358,1.7809,0.9311,0.9377,0.5584,1.5022,1.6205,1.2623,1.1152,0.0099,1.3711,1.5996,1.2252,0.8087,0.8079,0.4548,False
SYN-SUBJ-021,SYN-SUBJ-021-SESS-1,28,NEITHER,synthetic,1.2179,0.8442,1.1296,1.1236,0.2672,0.9271,1.3745,0.8531,1.0012,0.1717,0.9606,0.9861,1.3266,1.2689,0.3816,1.0754,0.9925,1.0118,1.174,0.306,0.4124,False
SYN-SUBJ-021,SYN-SUBJ-021-SESS-1,29,NEITHER,synthetic,1.0483,0.632,0.2995,1.5274,0.4258,1.1298,0.693,0.938,0.9889,0.5405,0.6406,1.099,0.8866,1.2067,0.5729,0.9575,0.6956,1.0196,0.8521,0.3184,0.5779,False
SYN-SUBJ-021,SYN-SUBJ-021-SESS-1,30,RECALL,synthetic,3.7589,4.3109,3.8382,2.5615,3.3705,4.62,3.4266,3.4948,5.2298,2.776,3.5557,4.6459,4.959,3.6348,2.3477,4.2237,2.8673,3.6918,3.9093,3.0879,2.7587,True
SYN-SUBJ-021,SYN-SUBJ-021-SESS-1,31,ENCODING,synthetic,2.988,5.0594,4.3721,4.7827,3.2331,4.7621,4.7775,4.8344,4.8976,2.2174,4.0534,3.5952,2.3097,3.4599,3.4577,2.5344,3.9554,4.1423,3.9647,2.3987,3.6452,True
SYN-SUBJ-021,SYN-SUBJ-021-SESS-1,32,ENCODING,synthetic,1.1426,1.7171,0.5516,1.0577,0.374,1.0333,1.2356,0.5086,0.7293,0.5237,1.0064,1.2094,0.7275,1.1143,0.6222,0.7759,1.4326,0.6022,0.6384,0.5403,0.837,False
SYN-SUBJ-021,SYN-SUBJ-021-SESS-1,33,RECALL,synthetic,0.9034,0.9589,1.6737,0.8897,0.3281,0.628,0.7732,1.5936,1.1473,0.633,1.5485,0.5234,1.3314,0.8032,0.0,1.0819,0.8241,1.6039,1.3075,0.0882,0.0238,False
SYN-SUBJ-021,SYN-SUBJ-021-SESS-1,34,ENCODING,synthetic,1.0493,1.6408,0.8444,1.5238,0.2286,0.5837,1.6809,0.9074,1.1078,0.4714,1.1454,1.4086,0.9892,1.2949,0.8209,0.9325,1.6087,0.6657,0.9077,0.2997,0.1341,False
SYN-SUBJ-021,SYN-SUBJ-021-SESS-1,35,ENCODING,synthetic,0.3814,1.7675,0.8076,0.7001,0.0,1.205,1.9586,1.0072,0.7249,0.5361,0.9514,1.5848,0.5928,0.6212,0.1089,1.0323,1.6927,1.1881,1.2499,0.6683,0.7071,False
SYN-SUBJ-021,SYN-SUBJ-021-SESS-1,36,NEITHER,synthetic,0.7952,0.8267,0.8859,1.001,0.2347,1.1959,0.9796,1.1245,1.073,0.5927,0.4027,1.0017,0.7829,1.1014,0.4456,1.583,1.3656,1.0903,1.2512,0.4517,0.1193,False
SYN-SUBJ-021,SYN-SUBJ-021-SESS-1,37,ENCODING,synthetic,1.3689,1.6246,1.0723,0.8571,0.6079,1.089,1.758,1.053,0.9175,0.3667,0.8199,1.4682,0.8421,0.9285,0.2978,1.0219,1.4825,1.4239,0.7895,0.3274,0.395,False
SYN-SUBJ-021,SYN-SUBJ-021-SESS-1,38,RECALL,synthetic,0.8044,0.8703,1.7462,1.3017,0.563,0.8696,1.1995,1.7966,1.3782,0.4423,1.6282,0.8742,1.6085,0.6643,0.6519,0.7666,1.1342,1.6486,1.0519,0.7499,0.6279,False
SYN-SUBJ-021,SYN-SUBJ-021-SESS-1,39,ENCODING,synthetic,0.0811,1.4111,1.4325,0.9944,0.4145,0.9015,1.6325,0.5543,0.9344,0.2124,0.4763,1.0816,1.254,0.7176,0.5507,1.0073,1.3813,0.6325,0.968,0.5893,0.2342,False
SYN-SUBJ-021,SYN-SUBJ-021-SESS-1,40,ENCODING,synthetic,1.2484,1.748,0.7717,1.2615,0.2026,0.5017,1.7776,0.868,1.3481,0.6804,1.0731,1.466,1.0213,0.593,0.2176,0.8669,1.1993,1.4868,1.0028,0.2243,0.7115,False
SYN-SUBJ-021,SYN-SUBJ-021-SESS-1,41,ENCODING,synthetic,1.2504,1.2541,0.423,1.1423,0.4652,0.9222,1.7506,0.9859,1.0039,1.0409,0.7557,2.0796,0.6575,0.7312,0.235,1.3956,1.6611,1.4873,0.5232,0.2898,0.9351,False
SYN-SUBJ-021,SYN-SUBJ-021-SESS-1,42,NEITHER,synthetic,0.8457,0.7642,0.9853,0.9309,0.6072,1.2396,0.6041,0.9551,0.7939,0.4304,0.7959,1.1134,1.0281,0.9013,0.7301,0.6997,0.9901,0.7207,1.5024,0.2106,0.5753,False
SYN-SUBJ-021,SYN-SUBJ-021-SESS-1,43,ENCODING,synthetic,1.1155,1.4266,0.9011,0.9415,0.4262,0.9246,1.515,1.0421,1.3856,0.8232,1.1209,1.3301,1.2552,0.9634,0.5827,1.4394,1.8764,0.9311,1.2018,0.3354,0.1491,False
SYN-SUBJ-021,SYN-SUBJ-021-SESS-1,44,RECALL,synthetic,0.767,0.7238,1.2088,1.1823,0.3831,0.9745,0.5282,1.6262,0.7082,1.272,1.399,1.2902,1.8856,1.01,0.0757,0.6285,1.4046,1.8228,0.8609,0.3847,0.8774,False
SYN-SUBJ-021,SYN-SUBJ-021-SESS-1,45,ENCODING,synthetic,0.5857,1.3684,0.9586,0.7802,0.4377,0.8365,1.5269,0.9215,0.717,0.6243,1.1403,1.5253,0.6724,1.3308,0.2938,1.0999,1.1727,1.2998,0.5363,0.056,0.7569,False
SYN-SUBJ-021,SYN-SUBJ-021-SESS-1,46,NEITHER,synthetic,1.1534,0.976,1.0364,0.9572,0.51,1.0852,1.1715,0.4806,0.5539,0.0438,1.3923,0.7729,0.959,0.9815,0.9968,1.0442,0.9223,0.7431,1.3994,0.5971,0.5577,False
SYN-SUBJ-021,SYN-SUBJ-021-SESS-1,47,RECALL,synthetic,0.9322,1.2251,1.2201,1.048,0.0358,1.0908,1.1037,1.2738,0.9815,0.891,0.9052,0.4621,1.5193,0.8807,0.6899,0.6286,0.9948,1.7585,1.1438,0.8757,0.993,False
SYN-SUBJ-021,SYN-SUBJ-021-SESS-1,48,ENCODING,synthetic,0.8586,1.5387,1.2127,0.6613,0.0786,0.6266,1.5741,0.7028,0.817,0.7574,0.8584,1.9292,0.8459,1.0895,0.4508,0.5281,1.733,0.9984,0.7379,0.1793,0.5114,False
SYN-SUBJ-021,SYN-SUBJ-021-SESS-1,49,RECALL,synthetic,1.2451,0.8941,1.6294,0.664,0.8684,1.2788,0.7021,1.4774,1.0246,0.8539,1.1785,1.2025,1.6777,0.7601,0.3348,0.6903,1.0395,1.3801,1.0972,0.8118,0.7153,False
SYN-SUBJ-021,SYN-SUBJ-021-SESS-1,50,NEITHER,synthetic,0.9256,1.0249,0.7203,0.6126,0.1258,0.7929,0.9055,0.9607,1.1034,0.687,0.9414,0.8955,0.8144,0.9881,0.3888,1.1454,0.9595,0.9674,0.7348,0.3284,0.6611,False
SYN-SUBJ-021,SYN-SUBJ-021-SESS-1,51,NEITHER,synthetic,1.2273,1.0287,0.8267,1.094,0.1207,0.487,0.6709,1.0446,0.724,0.0715,0.8928,0.6007,0.7806,0.7763,0.573,1.2067,0.7235,1.1383,0.9064,0.9864,0.1602,False
SYN-SUBJ-021,SYN-SUBJ-021-SESS-1,52,ENCODING,synthetic,1.3137,1.125,0.5197,0.8814,0.3113,1.62,1.4788,1.0316,0.5837,0.2928,0.8302,1.8736,0.6882,1.2718,0.6207,0.6221,1.687,0.7256,1.3124,0.4899,0.2561,False
SYN-SUBJ-021,SYN-SUBJ-021-SESS-1,53,NEITHER,synthetic,0.8095,0.7895,1.2779,1.7881,0.4435,1.4578,0.8299,0.6364,1.2345,0.3057,0.9684,0.8691,1.0349,0.8411,0.6277,0.707,0.8271,0.539,1.0427,0.2692,0.5832,False
SYN-SUBJ-021,SYN-SUBJ-021-SESS-1,54,RECALL,synthetic,1.5523,1.4416,1.5835,0.9073,1.0158,1.192,0.4572,1.427,1.4295,0.6875,0.8618,1.3661,1.7813,0.796,0.4092,0.9968,1.1303,1.3101,1.005,0.0562,0.714,False
SYN-SUBJ-021,SYN-SUBJ-021-SESS-1,55,RECALL,synthetic,0.9446,0.8348,2.0297,0.4176,0.4941,0.8325,0.9565,1.6143,0.6614,0.3982,1.169,1.1344,1.8633,0.7457,0.3605,1.4631,0.5989,1.5239,0.7814,0.438,0.1549,False
SYN-SUBJ-021,SYN-SUBJ-021-SESS-1,56,NEITHER,synthetic,0.8692,1.2682,0.6656,0.6774,0.6349,0.94,0.6374,0.9687,0.9916,0.291,0.7545,1.202,0.9984,0.7997,0.1783,0.9062,1.2224,1.1832,0.7675,0.6472,0.3445,False
SYN-SUBJ-021,SYN-SUBJ-021-SESS-1,57,NEITHER,synthetic,0.6509,0.6946,0.968,0.6155,0.6173,1.295,0.676,1.0494,0.7469,0.5057,0.826,0.7367,1.0203,0.8858,0.8123,1.1954,0.7387,1.096,0.618,0.0,0.1039,False
SYN-SUBJ-021,SYN-SUBJ-021-SESS-1,58,NEITHER,synthetic,1.108,0.9781,0.8813,1.3496,0.4356,1.1615,0.8565,0.8529,0.7512,0.469,0.8402,1.2264,0.6986,0.7733,0.5068,0.6757,1.2862,1.1108,0.4801,0.379,0.6745,False
SYN-SUBJ-021,SYN-SUBJ-021-SESS-1,59,NEITHER,synthetic,0.9742,0.464,0.6256,0.6583,0.4109,0.9929,1.5112,1.2109,0.7294,0.4782,0.837,0.6658,0.8538,0.6975,0.6193,0.6775,1.1463,0.8788,0.3624,0.0,0.6171,False
SYN-SUBJ-022,SYN-SUBJ-022-SESS-0,0,NEITHER,synthetic,1.0703,0.5946,1.1677,1.2942,0.6875,1.4616,1.3584,1.2034,0.9441,1.0157,1.1248,1.0416,1.2741,1.2123,0.5144,1.4041,1.7496,0.7153,1.2538,0.6708,0.3256,False
SYN-SUBJ-022,SYN-SUBJ-022-SESS-0,1,RECALL,synthetic,1.3777,0.8353,1.5243,1.243,0.0625,1.103,1.397,1.7492,1.176,1.1623,1.3627,1.0215,1.8592,0.8172,0.2738,0.9531,1.1603,0.9579,1.2373,0.6217,0.0108,False
SYN-SUBJ-022,SYN-SUBJ-022-SESS-0,2,RECALL,synthetic,0.7475,1.0879,1.4743,0.9689,0.2869,1.4543,0.991,0.908,0.9204,0.5448,1.0146,1.2412,1.7855,1.0049,0.4911,0.8927,1.2487,1.5502,1.5986,0.5859,0.5787,False
SYN-SUBJ-022,SYN-SUBJ-022-SESS-0,3,RECALL,synthetic,0.9758,0.8945,1.4969,1.3531,0.7244,1.0302,0.7178,1.7249,1.4131,0.5696,0.8526,1.3587,1.577,1.0435,0.2614,1.329,1.5877,1.4542,1.2932,0.5609,0.9325,False
SYN-SUBJ-022,SYN-SUBJ-022-SESS-0,4,NEITHER,synthetic,0.8479,1.394,0.5094,1.2381,0.3737,0.4588,1.0091,1.0101,1.1839,0.4034,1.0212,0.8668,1.0789,1.0537,0.1176,0.8912,1.5272,1.0914,0.8954,0.1989,0.6412,False
SYN-SUBJ-022,SYN-SUBJ-022-SESS-0,5,RECALL,synthetic,1.0768,0.7299,1.4486,1.1102,0.6524,0.7823,1.3909,1.4822,1.4177,0.4968,1.113,1.0215,1.5648,0.9777,0.217,0.9556,1.1241,1.7392,0.8584,0.1627,0.2635,False
SYN-SUBJ-022,SYN-SUBJ-022-SESS-0,6,NEITHER,synthetic,1.4171,0.878,1.0714,1.0004,0.8219,0.6373,0.602,1.1883,1.3586,0.2752,1.423,0.7114,1.0135,1.3351,0.9143,0.6852,0.9822,0.5647,1.0974,0.8388,0.143,False
SYN-SUBJ-022,SYN-SUBJ-022-SESS-0,7,NEITHER,synthetic,3.1152,4.3253,3.8686,4.8705,2.6269,2.792,4.1116,4.1243,4.034,3.0502,3.2503,4.1765,3.7919,3.0939,3.2941,3.4334,2.818,4.5623,3.4386,2.6625,4.3048,True
SYN-SUBJ-022,SYN-SUBJ-022-SESS-0,8,ENCODING,synthetic,1.2804,1.7749,1.2715,1.6165,0.5152,1.2836,1.4184,0.7654,1.0851,0.5638,1.3442,1.577,1.1828,1.0847,0.3257,1.4748,1.8117,1.1703,1.0704,0.4386,0.0534,False
SYN-SUBJ-022,SYN-SUBJ-022-SESS-0,9,NEITHER,synthetic,1.0816,0.8766,1.1217,0.9687,0.4171,1.5547,1.0994,0.9192,1.2118,0.6247,1.0792,0.9804,0.5564,1.2994,0.2261,0.8392,0.7984,0.8889,0.8249,0.4265,0.5899,False
SYN-SUBJ-022,SYN-SUBJ-022-SESS-0,10,NEITHER,synthetic,1.0757,0.829,0.7837,1.0249,0.8635,1.1906,1.2457,1.0109,0.8195,0.782,1.2237,0.8415,0.4412,1.1838,0.5905,1.1096,1.194,0.8416,1.426,0.723,0.7421,False
SYN-SUBJ-022,SYN-SUBJ-022-SESS-0,11,NEITHER,synthetic,5.1983,4.2607,2.7831,5.0788,4.1539,3.5435,3.4545,3.6037,3.4139,1.9958,3.5952,3.328,3.2046,3.0641,1.6219,3.3677,3.7977,4.2793,4.7428,3.318,2.8376,True
SYN-SUBJ-022,SYN-SUBJ-022-SESS-0,12,NEITHER,synthetic,0.9812,0.8201,0.7977,1.1342,0.6407,1.1942,1.4053,0.946,1.4682,0.2281,1.0749,1.0235,1.1343,0.9092,0.5876,1.0204,1.0912,0.6594,1.1757,0.2702,0.4461,False
SYN-SUBJ-022,SYN-SUBJ-022-SESS-0,13,NEITHER,synthetic,0.752,1.0773,1.0384,0.7728,0.2384,0.9748,0.7648,0.8605,0.7223,0.8181,0.8604,1.1419,0.8228,0.9014,0.7383,0.9367,1.0741,0.9505,1.6148,0.7157,0.2513,False
SYN-SUBJ-022,SYN-SUBJ-022-SESS-0,14,RECALL,synthetic,0.7765,0.8804,1.0483,1.0615,0.3075,1.2117,1.3753,1.5464,0.9082,1.1573,1.2792,1.3373,1.5151,1.2407,0.1326,1.2269,0.739,1.5449,1.1535,0.8619,0.317,False
SYN-SUBJ-022,SYN-SUBJ-022-SESS-0,15,NEITHER,synthetic,0.8085,1.2729,1.1304,1.6264,0.6719,1.0067,0.8216,0.6192,1.1453,0.1217,1.1605,1.1781,0.9917,1.3026,0.6704,0.7881,1.1892,1.2657,0.6062,0.8341,0.2,False
SYN-SUBJ-022,SYN-SUBJ-022-SESS-0,16,NEITHER,synthetic,1.1774,0.7293,1.2642,1.4884,0.5078,0.4732,1.299,0.9688,1.5375,0.9848,0.7842,1.6087,1.0096,0.7467,0.6583,0.4568,0.6872,0.8204,1.5235,0.8521,0.3638,False
SYN-SUBJ-022,SYN-SUBJ-022-SESS-0,17,ENCODING,synthetic,0.79,1.1908,0.8921,1.3426,0.7977,1.0841,1.4508,1.1973,1.1773,0.3813,1.073,1.6791,0.858,1.2802,0.5944,1.0437,1.551,1.1591,0.8703,0.7756,0.6783,False
SYN-SUBJ-022,SYN-SUBJ-022-SESS-0,18,ENCODING,synthetic,1.1487,1.2819,1.2718,1.1524,0.5937,1.1086,1.5977,1.3159,0.7879,0.411,0.9692,1.543,0.8869,1.3761,0.2751,1.074,1.6859,1.0249,0.8863,0.1083,0.0046,False
SYN-SUBJ-022,SYN-SUBJ-022-SESS-0,19,ENCODING,synthetic,1.1826,1.5952,1.1738,1.3113,0.0371,0.537,1.8573,0.4863,0.9022,0.3624,1.1866,1.4645,0.8673,0.8048,0.623,0.9827,1.652,1.3871,0.6767,0.789,0.6208,False
SYN-SUBJ-022,SYN-SUBJ-022-SESS-0,20,NEITHER,synthetic,2.9803,3.3102,3.2396,3.0968,4.3503,4.6077,5.1589,3.724,4.6527,2.1049,4.9384,3.6174,4.2296,2.994,4.0619,2.6122,3.7627,3.1499,3.6148,4.369,5.0385,True
SYN-SUBJ-022,SYN-SUBJ-022-SESS-0,21,NEITHER,synthetic,0.8257,1.1419,1.0489,1.3228,0.4721,1.4749,1.0025,0.9914,1.3369,0.6856,1.262,0.5857,0.7391,0.884,0.585,1.2147,1.3644,1.0703,0.9384,0.3757,0.3754,False
SYN-SUBJ-022,SYN-SUBJ-022-SESS-0,22,RECALL,synthetic,0.9334,0.6929,1.5716,0.8978,0.6632,1.4564,1.4304,1.4105,0.7229,0.3255,1.4928,1.3481,1.5978,1.2557,0.3974,1.4654,1.1848,1.5985,1.0878,0.8103,0.3954,False
SYN-SUBJ-022,SYN-SUBJ-022-SESS-0,23,ENCODING,synthetic,0.2351,1.5625,1.3446,1.3001,0.7355,1.0079,1.8201,0.9436,0.7381,0.4541,1.2301,1.3362,0.6936,0.8402,0.5818,0.8655,1.4308,1.0642,0.595,0.7012,0.63,False
SYN-SUBJ-022,SYN-SUBJ-022-SESS-0,24,NEITHER,synthetic,0.7647,1.081,1.0856,0.9016,1.1946,1.3551,1.4643,1.3564,1.6003,0.175,0.7362,1.1972,1.3773,0.9933,0.1651,0.8485,1.2117,1.0209,1.0091,0.427,0.9243,False
SYN-SUBJ-022,SYN-SUBJ-022-SESS-0,25,RECALL,synthetic,1.0999,0.4503,1.44,0.9745,0.619,1.0971,1.0277,1.4294,1.2519,0.9261,1.3308,0.8725,1.2011,0.8727,0.1544,0.7223,1.2206,1.2381,1.4201,0.8245,0.6584,False
SYN-SUBJ-022,SYN-SUBJ-022-SESS-0,26,ENCODING,synthetic,1.0342,1.7391,1.2846,1.4678,0.6481,0.9858,1.147,0.4967,0.8985,0.7541,0.8884,1.6464,1.3795,1.2681,0.3588,1.4286,2.0981,1.05,1.3684,0.5762,0.6793,False
SYN-SUBJ-022,SYN-SUBJ-022-SESS-0,27,NEITHER,synthetic,1.0245,0.8936,0.803,1.0804,0.4565,1.2364,1.181,0.8529,0.7029,0.569,0.5177,0.9375,1.0824,0.9765,0.5201,1.1097,0.8951,0.9334,1.2356,0.586,0.6128,False
SYN-SUBJ-022,SYN-SUBJ-022-SESS-0,28,RECALL,synthetic,0.9964,1.2424,1.3353,1.1868,0.5949,1.4182,1.1679,2.0882,0.8131,0.297,1.3101,1.2801,1.7345,1.3448,0.4213,1.1087,0.9901,1.4642,1.1806,0.3831,0.2249,False
SYN-SUBJ-022,SYN-SUBJ-022-SESS-0,29,RECALL,synthetic,0.9165,0.9953,1.9856,0.92,0.3837,1.2421,1.4163,1.7376,1.4253,0.8695,0.8615,1.0466,1.5657,0.8586,0.8567,1.1978,0.9397,1.7884,1.0634,0.6579,0.982,False
SYN-SUBJ-022,SYN-SUBJ-022-SESS-0,30,RECALL,synthetic,1.0967,1.2282,1.5547,0.8084,0.2249,1.2223,0.9741,1.1727,1.0451,0.5799,1.3752,1.0161,1.4231,1.2901,0.1311,0.7008,1.1584,1.1115,0.88,0.6856,0.8249,False
SYN-SUBJ-022,SYN-SUBJ-022-SESS-0,31,RECALL,synthetic,0.7888,0.6435,2.1613,1.1513,0.8746,1.1044,1.2108,1.4161,0.7873,0.4566,1.3008,1.1101,1.1674,0.4277,0.5086,1.1962,1.0843,2.037,0.9846,0.5857,0.7055,False
SYN-SUBJ-022,SYN-SUBJ-022-SESS-0,32,RECALL,synthetic,2.7578,4.5145,4.0411,3.1716,2.3658,4.1001,4.3995,4.2955,4.2423,3.9388,2.8275,3.291,4.572,4.8914,2.6482,2.9403,4.6217,3.699,3.7505,3.4191,5.1076,True
SYN-SUBJ-022,SYN-SUBJ-022-SESS-0,33,ENCODING,synthetic,1.0667,1.5344,1.044,1.0541,0.524,1.1086,1.8065,0.7712,0.7525,0.8623,1.0039,1.7021,0.7874,0.6105,0.7787,0.5129,1.4386,0.9015,0.8896,0.5163,0.6743,False
SYN-SUBJ-022,SYN-SUBJ-022-SESS-0,34,NEITHER,synthetic,0.6963,1.0517,0.7676,1.1646,1.0455,1.1289,1.5573,1.2335,1.2906,0.4181,1.4179,1.2821,1.2329,1.0222,0.3626,1.1924,1.1403,1.2383,0.6621,0.8061,0.2893,False
SYN-SUBJ-022,SYN-SUBJ-022-SESS-0,35,ENCODING,synthetic,0.797,1.5221,1.1515,1.0414,0.2004,0.9014,1.3364,1.2369,0.8265,0.5997,1.1761,1.6661,0.8045,1.4909,0.6852,1.1474,1.8446,0.9502,0.9788,0.5667,0.7063,False
SYN-SUBJ-022,SYN-SUBJ-022-SESS-0,36,ENCODING,synthetic,1.0348,1.6837,0.8462,0.8367,0.503,1.0952,2.1218,1.2168,1.045,0.3809,1.246,1.8795,0.9478,1.4433,0.5737,1.3265,1.6158,1.0893,0.4625,0.39,0.4579,False
SYN-SUBJ-022,SYN-SUBJ-022-SESS-0,37,ENCODING,synthetic,0.8711,1.8745,0.8735,1.0775,0.224,1.5542,1.9592,1.1536,1.1158,1.205,1.0701,1.4749,1.2271,1.1218,0.5069,1.0024,1.7257,1.0032,1.1478,0.2655,0.6989,False
SYN-SUBJ-022,SYN-SUBJ-022-SESS-0,38,RECALL,synthetic,0.8664,0.8958,1.4167,1.1143,0.1454,0.7451,1.1082,1.0891,0.7676,0.5427,0.7275,0.9487,1.9713,0.938,0.2449,1.1234,0.5267,1.2867,1.3147,0.3781,0.5451,False
SYN-SUBJ-022,SYN-SUBJ-022-SESS-0,39,RECALL,synthetic,1.0354,1.0839,1.6032,1.1987,0.2175,0.5577,1.3667,1.8352,0.7888,0.4108,0.5566,0.8187,1.7759,0.7789,0.7118,0.9744,1.0462,1.6293,0.9387,0.7391,0.239,False
SYN-SUBJ-022,SYN-SUBJ-022-SESS-0,40,RECALL,synthetic,1.2294,0.9903,1.2255,1.2488,0.3041,0.9558,1.4711,1.4195,0.831,0.5244,1.1712,1.1178,1.2925,0.9635,0.5179,0.9524,1.0798,1.4007,1.2447,0.2717,0.8606,False
SYN-SUBJ-022,SYN-SUBJ-022-SESS-0,41,ENCODING,synthetic,0.4265,1.5379,1.4545,1.2539,0.4761,0.8347,1.7628,0.7639,1.0525,0.763,0.5594,1.5164,1.2325,1.284,0.681,0.4409,1.7847,0.7747,0.9528,0.4046,0.0429,False
SYN-SUBJ-022,SYN-SUBJ-022-SESS-0,42,RECALL,synthetic,0.9469,0.9877,2.0459,1.017,0.6492,1.0666,1.2138,1.9044,1.1721,0.4894,1.2387,1.0352,1.5188,0.989,0.2513,1.4475,1.0493,1.4371,0.8115,0.7066,0.9168,False
SYN-SUBJ-022,SYN-SUBJ-022-SESS-0,43,ENCODING,synthetic,5.2201,3.1151,4.923,2.3737,2.4943,4.1612,4.4225,5.0671,2.1855,3.9591,3.0949,3.8028,4.5909,4.3808,2.3174,3.053,4.1604,4.339,3.0852,1.926,4.9917,True
SYN-SUBJ-022,SYN-SUBJ-022-SESS-0,44,NEITHER,synthetic,0.8855,0.9834,1.1659,1.2648,0.6575,0.5806,1.2067,1.1625,1.5505,0.2859,0.8979,0.7882,1.1542,0.9509,0.217,0.9102,0.7446,1.0887,1.3519,0.7012,0.3496,False
SYN-SUBJ-022,SYN-SUBJ-022-SESS-0,45,NEITHER,synthetic,0.7085,1.5086,0.7997,1.3968,0.304,0.8287,0.8405,1.3069,1.3278,0.7831,0.853,0.4992,1.2359,1.1269,0.8078,0.7688,0.9731,1.1742,0.9932,0.1701,0.7214,False
SYN-SUBJ-022,SYN-SUBJ-022-SESS-0,46,ENCODING,synthetic,1.2644,1.6346,0.9167,0.8407,0.65,0.8474,1.3482,0.9744,1.0833,0.4894,0.9121,1.5259,0.7026,1.2043,0.871,1.3013,2.0239,1.2479,1.0758,1.2798,0.3219,False
SYN-SUBJ-022,SYN-SUBJ-022-SESS-0,47,NEITHER,synthetic,1.0137,1.0257,0.8353,0.6798,0.1008,1.1799,1.2166,1.1424,0.9798,0.7962,1.3096,1.3666,1.1996,1.1687,0.6138,1.1515,0.7563,0.767,1.4473,0.7577,0.7789,False
SYN-SUBJ-022,SYN-SUBJ-022-SESS-0,48,ENCODING,synthetic,0.9768,1.5295,1.3304,1.09,0.6082,0.6402,1.5686,1.3587,0.9257,0.55,0.9075,1.7294,1.0581,1.1712,0.8973,1.3356,1.7889,1.0413,0.6889,0.6381,0.718,False
SYN-SUBJ-022,SYN-SUBJ-022-SESS-0,49,NEITHER,synthetic,0.6259,0.9111,0.968,1.0462,1.0089,1.7138,0.9177,0.7932,1.1292,0.1968,1.157,0.9182,0.8756,1.1612,0.3188,1.1936,1.2332,0.8165,0.847,0.5769,0.7808,False
SYN-SUBJ-022,SYN-SUBJ-022-SESS-0,50,ENCODING,synthetic,0.971,1.7213,1.2226,1.6512,0.4963,0.4084,1.8108,1.1795,1.0196,0.4993,0.9424,1.5124,0.7901,1.1822,0.5705,0.9002,1.9577,1.092,1.0417,0.6895,0.1209,False
SYN-SUBJ-022,SYN-SUBJ-022-SESS-0,51,ENCODING,synthetic,1.2749,1.3504,0.9172,1.1586,0.4565,1.0936,1.2827,0.8898,0.9621,0.6655,1.1196,2.0084,1.281,1.1758,0.2192,0.755,1.6551,0.7803,0.9998,0.7532,0.9721,False
SYN-SUBJ-022,SYN-SUBJ-022-SESS-0,52,NEITHER,synthetic,1.5202,0.9117,1.1738,0.456,0.3263,0.9843,1.4051,0.8875,0.8662,0.9564,1.0842,0.8614,1.2113,1.0625,0.2796,1.3251,0.9465,1.1486,1.8306,0.5526,0.4878,False
SYN-SUBJ-022,SYN-SUBJ-022-SESS-0,53,RECALL,synthetic,0.6703,0.6165,1.3745,0.4159,0.4243,0.9392,1.0557,1.58,0.5796,0.6543,1.4112,1.0817,1.9635,1.0822,0.6535,1.0421,1.162,1.4075,0.6789,0.4556,0.7207,False
SYN-SUBJ-022,SYN-SUBJ-022-SESS-0,54,RECALL,synthetic,1.0427,0.5265,1.6012,1.0784,0.373,1.1681,0.6448,1.4917,1.0169,0.7015,0.8063,1.0262,1.4905,1.2032,0.5797,1.1952,0.7442,1.6088,1.1008,0.1418,0.1608,False
SYN-SUBJ-022,SYN-SUBJ-022-SESS-0,55,RECALL,synthetic,1.0037,1.2874,1.6225,1.0315,0.5641,1.0525,1.0966,1.5446,0.7508,0.1831,1.2155,1.5843,1.8691,0.7319,0.8123,0.979,1.084,1.469,1.3492,0.701,0.2808,False
SYN-SUBJ-022,SYN-SUBJ-022-SESS-0,56,NEITHER,synthetic,1.7679,0.9741,0.9363,0.9633,0.7335,1.2184,0.9921,1.0806,0.4612,0.6525,0.8523,0.8006,0.7167,1.0746,0.3075,1.1477,1.179,1.1223,1.3347,0.9897,0.7642,False
SYN-SUBJ-022,SYN-SUBJ-022-SESS-0,57,RECALL,synthetic,1.2132,0.7773,1.3467,0.9516,0.951,0.9332,1.0144,1.7746,1.1191,0.7067,1.1732,0.7006,1.3048,1.0433,0.4779,1.0629,0.9108,1.7322,1.0429,0.2839,0.8617,False
SYN-SUBJ-022,SYN-SUBJ-022-SESS-0,58,RECALL,synthetic,1.1582,0.6021,1.5887,1.2156,0.5307,1.1092,1.1315,1.4702,0.9884,0.447,0.9512,0.7934,1.3531,1.2836,0.8271,0.5521,0.8633,1.0536,0.7947,1.0108,0.2794,False
SYN-SUBJ-022,SYN-SUBJ-022-SESS-0,59,NEITHER,synthetic,0.9683,0.6823,0.9902,0.7736,0.0455,1.026,1.2858,1.9132,1.0987,0.5092,1.0057,0.8785,1.1149,1.0776,0.9378,1.4078,0.8324,0.9675,0.8804,0.4347,0.2397,False
SYN-SUBJ-022,SYN-SUBJ-022-SESS-1,0,ENCODING,synthetic,0.9268,1.5027,1.2974,1.2892,0.8263,0.9707,1.7524,0.9984,0.9916,0.8247,1.1608,2.0465,0.7918,0.9648,0.5635,0.8617,1.479,1.0944,0.5984,0.2484,0.7277,False
SYN-SUBJ-022,SYN-SUBJ-022-SESS-1,1,RECALL,synthetic,1.0438,1.0927,1.2603,1.0502,0.5699,0.7142,0.7082,1.1973,1.0314,0.9154,1.4455,0.8325,1.7025,1.1915,0.7016,0.7256,1.0212,1.3458,1.2261,0.1067,0.7616,False
SYN-SUBJ-022,SYN-SUBJ-022-SESS-1,2,ENCODING,synthetic,1.0334,1.8557,0.755,0.9534,0.5755,0.9114,1.2421,1.065,1.0213,0.5573,1.135,1.5977,0.8302,1.1961,0.5954,1.0208,1.6308,0.9347,1.1717,0.2002,0.0104,False
SYN-SUBJ-022,SYN-SUBJ-022-SESS-1,3,RECALL,synthetic,1.4819,1.1297,1.8978,0.9359,0.8326,0.8545,0.7767,1.5875,0.8189,0.3765,1.1574,1.1153,1.4918,0.9781,0.0371,0.872,1.5282,1.7165,0.8301,0.9615,0.7445,False
SYN-SUBJ-022,SYN-SUBJ-022-SESS-1,4,ENCODING,synthetic,1.1131,1.3987,1.3292,0.9124,0.5281,0.9339,1.3165,0.8982,0.6418,0.3904,0.8487,1.6092,1.4385,1.0591,0.2025,1.0483,1.3733,1.0115,1.4329,0.2633,0.0213,False
SYN-SUBJ-022,SYN-SUBJ-022-SESS-1,5,NEITHER,synthetic,1.5497,1.0235,1.0103,0.8971,0.4146,0.8432,0.9408,1.1506,0.7306,0.9001,1.2358,1.0115,0.8555,1.2159,0.9605,0.8812,1.4495,0.8215,1.0421,0.5731,0.3149,False
SYN-SUBJ-022,SYN-SUBJ-022-SESS-1,6,RECALL,synthetic,1.3971,1.1169,1.6589,0.7662,0.7264,1.303,1.3685,1.6084,1.4401,0.8178,0.8238,1.3975,2.1086,0.7515,0.6602,0.819,0.9624,1.5974,1.0801,0.4857,0.5966,False
SYN-SUBJ-022,SYN-SUBJ-022-SESS-1,7,ENCODING,synthetic,0.8666,1.5983,0.6821,1.1988,0.3107,0.9079,1.4678,1.0685,0.9368,0.5288,1.1759,1.6058,1.2056,1.1951,0.519,0.9193,1.8245,0.8014,1.004,0.7283,0.4437,False
SYN-SUBJ-022,SYN-SUBJ-022-SESS-1,8,NEITHER,synthetic,0.9242,0.8816,0.9156,0.8761,0.3431,0.8117,0.9738,1.2804,1.3149,0.7965,1.4318,1.1247,0.7164,1.363,0.8048,1.494,0.9231,1.157,0.8547,0.6508,0.9471,False
SYN-SUBJ-022,SYN-SUBJ-022-SESS-1,9,RECALL,synthetic,0.5895,1.1876,1.3015,1.0597,0.5735,1.2846,1.1379,1.2192,1.0653,0.6101,0.7066,1.0844,1.6942,1.1232,0.9901,1.4732,1.3383,1.7645,1.5467,0.8151,0.7176,False
SYN-SUBJ-022,SYN-SUBJ-022-SESS-1,10,ENCODING,synthetic,0.9965,1.5384,1.3355,0.5596,0.4337,0.833,1.8923,0.84,0.9829,0.5879,1.0537,1.7263,0.9145,1.2309,0.0371,0.8985,1.6755,1.1489,0.9136,0.6704,0.1792,False
SYN-SUBJ-022,SYN-SUBJ-022-SESS-1,11,ENCODING,synthetic,1.1465,1.1883,1.1744,1.2462,0.4402,1.458,1.7513,0.9304,0.908,0.3548,0.6437,2.3077,1.0378,0.4552,0.8688,1.2349,1.3127,0.8091,0.9738,0.9023,0.9348,False
SYN-SUBJ-022,SYN-SUBJ-022-SESS-1,12,NEITHER,synthetic,1.1838,1.0762,1.3286,0.8591,0.3692,0.8179,1.0291,1.427,1.0892,0.3295,0.4553,1.4051,1.2092,0.8796,0.6505,1.2894,0.8369,1.0542,0.8683,0.6848,0.9153,False
SYN-SUBJ-022,SYN-SUBJ-022-SESS-1,13,RECALL,synthetic,1.0057,1.1766,1.5996,1.0122,0.5932,0.9549,0.9776,0.9721,1.1,0.4613,0.724,1.6764,1.6214,0.6574,0.6193,1.8186,1.0933,1.6267,1.2387,0.5769,0.9372,False
SYN-SUBJ-022,SYN-SUBJ-022-SESS-1,14,RECALL,synthetic,0.9733,1.373,1.7154,1.1549,0.1971,1.3663,1.1156,1.7493,1.4727,0.5764,0.8648,1.3217,1.2729,0.8553,0.3138,0.6447,1.1272,1.3586,0.8471,0.7607,0.6167,False
SYN-SUBJ-022,SYN-SUBJ-022-SESS-1,15,RECALL,synthetic,1.1116,1.1701,2.0025,1.1741,0.0567,1.0393,1.1327,1.8717,1.266,0.4023,1.3004,1.3384,2.0041,1.3732,0.7375,0.6062,0.9382,2.0137,1.431,0.3829,0.2686,False
SYN-SUBJ-022,SYN-SUBJ-022-SESS-1,16,ENCODING,synthetic,0.6901,1.734,1.0004,0.8507,0.5506,1.3438,1.6948,0.9811,1.3153,0.4805,1.1513,1.5358,0.5998,1.4574,1.0379,0.8377,1.6944,0.4935,0.8092,0.5092,0.5626,False
SYN-SUBJ-022,SYN-SUBJ-022-SESS-1,17,NEITHER,synthetic,0.9162,0.9066,1.2111,0.9767,0.8427,0.9662,1.082,0.8251,0.6428,0.5141,0.7459,0.7393,1.5453,1.0739,0.4577,1.0859,1.1109,1.2525,0.779,0.8357,0.7123,False
SYN-SUBJ-022,SYN-SUBJ-022-SESS-1,18,ENCODING,synthetic,1.7928,1.7982,0.6396,1.0916,0.6645,0.8472,2.0327,1.2386,1.0074,0.6154,0.7284,1.725,1.3511,0.5737,0.4948,0.8301,1.7088,1.3223,1.4285,0.5775,0.0858,False
SYN-SUBJ-022,SYN-SUBJ-022-SESS-1,19,ENCODING,synthetic,1.277,1.7075,1.1413,1.011,0.553,0.8592,2.0179,0.9235,0.8243,0.5942,0.9646,1.9453,1.1306,0.7979,0.2841,1.1847,1.3279,1.2246,1.436,0.7442,0.6128,False
SYN-SUBJ-022,SYN-SUBJ-022-SESS-1,20,RECALL,synthetic,2.5803,2.6548,4.1707,3.2682,4.5723,3.54,3.7639,4.5411,3.3417,2.4539,2.8523,3.0514,5.0766,3.5941,2.7118,3.3395,3.3615,3.7613,4.0844,4.4531,4.0341,True
SYN-SUBJ-022,SYN-SUBJ-022-SESS-1,21,NEITHER,synthetic,0.6307,0.6079,0.8847,1.1461,0.5463,1.5297,1.1617,1.1428,0.9732,0.1704,1.4293,0.6015,1.1435,1.3202,1.1984,0.8344,1.1642,1.0824,0.898,0.5287,0.9699,False
SYN-SUBJ-022,SYN-SUBJ-022-SESS-1,22,RECALL,synthetic,1.2397,1.2996,1.5851,0.9146,0.7845,1.3365,1.0296,1.7156,1.1625,0.4087,1.1713,0.7638,1.4754,1.5981,0.3318,0.8809,0.7009,1.6239,0.9354,0.8017,0.4972,False
SYN-SUBJ-022,SYN-SUBJ-022-SESS-1,23,RECALL,synthetic,0.908,1.0465,1.5453,1.3216,1.2826,0.8671,1.0706,1.5052,1.0564,0.4855,1.1893,1.0465,1.7239,1.0459,0.4172,0.9525,1.3831,1.9455,1.1253,0.365,0.5727,False
SYN-SUBJ-022,SYN-SUBJ-022-SESS-1,24,ENCODING,synthetic,1.0507,1.819,1.5159,1.3069,0.6657,1.0047,1.6575,1.4285,1.1003,0.6896,1.1634,1.7993,1.0907,1.6578,0.2124,1.0401,1.8018,0.9876,1.0828,0.6632,0.1483,False
SYN-SUBJ-022,SYN-SUBJ-022-SESS-1,25,ENCODING,synthetic,0.6716,1.6659,1.1287,1.2584,0.1759,0.6123,1.8963,0.9048,1.1181,0.5736,1.5204,1.5528,1.1404,1.0428,0.5944,1.2368,1.7757,1.1125,1.0771,0.9686,0.2152,False
SYN-SUBJ-022,SYN-SUBJ-022-SESS-1,26,RECALL,synthetic,1.1319,1.0516,1.3373,0.737,0.7614,0.9545,1.4343,1.456,1.317,0.3806,1.1986,1.0493,1.2838,0.1509,0.4244,1.2268,1.3224,1.1942,0.8531,0.4481,0.5069,False
SYN-SUBJ-022,SYN-SUBJ-022-SESS-1,27,NEITHER,synthetic,4.9337,2.8643,3.4114,4.5787,2.5632,4.1482,3.7068,3.2102,4.3722,2.112,2.8336,4.0136,5.1421,4.6263,3.0566,4.5119,5.3311,5.1347,3.8955,2.4636,3.0091,True
SYN-SUBJ-022,SYN-SUBJ-022-SESS-1,28,NEITHER,synthetic,1.579,1.5156,1.4668,1.17,0.0371,0.859,0.8782,0.6661,1.0324,0.3029,1.5613,0.9245,1.2589,1.3028,0.5963,0.8359,0.4441,1.3761,0.5743,0.6402,0.2647,False
SYN-SUBJ-022,SYN-SUBJ-022-SESS-1,29,NEITHER,synthetic,1.097,0.9527,1.038,1.0055,0.3048,1.0354,1.2396,1.1229,1.3808,0.3729,0.9535,1.1391,0.7959,1.3784,0.7824,1.0318,1.1972,0.8155,0.9111,0.5814,0.9027,False
SYN-SUBJ-022,SYN-SUBJ-022-SESS-1,30,ENCODING,synthetic,1.3066,1.764,1.1582,0.8324,0.0814,1.1279,1.5861,1.2067,0.5907,0.7589,1.3685,1.7509,1.0299,0.6267,0.3951,0.9769,1.7231,1.3006,0.8697,0.8004,0.9297,False
SYN-SUBJ-022,SYN-SUBJ-022-SESS-1,31,ENCODING,synthetic,0.7573,1.3608,0.927,1.6341,0.4506,1.0433,1.484,0.7483,1.0688,0.7117,1.5724,1.9029,1.0857,1.4976,0.9549,0.8446,1.5935,0.8274,0.9905,0.67,0.7746,False
SYN-SUBJ-022,SYN-SUBJ-022-SESS-1,32,NEITHER,synthetic,0.9932,1.2633,0.7018,0.8869,0.4762,0.7224,1.0792,1.0514,0.9033,0.3317,1.0642,1.1575,0.7645,0.8033,0.1919,0.9146,0.9973,1.0898,1.1127,0.4016,0.3522,False
SYN-SUBJ-022,SYN-SUBJ-022-SESS-1,33,NEITHER,synthetic,0.6928,0.7647,1.2381,0.6617,0.6577,1.2201,1.3284,1.0766,0.9646,0.4451,0.9507,1.1355,1.1313,1.5041,0.8016,1.3104,0.9399,0.9732,1.2337,0.7849,0.6581,False
SYN-SUBJ-022,SYN-SUBJ-022-SESS-1,34,RECALL,synthetic,0.8453,1.0129,1.6128,1.3017,0.8398,1.016,1.0421,2.0712,1.1977,0.2736,0.9229,1.3711,1.4266,0.8818,0.6273,1.1305,1.13,1.2959,1.5894,0.9483,0.4515,False
SYN-SUBJ-022,SYN-SUBJ-022-SESS-1,35,ENCODING,synthetic,0.8072,1.475,0.7935,0.6232,0.5627,1.0223,2.0174,0.6853,1.3483,0.2763,1.214,2.1269,0.5404,1.2165,0.1532,0.8382,1.5847,0.8906,0.878,0.4333,0.0582,False
SYN-SUBJ-022,SYN-SUBJ-022-SESS-1,36,RECALL,synthetic,0.8596,1.0309,1.2381,0.9769,0.7629,0.7172,1.0329,1.7448,1.0232,0.7407,1.1982,1.2552,1.3436,0.5129,0.8447,0.4087,1.265,1.7543,0.9639,0.7617,0.0918,False
SYN-SUBJ-022,SYN-SUBJ-022-SESS-1,37,RECALL,synthetic,1.4578,1.5847,1.511,1.1587,0.6128,1.6266,0.8547,1.2518,0.9388,1.307,1.1535,1.0861,1.7536,1.4008,0.4453,0.7065,1.2278,1.2496,1.0523,0.7763,0.9709,False
SYN-SUBJ-022,SYN-SUBJ-022-SESS-1,38,NEITHER,synthetic,1.039,1.035,0.7191,0.6823,0.6924,0.8873,1.4726,1.1338,1.2524,0.74,1.5045,1.0125,1.0079,1.1714,0.551,1.1863,1.1217,1.2704,1.5495,0.6716,0.9446,False
SYN-SUBJ-022,SYN-SUBJ-022-SESS-1,39,RECALL,synthetic,2.8193,4.4867,3.7969,3.4605,2.9669,3.4561,4.9001,5.7518,3.8864,4.1364,3.043,3.0748,4.7037,3.7862,2.7853,4.7481,4.8011,3.4928,4.6472,3.0558,3.3396,True
SYN-SUBJ-022,SYN-SUBJ-022-SESS-1,40,NEITHER,synthetic,1.3704,0.8966,0.7305,1.066,0.8555,1.3956,0.9696,1.0051,1.1209,0.3782,1.6825,0.5198,1.4483,0.9098,0.5192,0.9129,1.2739,1.1561,1.3581,0.5385,0.6709,False
SYN-SUBJ-022,SYN-SUBJ-022-SESS-1,41,RECALL,synthetic,0.9559,1.1427,1.4713,0.8989,0.3829,1.0211,1.1719,1.7253,0.9903,0.1104,1.4677,0.8912,1.4555,1.0965,0.3176,1.5135,1.3498,1.1593,0.9222,0.7025,0.8743,False
SYN-SUBJ-022,SYN-SUBJ-022-SESS-1,42,NEITHER,synthetic,1.4727,0.9984,1.3389,1.3034,0.224,0.8992,1.0682,0.8306,0.8561,0.1897,1.0128,1.4773,1.5615,1.0341,0.4394,1.0926,1.0372,1.1666,0.8785,0.3994,0.5277,False
SYN-SUBJ-022,SYN-SUBJ-022-SESS-1,43,NEITHER,synthetic,1.1716,1.2131,0.9854,1.5669,0.9749,0.7671,0.9943,0.9269,1.2023,0.1767,1.4537,0.6232,1.3771,0.8087,0.2283,1.1558,1.0127,0.7337,1.004,0.6068,0.6043,False
SYN-SUBJ-022,SYN-SUBJ-022-SESS-1,44,RECALL,synthetic,0.5703,1.2406,1.4561,1.5523,0.8365,1.1554,1.1038,1.911,0.9468,0.3457,0.9372,0.8943,1.6125,0.6517,0.3788,1.0158,0.3806,1.4455,0.8698,0.2958,0.593,False
SYN-SUBJ-022,SYN-SUBJ-022-SESS-1,45,ENCODING,synthetic,3.8045,3.5311,4.3067,4.2098,3.5408,2.9565,4.9471,3.917,4.0841,4.0997,4.5367,3.6363,3.6755,3.2906,2.8084,4.0578,4.1584,4.338,5.0848,3.2404,5.3363,True
SYN-SUBJ-022,SYN-SUBJ-022-SESS-1,46,NEITHER,synthetic,1.2436,1.0436,1.4455,0.8303,0.6223,1.0228,1.1141,1.0242,0.7075,0.5128,0.953,1.2162,0.819,1.1598,0.262,1.0475,0.8391,1.2111,0.7499,0.794,0.968,False
SYN-SUBJ-022,SYN-SUBJ-022-SESS-1,47,ENCODING,synthetic,1.4,1.3472,0.9772,0.8416,0.4484,1.0131,1.6299,1.0562,1.0758,0.338,0.8672,1.5078,1.1438,0.9607,0.2539,0.8433,1.3084,0.7967,0.8217,0.787,0.4736,False
SYN-SUBJ-022,SYN-SUBJ-022-SESS-1,48,ENCODING,synthetic,1.3137,1.7053,1.6293,1.3835,0.8713,0.8592,1.5845,1.1172,0.8709,0.5742,0.9972,1.481,1.0758,1.3434,0.2003,0.7531,1.6144,1.0833,1.371,0.2834,0.1888,False
SYN-SUBJ-022,SYN-SUBJ-022-SESS-1,49,RECALL,synthetic,1.2672,1.0734,1.3597,1.2104,0.716,1.1357,0.9944,1.8747,0.9487,0.5144,1.1521,1.1413,1.6355,1.0792,0.3139,1.1384,1.2342,1.4947,1.1551,0.4371,0.3077,False
SYN-SUBJ-022,SYN-SUBJ-022-SESS-1,50,NEITHER,synthetic,3.6184,4.1454,2.8482,2.5281,3.1899,2.8996,4.318,4.3542,3.8435,3.9262,3.0562,4.9982,3.6217,3.3663,2.9805,4.1021,3.6945,4.6351,3.8887,2.5406,3.4068,True
SYN-SUBJ-022,SYN-SUBJ-022-SESS-1,51,ENCODING,synthetic,1.0492,1.4989,0.7485,0.8764,0.8832,0.8845,1.478,0.9804,0.8755,0.7153,1.1136,1.4781,1.1406,0.8829,0.0642,0.8639,2.3371,1.0488,1.3523,0.6015,0.5838,False
SYN-SUBJ-022,SYN-SUBJ-022-SESS-1,52,NEITHER,synthetic,0.9668,1.1968,0.9582,1.4414,0.2227,0.6128,1.2981,1.0451,1.1081,1.0698,0.9628,1.1845,1.1176,1.3042,0.6168,1.0629,1.2775,1.2999,1.6676,0.6523,0.2205,False
SYN-SUBJ-022,SYN-SUBJ-022-SESS-1,53,ENCODING,synthetic,1.1375,2.1796,1.5383,0.768,0.3473,1.4396,1.575,1.007,0.9502,0.3166,1.0823,1.5331,0.9991,1.0006,0.6635,0.9996,1.4651,1.2498,0.5352,0.4276,0.0489,False
SYN-SUBJ-022,SYN-SUBJ-022-SESS-1,54,ENCODING,synthetic,0.8491,1.8483,1.0254,1.2125,0.084,1.1557,1.3696,1.5723,0.7416,0.0371,0.9349,1.7682,1.0125,0.721,0.5494,0.9785,1.7133,0.8697,1.0722,0.267,0.5812,False
SYN-SUBJ-022,SYN-SUBJ-022-SESS-1,55,NEITHER,synthetic,1.4017,1.4001,0.4204,1.3055,0.3632,0.524,1.017,1.2792,1.2133,0.0763,1.298,0.7136,0.7437,0.6416,0.1846,0.8751,1.1067,0.9063,1.4317,0.2317,0.8101,False
SYN-SUBJ-022,SYN-SUBJ-022-SESS-1,56,ENCODING,synthetic,2.4584,3.4093,3.796,4.6912,4.3017,4.6403,5.2371,5.0608,2.8279,3.814,4.4446,5.0855,4.4063,3.1861,2.4037,4.8091,3.2641,3.5641,3.639,2.1212,2.5224,True
SYN-SUBJ-022,SYN-SUBJ-022-SESS-1,57,NEITHER,synthetic,3.9272,4.7402,4.1496,5.0017,4.0366,2.7412,4.6997,3.5702,4.6878,2.6952,3.8161,5.0511,3.1909,2.8465,3.0774,2.2998,4.7241,5.0556,2.3365,3.5893,5.8006,True
SYN-SUBJ-022,SYN-SUBJ-022-SESS-1,58,NEITHER,synthetic,0.9938,0.8895,1.305,1.3459,0.7241,1.0354,1.1371,1.0641,1.1942,0.5564,1.1464,0.7438,0.864,1.2751,0.3516,1.1192,1.1575,0.8071,1.2914,0.373,0.7111,False
SYN-SUBJ-022,SYN-SUBJ-022-SESS-1,59,ENCODING,synthetic,1.154,1.2717,1.2113,1.0981,0.4369,0.694,1.4064,0.802,0.9233,0.6545,0.9424,1.386,0.552,0.6498,0.6843,1.1354,1.9346,0.9246,0.6793,0.6681,0.2868,False
SYN-SUBJ-023,SYN-SUBJ-023-SESS-0,0,ENCODING,synthetic,3.1716,5.1386,3.0351,4.8645,3.4763,4.5649,3.7199,3.9169,3.9205,2.3183,4.115,3.9216,2.5925,4.0714,4.0738,3.9688,3.7213,2.7693,4.9689,3.2356,5.2375,True
SYN-SUBJ-023,SYN-SUBJ-023-SESS-0,1,ENCODING,synthetic,1.1577,1.4695,0.8755,0.9486,0.5594,0.4419,1.7772,0.9965,0.8921,0.5,0.9223,1.0931,0.8501,1.4857,0.8881,0.8132,1.4426,1.1666,0.7715,0.5885,0.094,False
SYN-SUBJ-023,SYN-SUBJ-023-SESS-0,2,NEITHER,synthetic,0.6806,0.2557,1.0592,0.9346,0.0,0.9112,0.7967,1.6442,1.1408,0.6453,1.0013,0.7132,0.9397,0.4136,0.0,0.9979,1.1058,0.4999,0.8636,0.2995,0.5448,False
SYN-SUBJ-023,SYN-SUBJ-023-SESS-0,3,ENCODING,synthetic,1.2958,1.448,0.8368,1.6901,0.4452,0.9252,1.79,0.9106,1.2514,0.4069,0.5885,1.5584,1.0257,1.5468,0.2482,1.0035,1.7295,0.7944,0.709,1.0648,0.1529,False
SYN-SUBJ-023,SYN-SUBJ-023-SESS-0,4,ENCODING,synthetic,0.5146,1.2909,0.483,0.8585,0.3338,0.6734,1.07,0.9621,1.2432,0.3421,1.0829,1.2761,1.2446,0.7898,0.5817,0.8912,1.4409,1.023,1.0494,0.0756,0.7248,False
SYN-SUBJ-023,SYN-SUBJ-023-SESS-0,5,RECALL,synthetic,1.171,0.8662,0.9186,1.5334,0.1621,0.7493,0.8394,1.626,0.9639,0.4612,1.136,1.0359,1.3391,1.1442,0.734,1.5786,0.6398,1.4413,0.6416,0.2909,0.511,False
SYN-SUBJ-023,SYN-SUBJ-023-SESS-0,6,ENCODING,synthetic,0.9376,1.5419,0.8622,0.7853,0.7123,0.8793,1.4734,0.8601,1.3318,0.2835,1.1714,1.215,0.5262,0.9775,0.453,0.4782,1.2824,0.5271,0.8635,0.4857,0.7047,False
SYN-SUBJ-023,SYN-SUBJ-023-SESS-0,7,RECALL,synthetic,0.8081,1.0623,1.4853,1.0498,0.4302,1.0583,1.005,1.3516,1.0913,0.3051,0.4287,1.3163,1.3472,0.6305,0.569,0.8818,1.2194,1.2459,0.9704,0.333,0.2726,False
SYN-SUBJ-023,SYN-SUBJ-023-SESS-0,8,ENCODING,synthetic,1.0553,1.8463,0.9272,0.8547,0.0843,1.1156,1.4947,1.1464,0.8271,0.1531,0.7089,1.6114,0.9677,1.0504,0.5821,0.8572,1.5082,0.4557,0.6564,0.3226,0.4419,False
SYN-SUBJ-023,SYN-SUBJ-023-SESS-0,9,RECALL,synthetic,0.9606,1.2817,1.4121,0.8459,0.5297,1.0773,0.8096,1.4671,0.958,0.5656,0.8817,1.4705,1.6433,0.2806,0.2333,1.0035,1.1102,1.2082,0.9018,0.6167,0.5382,False
SYN-SUBJ-023,SYN-SUBJ-023-SESS-0,10,ENCODING,synthetic,0.9328,1.0204,0.6739,1.0107,0.1822,0.447,1.9172,0.3702,0.8617,0.4869,1.1317,1.6685,0.9085,1.1515,0.3253,0.8847,1.4462,1.1491,0.5069,0.489,0.2461,False
SYN-SUBJ-023,SYN-SUBJ-023-SESS-0,11,RECALL,synthetic,3.2658,4.6751,2.9568,2.6525,2.5972,4.1195,2.6604,5.1061,3.6493,2.9133,4.565,3.1634,5.2723,4.8066,3.0551,3.2722,4.7468,4.9367,2.8563,2.2769,5.1456,True
SYN-SUBJ-023,SYN-SUBJ-023-SESS-0,12,NEITHER,synthetic,0.9899,0.7585,1.3239,1.574,0.5498,1.1211,0.8677,1.0805,0.3729,0.4447,0.7308,1.3433,0.8564,0.7083,0.556,0.9557,0.7102,0.9569,1.0483,0.5141,0.8486,False
SYN-SUBJ-023,SYN-SUBJ-023-SESS-0,13,ENCODING,synthetic,1.034,1.711,1.3941,0.6171,0.7373,1.4748,1.8267,0.7376,1.162,0.7234,0.7341,1.4784,0.5635,0.7483,0.3995,0.8481,1.7241,0.7837,1.1849,0.5164,0.1903,False
SYN-SUBJ-023,SYN-SUBJ-023-SESS-0,14,ENCODING,synthetic,2.7237,4.1036,4.7766,4.4303,2.4509,4.3974,4.1433,4.5796,4.9899,3.5792,3.0732,3.9222,3.9118,4.166,2.5307,5.1789,5.3485,2.1855,3.8164,2.7658,5.8299,True
SYN-SUBJ-023,SYN-SUBJ-023-SESS-0,15,RECALL,synthetic,0.6027,1.0135,1.5409,1.4004,0.5247,1.1568,0.7416,1.2487,0.8742,0.9193,1.457,0.748,1.0334,1.0973,0.1866,0.7069,0.8925,1.4433,1.0281,0.6637,0.5701,False
SYN-SUBJ-023,SYN-SUBJ-023-SESS-0,16,NEITHER,synthetic,1.1309,0.9972,0.7329,0.9912,0.549,0.8376,0.8769,1.1174,1.1257,0.674,0.9823,0.8321,0.7614,0.909,0.3698,1.0123,1.0605,1.1341,1.5702,0.3394,0.0656,False
SYN-SUBJ-023,SYN-SUBJ-023-SESS-0,17,NEITHER,synthetic,1.0037,0.8013,0.7692,0.965,0.4474,1.2688,1.1716,0.9586,1.6569,0.5132,0.7694,0.831,0.5155,1.1814,0.5408,1.0298,1.0232,0.7395,0.7114,0.0662,0.2089,False
SYN-SUBJ-023,SYN-SUBJ-023-SESS-0,18,ENCODING,synthetic,0.6025,1.7065,0.8325,0.8413,0.671,0.7824,1.62,0.778,0.8857,0.4603,0.8629,1.5372,0.9882,0.7958,0.102,0.4146,1.298,1.0411,0.8036,0.8181,0.4186,False
SYN-SUBJ-023,SYN-SUBJ-023-SESS-0,19,RECALL,synthetic,0.8499,0.7496,1.3947,0.8289,0.571,1.1229,0.8542,1.634,0.8199,0.2645,1.0185,1.2045,1.4387,0.8866,0.6462,0.8625,1.2296,1.5028,0.9977,0.5437,0.7541,False
SYN-SUBJ-023,SYN-SUBJ-023-SESS-0,20,ENCODING,synthetic,1.3455,1.2528,0.9968,1.0639,0.8582,0.9476,1.6498,0.6481,1.2613,0.3143,1.1494,1.336,0.6491,0.7856,0.4142,1.0255,1.6425,1.0674,0.9341,0.2044,0.7542,False
SYN-SUBJ-023,SYN-SUBJ-023-SESS-0,21,NEITHER,synthetic,0.7362,1.4136,1.0015,1.018,0.4683,1.0515,0.4353,0.9901,1.1379,0.1698,0.9782,1.0399,1.5547,1.4034,0.2355,1.0421,0.9294,0.676,1.4281,0.2206,0.5119,False
SYN-SUBJ-023,SYN-SUBJ-023-SESS-0,22,RECALL,synthetic,1.1362,1.1767,1.0778,1.1021,0.6083,0.6853,1.2165,1.48,0.94,0.9098,0.736,0.7606,1.7844,0.9901,0.5786,0.8608,0.8056,1.6924,0.9692,0.8373,0.5475,False
SYN-SUBJ-023,SYN-SUBJ-023-SESS-0,23,NEITHER,synthetic,0.5648,0.5813,0.7446,0.9706,0.2028,1.2228,0.9201,0.9992,1.3741,0.3683,1.2881,0.9144,0.4355,0.2149,0.6517,0.4247,0.6927,0.6259,0.8745,0.0,0.1971,False
SYN-SUBJ-023,SYN-SUBJ-023-SESS-0,24,NEITHER,synthetic,1.2489,0.9631,0.7196,0.8899,0.3655,1.0892,0.8738,0.9183,0.8358,0.5995,0.9188,0.5547,1.2283,1.531,0.8623,0.937,0.6229,1.2148,0.2057,0.181,0.9682,False
SYN-SUBJ-023,SYN-SUBJ-023-SESS-0,25,RECALL,synthetic,0.8339,0.698,1.2177,0.7789,0.6457,0.8468,0.8669,1.5531,0.9324,0.3419,1.1767,1.0964,1.4481,1.0052,1.0677,0.8743,1.0775,0.9426,0.9177,0.3855,0.6988,False
SYN-SUBJ-023,SYN-SUBJ-023-SESS-0,26,NEITHER,synthetic,0.8327,1.1637,0.8068,1.1167,0.0872,0.5872,1.0031,1.0816,1.1782,0.3691,1.1381,0.8866,0.8232,0.8429,0.2179,0.6813,1.0549,1.1178,0.7275,0.4056,0.0337,False
SYN-SUBJ-023,SYN-SUBJ-023-SESS-0,27,NEITHER,synthetic,2.5845,2.5912,2.7807,3.9836,2.6839,4.5212,3.1013,4.0965,3.1097,2.2846,2.7611,4.2042,4.3602,3.0231,3.3307,4.5441,3.7687,3.4752,2.8691,2.3321,2.5759,True
SYN-SUBJ-023,SYN-SUBJ-023-SESS-0,28,ENCODING,synthetic,0.8179,1.838,0.4171,1.0017,0.3078,0.9758,1.5831,1.0433,1.0267,0.1922,0.7116,1.6086,1.1075,0.6038,0.0,1.0968,1.5045,0.8085,0.8589,0.2754,0.3829,False
SYN-SUBJ-023,SYN-SUBJ-023-SESS-0,29,RECALL,synthetic,1.1354,1.0622,1.4846,0.7669,0.7309,1.5652,1.2129,0.8201,0.783,0.3693,1.1953,0.6837,1.0769,0.8431,0.5351,1.2731,0.6308,1.0628,0.6937,0.7866,0.9858,False
SYN-SUBJ-023,SYN-SUBJ-023-SESS-0,30,RECALL,synthetic,0.2827,1.0122,1.5143,1.3491,0.4827,0.6267,0.5621,1.7666,0.2547,0.5437,1.1216,0.6652,1.4194,1.2941,0.7374,0.8729,0.8154,1.7616,0.7417,0.4908,0.3456,False
SYN-SUBJ-023,SYN-SUBJ-023-SESS-0,31,NEITHER,synthetic,1.0615,1.005,0.9745,1.1748,0.5938,0.5792,0.7348,0.6744,1.2348,0.5227,0.7838,0.9633,1.0903,0.7353,0.4354,0.7277,0.7842,1.2926,0.8929,0.4566,0.4758,False
SYN-SUBJ-023,SYN-SUBJ-023-SESS-0,32,ENCODING,synthetic,1.1398,1.3854,0.7957,1.1838,0.8939,1.0552,1.2526,0.9096,1.4202,0.6313,0.9691,1.9257,1.0494,1.1755,0.447,1.2126,1.6736,0.6613,0.7927,0.4817,0.4133,False
SYN-SUBJ-023,SYN-SUBJ-023-SESS-0,33,ENCODING,synthetic,0.6817,1.3009,0.6316,0.7354,0.402,1.0247,1.3569,0.5064,1.0053,0.3463,0.6385,1.4765,0.8094,0.6408,0.3318,0.838,1.7284,0.8271,1.2142,0.6435,0.0142,False
SYN-SUBJ-023,SYN-SUBJ-023-SESS-0,34,NEITHER,synthetic,4.2289,3.1588,2.1763,3.3132,3.7625,3.9823,4.6432,4.0987,2.4855,3.3226,3.0122,2.9858,2.3913,2.6893,2.5061,2.6705,4.9492,2.5154,3.7891,2.6526,4.9732,True
SYN-SUBJ-023,SYN-SUBJ-023-SESS-0,35,ENCODING,synthetic,0.7733,2.0156,1.0433,1.1548,0.5704,0.9467,1.8367,0.7586,0.9034,0.2281,0.8024,1.2497,1.1957,1.0594,0.0,0.285,1.5655,0.9686,1.2045,0.8126,0.536,False
SYN-SUBJ-023,SYN-SUBJ-023-SESS-0,36,RECALL,synthetic,1.3588,0.5523,1.6456,0.5712,0.8477,1.4576,0.9705,1.1631,0.9637,0.2874,1.0844,0.9459,0.9541,0.8086,0.4536,0.9361,1.0352,1.3906,0.8027,0.4501,0.8282,False
SYN-SUBJ-023,SYN-SUBJ-023-SESS-0,37,ENCODING,synthetic,0.8675,1.2732,1.1197,1.1984,0.4594,0.4093,1.6381,0.8923,0.8776,0.4749,1.3029,1.7022,1.1006,1.5686,0.6212,0.6082,1.7683,1.0328,0.3614,1.0962,0.3997,False
SYN-SUBJ-023,SYN-SUBJ-023-SESS-0,38,NEITHER,synthetic,0.7842,0.5405,0.9675,0.7075,0.3053,1.2976,0.7726,0.9646,0.6349,0.5696,0.9662,1.2821,0.8609,1.2159,0.202,1.1071,0.3912,1.0763,1.0793,0.7833,0.4774,False
SYN-SUBJ-023,SYN-SUBJ-023-SESS-0,39,ENCODING,synthetic,0.9155,1.6601,0.5729,1.1141,0.5514,0.9979,1.413,0.7152,1.0929,0.5825,1.0323,1.2464,1.2335,0.9675,0.1445,0.758,1.6336,0.9345,1.0008,0.388,0.3785,False
SYN-SUBJ-023,SYN-SUBJ-023-SESS-0,40,NEITHER,synthetic,1.4876,0.9701,1.1885,1.1217,0.2513,0.9821,1.2286,0.8239,0.7239,0.3493,1.1429,0.6654,0.9146,0.9286,0.1602,0.5284,1.2356,0.4806,1.1803,0.316,0.8112,False
SYN-SUBJ-023,SYN-SUBJ-023-SESS-0,41,NEITHER,synthetic,1.0044,1.1256,0.7834,0.6432,0.6195,0.6307,0.8951,0.5551,1.0141,0.5917,0.5795,1.1747,0.8234,1.3829,0.517,1.2644,1.1532,0.7595,1.0173,0.6245,0.4917,False
SYN-SUBJ-023,SYN-SUBJ-023-SESS-0,42,NEITHER,synthetic,1.4157,0.9535,1.0599,1.0708,0.4652,1.0657,0.9844,0.7488,1.2592,0.6384,1.3932,1.0333,1.009,1.3473,0.7001,0.6998,0.945,0.79,0.7732,0.4563,0.3435,False
SYN-SUBJ-023,SYN-SUBJ-023-SESS-0,43,ENCODING,synthetic,2.7837,4.134,3.479,3.9019,4.3507,5.0579,5.1472,3.7464,4.3419,3.6299,3.1713,3.8131,4.7116,3.9181,3.878,3.5479,4.397,4.0209,3.2818,2.0437,3.0094,True
SYN-SUBJ-023,SYN-SUBJ-023-SESS-0,44,RECALL,synthetic,0.8898,1.0224,1.4465,0.6425,0.5707,1.0453,1.1684,1.7323,1.136,0.4542,0.708,1.3112,1.6557,1.0626,0.0311,0.9066,1.2903,1.1257,0.6571,0.1419,0.573,False
SYN-SUBJ-023,SYN-SUBJ-023-SESS-0,45,ENCODING,synthetic,1.4128,1.7125,1.1125,0.7311,0.1912,0.8612,1.2345,0.3882,1.2667,0.4221,1.2517,1.4417,0.8566,0.7845,0.1058,0.7246,1.8899,1.2581,0.4899,0.6161,0.5876,False
SYN-SUBJ-023,SYN-SUBJ-023-SESS-0,46,RECALL,synthetic,1.0896,0.855,1.244,0.8881,0.0,0.9505,0.6914,1.5325,0.8315,0.4731,0.7454,1.0601,1.368,0.8496,0.2311,1.0436,0.9809,2.1269,1.3044,0.0833,0.7566,False
SYN-SUBJ-023,SYN-SUBJ-023-SESS-0,47,ENCODING,synthetic,0.4918,1.527,1.3626,1.1252,0.2656,0.459,1.8004,0.9617,0.7507,0.4778,1.1943,1.4532,1.0534,0.952,0.7104,0.9035,1.4443,1.168,0.8946,0.5642,0.6628,False
SYN-SUBJ-023,SYN-SUBJ-023-SESS-0,48,RECALL,synthetic,2.5819,3.9218,5.494,3.4339,3.4293,2.8306,3.4953,3.3498,3.6319,2.8756,3.2429,4.2148,4.4089,3.4181,2.5733,3.9516,2.684,3.4616,4.0089,2.1605,2.9648,True
SYN-SUBJ-023,SYN-SUBJ-023-SESS-0,49,RECALL,synthetic,3.6044,5.2858,2.9047,3.2498,2.3826,2.4279,3.0777,4.6922,4.4452,2.4669,3.0614,2.9097,4.8259,3.8802,2.912,3.5204,3.7674,3.2793,2.9429,3.0553,3.8655,True
SYN-SUBJ-023,SYN-SUBJ-023-SESS-0,50,ENCODING,synthetic,0.6922,1.7356,0.917,1.0219,0.5573,0.5942,1.8525,0.8205,0.9982,0.4807,0.7497,1.1501,1.0102,0.7184,0.0,0.8158,1.4953,1.0807,1.0045,0.3285,0.1601,False
SYN-SUBJ-023,SYN-SUBJ-023-SESS-0,51,NEITHER,synthetic,1.0801,0.8946,0.4918,0.8553,0.2585,0.8229,0.7493,1.3594,1.2777,0.5238,1.1031,0.8272,0.9255,1.0802,0.6133,1.1983,0.6362,1.2784,0.8868,0.5564,0.6961,False
SYN-SUBJ-023,SYN-SUBJ-023-SESS-0,52,RECALL,synthetic,0.9136,0.765,1.6847,1.0264,0.776,0.8609,1.0154,1.2195,1.2954,0.124,0.5916,0.731,1.2613,0.8103,0.3872,0.5126,0.8844,1.3278,0.731,0.2235,0.2441,False
SYN-SUBJ-023,SYN-SUBJ-023-SESS-0,53,ENCODING,synthetic,0.9278,1.6384,1.1844,0.8236,0.334,0.9165,1.5881,0.7606,0.7601,0.2528,0.4891,1.5861,0.873,1.1481,0.4454,0.9067,1.3288,0.7511,0.6991,0.5057,0.4099,False
SYN-SUBJ-023,SYN-SUBJ-023-SESS-0,54,RECALL,synthetic,1.218,0.9966,1.8149,0.8497,0.81,1.1676,1.1745,1.4375,0.8269,0.7443,0.9583,0.8166,1.8364,0.5305,0.5656,0.8753,1.0466,1.0649,1.0296,0.0124,0.3873,False
SYN-SUBJ-023,SYN-SUBJ-023-SESS-0,55,NEITHER,synthetic,0.7007,1.1744,0.3647,1.1338,0.5736,0.8484,0.6342,0.8676,1.463,0.5514,0.8268,0.5794,1.1722,0.7991,0.328,1.0589,1.012,0.4972,1.1199,0.0939,0.3129,False
SYN-SUBJ-023,SYN-SUBJ-023-SESS-0,56,ENCODING,synthetic,4.5329,5.314,4.4497,3.5694,2.7441,4.0365,3.3549,2.7658,3.2633,2.4107,3.7294,4.2634,3.3977,3.4216,2.8918,4.0377,2.9625,3.7464,4.5771,4.3631,5.3408,True
SYN-SUBJ-023,SYN-SUBJ-023-SESS-0,57,RECALL,synthetic,2.501,4.2384,5.2091,3.4521,2.1607,3.7467,3.7722,4.1231,2.5807,2.1052,2.3222,3.5716,4.6746,2.3541,2.2991,4.696,3.1823,5.0088,5.3263,3.0149,5.9497,True
SYN-SUBJ-023,SYN-SUBJ-023-SESS-0,58,RECALL,synthetic,0.8876,1.1378,0.9182,1.0358,0.7022,0.6961,0.3693,1.3782,0.8862,0.3417,1.3609,0.7532,1.4291,1.0589,0.2995,1.3028,1.1412,1.3967,1.4812,0.2798,0.9795,False
SYN-SUBJ-023,SYN-SUBJ-023-SESS-0,59,ENCODING,synthetic,1.1189,1.724,1.3943,0.6073,0.3652,0.6851,1.1408,1.133,0.7723,0.3948,1.131,1.4291,0.909,0.8984,0.3128,0.6215,1.5051,0.7609,1.1827,0.1747,0.5763,False
SYN-SUBJ-023,SYN-SUBJ-023-SESS-1,0,RECALL,synthetic,1.0922,0.8994,1.3276,0.8201,0.3593,0.9654,0.9635,1.1559,0.568,0.7051,0.4231,0.443,1.1586,1.085,0.4817,1.2406,1.2147,1.0917,1.2813,0.4724,0.5448,False
SYN-SUBJ-023,SYN-SUBJ-023-SESS-1,1,NEITHER,synthetic,1.0635,1.1988,0.509,0.6887,0.2243,1.2721,1.282,1.0212,1.1131,0.4231,0.6868,0.727,0.404,1.0687,0.219,0.8486,0.9057,1.0604,1.4858,0.4907,0.3771,False
SYN-SUBJ-023,SYN-SUBJ-023-SESS-1,2,ENCODING,synthetic,0.7243,1.5831,0.6781,0.8881,0.6018,1.3006,1.7469,0.7483,0.8137,0.418,1.1037,1.2031,0.6698,1.1394,0.3165,0.6779,1.6378,0.7761,0.7899,0.2239,0.8425,False
SYN-SUBJ-023,SYN-SUBJ-023-SESS-1,3,RECALL,synthetic,0.6836,0.7722,1.244,0.8579,0.6121,0.6853,1.1605,1.8233,0.8189,0.4079,0.8199,0.8467,1.6862,1.2723,0.5404,0.7102,0.6284,1.4647,0.9629,0.0788,0.6014,False
SYN-SUBJ-023,SYN-SUBJ-023-SESS-1,4,RECALL,synthetic,0.4662,0.8564,1.2611,1.3556,0.7911,0.8013,1.2018,1.4208,0.8902,0.1723,1.0963,0.832,1.1378,0.8752,0.3623,0.7887,1.0257,1.1363,1.2159,0.1758,0.6936,False
SYN-SUBJ-023,SYN-SUBJ-023-SESS-1,5,ENCODING,synthetic,0.5649,1.9716,0.7239,0.7238,0.2729,0.9476,1.2713,0.806,1.0629,0.6999,0.7079,1.4285,0.541,1.1097,0.312,1.1205,1.7668,1.0309,0.7101,0.679,0.2294,False
SYN-SUBJ-023,SYN-SUBJ-023-SESS-1,6,RECALL,synthetic,1.4568,1.122,1.6003,0.8874,0.6855,1.1211,0.9883,1.3246,0.7804,0.2346,0.8938,0.8526,1.2195,0.5801,0.0979,1.2277,0.9099,1.5943,0.9588,0.7175,0.0445,False
SYN-SUBJ-023,SYN-SUBJ-023-SESS-1,7,RECALL,synthetic,3.4957,2.7539,4.2553,3.0394,3.8133,2.8732,3.5404,4.5738,2.3953,3.5033,4.6729,3.2361,4.85,3.0983,3.0119,4.5406,3.2645,3.105,2.6473,3.5229,2.6271,True
SYN-SUBJ-023,SYN-SUBJ-023-SESS-1,8,ENCODING,synthetic,1.2663,1.3968,0.747,0.803,0.4308,0.7421,1.482,1.1728,0.8076,0.6614,0.3086,1.3437,0.5582,0.6504,0.4075,0.9844,1.3046,0.6939,0.6003,0.1739,0.5428,False
SYN-SUBJ-023,SYN-SUBJ-023-SESS-1,9,RECALL,synthetic,3.8114,3.5648,5.0236,4.701,3.2686,4.7492,2.3521,3.6996,2.8221,3.8138,4.9251,3.3024,5.7155,4.4936,2.01,2.5743,2.548,4.2527,4.4886,2.8703,5.8378,True
SYN-SUBJ-023,SYN-SUBJ-023-SESS-1,10,ENCODING,synthetic,1.1694,1.5359,0.6452,0.8595,0.829,0.9357,1.6046,0.9447,0.857,0.5994,1.3128,1.401,1.0241,0.7771,0.3754,1.1722,1.3359,1.2248,0.9176,0.4886,0.4787,False
SYN-SUBJ-023,SYN-SUBJ-023-SESS-1,11,NEITHER,synthetic,1.0637,1.1096,0.8179,0.8491,0.74,1.4704,0.5868,0.5874,0.9357,0.3677,1.1552,0.4379,1.4079,0.7725,0.327,1.069,0.5431,1.354,1.1886,0.2861,0.859,False
SYN-SUBJ-023,SYN-SUBJ-023-SESS-1,12,ENCODING,synthetic,0.7973,1.5482,0.6597,1.3244,0.2097,0.9503,1.1671,0.4984,0.8132,0.4814,0.7996,1.1408,0.5484,0.8893,0.0386,0.8821,1.7192,0.8913,0.7635,0.2147,0.7531,False
SYN-SUBJ-023,SYN-SUBJ-023-SESS-1,13,NEITHER,synthetic,0.5684,1.1156,0.7036,0.9324,0.2793,0.8737,1.0636,0.7136,0.9756,0.349,0.9649,0.5544,1.1318,0.8432,0.5281,0.9434,0.7804,1.4127,1.1265,0.4416,0.0163,False
SYN-SUBJ-023,SYN-SUBJ-023-SESS-1,14,ENCODING,synthetic,0.9903,1.6906,0.6191,1.4458,0.5456,1.0161,1.251,0.6484,0.9805,0.8435,0.7537,1.5006,0.7792,1.1545,0.4746,0.9563,1.1941,1.0863,0.6363,0.1521,0.3701,False
SYN-SUBJ-023,SYN-SUBJ-023-SESS-1,15,NEITHER,synthetic,1.1103,1.26,0.8623,1.0449,0.2481,1.1331,0.8138,0.8291,1.0464,0.2085,0.6873,0.6913,1.2184,0.7118,0.3859,1.1206,0.8868,0.912,0.7363,0.3121,0.6064,False
SYN-SUBJ-023,SYN-SUBJ-023-SESS-1,16,NEITHER,synthetic,1.0027,1.0192,0.8161,1.1087,0.5837,0.5241,0.6754,0.6079,0.9381,0.4592,0.9594,1.3083,0.6413,0.9619,0.2985,0.734,1.4735,0.9229,0.9664,0.7416,0.6322,False
SYN-SUBJ-023,SYN-SUBJ-023-SESS-1,17,RECALL,synthetic,1.2182,0.2666,1.5802,0.9138,0.1659,1.1411,0.9079,1.2185,0.9641,0.6288,0.6234,0.7244,1.6507,0.9412,0.3243,1.1387,0.4371,1.3203,1.1252,0.7234,0.2715,False
SYN-SUBJ-023,SYN-SUBJ-023-SESS-1,18,NEITHER,synthetic,1.2127,0.9854,0.8481,0.7174,1.0604,0.5346,0.865,1.0864,0.6631,0.3806,0.6089,0.8662,0.6168,1.0435,0.1515,0.8905,0.8497,0.9124,0.5462,0.231,0.0454,False
SYN-SUBJ-023,SYN-SUBJ-023-SESS-1,19,RECALL,synthetic,0.9493,1.1363,1.2965,0.8513,0.5091,0.7701,1.2156,1.3827,0.9158,0.2493,0.7429,1.1481,1.4949,1.3577,0.3428,0.8066,0.7327,1.766,0.8397,0.7742,0.5876,False
SYN-SUBJ-023,SYN-SUBJ-023-SESS-1,20,ENCODING,synthetic,3.3341,3.9737,4.1205,4.9064,3.4196,3.1389,3.9422,4.5913,4.6974,3.8751,4.3902,3.0349,2.9741,4.145,3.4606,3.85,3.8241,4.7244,3.2517,4.3898,3.3381,True
SYN-SUBJ-023,SYN-SUBJ-023-SESS-1,21,ENCODING,synthetic,1.0603,1.5605,0.5252,0.9108,0.3114,0.5818,1.5068,0.7655,0.7146,0.4185,0.8291,1.5893,1.2102,0.6337,0.5739,0.6856,1.8049,1.0865,1.004,0.7329,0.7803,False
SYN-SUBJ-023,SYN-SUBJ-023-SESS-1,22,ENCODING,synthetic,2.8635,2.6908,3.5661,3.5241,3.3333,3.4553,3.4252,4.6789,3.0384,4.5599,2.5613,4.0727,4.219,3.8515,2.3494,5.2748,5.3854,2.3674,4.8047,2.0255,5.3432,True
SYN-SUBJ-023,SYN-SUBJ-023-SESS-1,23,ENCODING,synthetic,1.2349,1.6366,0.9962,0.9262,0.1554,0.6357,1.7193,0.8625,1.3846,0.5958,0.75,1.5781,1.0807,0.9361,0.6035,0.7556,1.5511,0.7724,0.8002,0.0633,0.8522,False
SYN-SUBJ-023,SYN-SUBJ-023-SESS-1,24,ENCODING,synthetic,0.821,1.5423,0.9856,0.8369,0.7494,0.7641,1.6413,0.8205,0.8186,0.1709,1.012,1.5556,1.0078,1.3318,0.713,1.1021,1.3849,0.8605,1.022,0.5682,0.6811,False
SYN-SUBJ-023,SYN-SUBJ-023-SESS-1,25,NEITHER,synthetic,0.7754,0.2393,0.833,0.7381,0.8335,1.2017,1.0734,1.1612,0.7102,0.1255,1.3891,0.8196,1.024,0.6834,0.6957,0.9367,0.8575,0.7276,0.8463,0.3191,0.0035,False
SYN-SUBJ-023,SYN-SUBJ-023-SESS-1,26,RECALL,synthetic,3.8573,4.1231,4.8902,2.3862,2.3981,2.5489,4.8258,2.5242,2.5922,2.3421,3.5894,4.0238,5.7986,2.9862,2.6518,3.4065,4.3368,4.3872,3.1305,2.4058,3.6162,True
SYN-SUBJ-023,SYN-SUBJ-023-SESS-1,27,ENCODING,synthetic,0.6493,1.8374,1.142,1.0149,0.5745,0.3854,1.0758,1.0683,0.6334,0.7189,1.1331,1.535,1.3511,0.679,0.5272,1.394,1.3267,1.2303,1.3438,0.3786,0.5616,False
SYN-SUBJ-023,SYN-SUBJ-023-SESS-1,28,NEITHER,synthetic,0.9347,0.9394,0.5969,0.771,0.236,0.3266,0.8453,1.2348,1.0322,0.1701,0.51,1.1377,0.7449,0.7173,0.6693,0.405,0.9319,0.7749,1.1799,0.6094,0.4542,False
SYN-SUBJ-023,SYN-SUBJ-023-SESS-1,29,ENCODING,synthetic,4.3789,5.1464,3.8685,4.779,3.4885,4.9419,5.3936,3.9202,4.2899,3.5165,4.2019,2.796,3.6291,3.852,3.7864,3.4745,3.2636,4.2547,2.9771,2.7524,2.671,True
SYN-SUBJ-023,SYN-SUBJ-023-SESS-1,30,NEITHER,synthetic,0.9008,1.2924,0.7724,0.8962,0.0,0.9863,1.1474,0.6093,0.8583,0.4544,0.9269,0.8159,0.4139,1.144,0.0,1.2246,1.2209,1.2045,1.2968,0.5856,0.9175,False
SYN-SUBJ-023,SYN-SUBJ-023-SESS-1,31,RECALL,synthetic,0.7132,1.2511,1.3251,0.7936,0.0729,0.6596,1.2605,1.0911,0.4114,0.3665,0.9238,1.041,1.3665,1.1724,0.205,0.7989,0.6703,1.3447,1.087,0.1194,0.0273,False
SYN-SUBJ-023,SYN-SUBJ-023-SESS-1,32,RECALL,synthetic,1.4269,0.6446,1.3592,0.8273,0.212,0.573,0.8686,1.7938,1.2717,0.6715,1.192,1.0496,1.2155,0.9985,0.5599,0.8345,0.6579,1.1158,0.8064,0.0,0.9902,False
SYN-SUBJ-023,SYN-SUBJ-023-SESS-1,33,ENCODING,synthetic,0.6131,1.9799,0.8289,0.8381,0.1564,0.9604,1.6964,0.7233,1.0102,0.4115,1.0452,1.0867,1.1402,0.8853,0.0779,1.4528,1.3489,1.1365,0.925,0.2869,0.9026,False
SYN-SUBJ-023,SYN-SUBJ-023-SESS-1,34,NEITHER,synthetic,3.1299,2.4529,2.8741,3.0837,2.8291,4.4196,3.1659,4.6987,4.9015,3.0901,4.6081,4.0278,3.1854,4.5888,2.3224,3.4393,4.6599,3.6933,3.6776,3.5216,4.894,True
SYN-SUBJ-023,SYN-SUBJ-023-SESS-1,35,ENCODING,synthetic,0.5919,1.6773,0.6157,0.9429,0.1052,0.7834,1.238,1.3942,1.0336,0.6901,0.7377,1.4608,0.3092,0.4825,0.3631,0.677,1.3455,1.0539,0.796,0.2648,0.2589,False
SYN-SUBJ-023,SYN-SUBJ-023-SESS-1,36,ENCODING,synthetic,0.9819,1.9132,1.0633,1.0606,0.0659,0.9014,1.4303,0.2107,0.9611,0.0,0.7932,1.5333,0.7976,0.6554,0.774,1.188,1.37,1.0683,1.1654,0.2256,0.8042,False
SYN-SUBJ-023,SYN-SUBJ-023-SESS-1,37,ENCODING,synthetic,1.0011,1.7009,0.5072,1.1008,0.5422,1.2904,1.586,1.0334,1.3329,0.0107,0.8419,1.846,1.1546,1.0134,0.3919,0.9488,1.2356,0.8774,0.8194,0.501,0.0309,False
SYN-SUBJ-023,SYN-SUBJ-023-SESS-1,38,ENCODING,synthetic,1.0873,1.4636,0.98,0.8961,0.1757,0.7915,1.5497,1.1427,0.6073,0.3027,1.019,1.7203,1.0607,0.9453,0.7824,0.8099,1.6947,1.1851,0.5984,0.857,0.0753,False
SYN-SUBJ-023,SYN-SUBJ-023-SESS-1,39,RECALL,synthetic,0.9382,1.0511,1.2398,0.9468,0.1393,1.1146,0.6857,1.3642,0.7776,0.3251,1.2901,1.2527,1.5542,0.7924,0.3719,0.6185,1.1018,1.7036,0.5544,0.0,0.4117,False
SYN-SUBJ-023,SYN-SUBJ-023-SESS-1,40,ENCODING,synthetic,0.6587,1.6263,1.0854,0.8692,0.5797,0.9758,1.3557,0.747,0.9218,0.6441,0.6626,1.3475,1.1924,0.8196,0.3747,1.0569,1.6392,0.6745,1.1803,0.2499,0.2088,False
SYN-SUBJ-023,SYN-SUBJ-023-SESS-1,41,NEITHER,synthetic,1.0369,0.9216,0.4728,0.7892,0.437,1.2707,0.9203,0.7921,1.0534,0.2432,0.4664,0.9466,1.452,0.6523,1.0465,0.9488,0.7579,0.3908,1.0724,0.231,0.1848,False
SYN-SUBJ-023,SYN-SUBJ-023-SESS-1,42,NEITHER,synthetic,0.8797,1.1005,1.0016,0.9711,0.719,0.9527,1.2724,1.2894,0.8031,0.4081,1.0575,1.0151,0.785,0.9902,0.0,0.7838,1.0576,0.6718,0.8504,0.3332,0.5437,False
SYN-SUBJ-023,SYN-SUBJ-023-SESS-1,43,NEITHER,synthetic,0.8239,0.9894,0.7967,0.9983,0.2549,0.9997,0.881,0.7796,1.1984,0.0,0.6556,1.0695,0.959,0.7919,0.2438,0.5679,1.1769,0.7253,0.8883,0.1032,0.4064,False
SYN-SUBJ-023,SYN-SUBJ-023-SESS-1,44,RECALL,synthetic,1.017,0.936,1.228,0.9787,0.5872,0.6559,1.0085,1.7452,0.7755,0.0897,0.6709,1.2968,1.0082,0.9617,0.223,1.2452,1.0986,1.7664,1.3195,0.4485,0.4939,False
SYN-SUBJ-023,SYN-SUBJ-023-SESS-1,45,NEITHER,synthetic,0.9444,1.0337,1.147,1.1633,0.6916,0.9709,1.5875,0.7563,0.9746,0.5261,0.7582,0.8732,1.0275,0.7151,0.3624,0.9367,0.7611,0.5819,1.037,0.1106,0.1094,False
SYN-SUBJ-023,SYN-SUBJ-023-SESS-1,46,NEITHER,synthetic,0.8797,0.5149,1.0223,1.0424,0.4816,0.8688,0.7071,0.8213,0.7893,0.1057,0.7928,0.7269,1.1578,0.7716,0.3588,1.2285,1.0092,0.6401,0.9571,0.4604,0.4072,False
SYN-SUBJ-023,SYN-SUBJ-023-SESS-1,47,RECALL,synthetic,0.7546,1.0311,1.1884,0.683,0.646,1.018,0.9263,1.757,0.9397,0.2657,0.571,0.4688,1.949,0.3895,0.3581,0.892,1.3197,1.4035,0.5005,0.7293,0.3628,False
SYN-SUBJ-023,SYN-SUBJ-023-SESS-1,48,RECALL,synthetic,0.2057,1.2028,1.4315,0.7375,0.2805,1.6393,0.6063,1.5722,0.8532,0.7652,0.7222,0.6185,1.0558,0.5187,0.4333,0.8941,0.9268,1.4729,0.6026,0.7148,0.047,False
SYN-SUBJ-023,SYN-SUBJ-023-SESS-1,49,ENCODING,synthetic,1.2197,1.8567,0.8663,0.9625,0.4442,0.8617,1.9785,1.0313,0.6753,0.7177,0.735,1.8093,0.9579,0.7594,0.7583,0.7312,1.1842,0.508,1.0249,0.3371,0.823,False
SYN-SUBJ-023,SYN-SUBJ-023-SESS-1,50,NEITHER,synthetic,1.0628,1.059,0.8843,0.7009,0.1819,0.9467,0.8096,0.7697,1.1537,0.1765,0.9377,0.8301,0.9297,1.1002,0.5455,0.9528,0.9995,1.3764,0.8435,0.062,0.467,False
SYN-SUBJ-023,SYN-SUBJ-023-SESS-1,51,ENCODING,synthetic,0.5609,1.2088,1.1996,0.6296,0.7536,0.7853,1.0945,0.7876,1.3953,0.6318,0.5238,0.9385,1.1154,0.8777,0.6143,1.041,1.7362,0.8013,0.9375,0.2745,0.1281,False
SYN-SUBJ-023,SYN-SUBJ-023-SESS-1,52,RECALL,synthetic,1.3209,1.356,1.1235,0.5084,0.6901,0.7861,0.8237,1.7637,1.1274,0.6114,0.8451,0.7808,1.7112,0.4958,0.2513,1.0495,1.3836,1.3432,0.921,0.3018,0.8274,False
SYN-SUBJ-023,SYN-SUBJ-023-SESS-1,53,RECALL,synthetic,0.4109,0.8182,1.4818,0.8371,0.0,1.053,0.8933,1.4022,0.5728,0.4227,0.2685,1.0172,1.9227,0.9648,0.0371,1.3425,0.78,1.3712,1.3354,0.7685,0.0453,False
SYN-SUBJ-023,SYN-SUBJ-023-SESS-1,54,RECALL,synthetic,0.9423,1.1305,1.8242,0.3778,0.4329,0.9317,0.9684,1.5108,0.835,0.3869,1.4339,1.0041,1.5524,0.8638,0.0,0.8174,1.1766,1.3107,0.9058,0.0873,0.6245,False
SYN-SUBJ-023,SYN-SUBJ-023-SESS-1,55,RECALL,synthetic,1.094,0.8455,1.5221,1.0564,0.7881,0.8603,1.3777,1.5779,1.0206,0.5621,0.711,0.8652,1.5677,1.0589,0.8863,1.0451,0.9996,1.505,1.322,0.3191,0.4051,False
SYN-SUBJ-023,SYN-SUBJ-023-SESS-1,56,ENCODING,synthetic,1.0275,1.2055,0.5156,0.8929,0.4223,1.3069,1.2487,0.6987,1.2506,0.3513,1.0259,1.4072,0.6053,1.1521,0.0152,0.6944,1.7532,0.442,1.5572,0.6159,0.1865,False
SYN-SUBJ-023,SYN-SUBJ-023-SESS-1,57,NEITHER,synthetic,0.9872,0.5024,0.7745,0.0914,0.6369,1.1577,1.0721,0.6101,1.1394,0.7693,0.7634,1.2097,1.1241,1.4228,0.3798,1.0971,0.9136,1.0221,1.0454,0.7118,0.7534,False
SYN-SUBJ-023,SYN-SUBJ-023-SESS-1,58,ENCODING,synthetic,1.1171,1.2815,0.78,1.0072,0.2703,0.7173,2.1011,0.6817,1.0986,0.384,1.043,1.6789,0.9538,1.3502,0.5436,0.8239,1.4482,0.9488,0.775,0.2645,0.7721,False
SYN-SUBJ-023,SYN-SUBJ-023-SESS-1,59,RECALL,synthetic,0.9522,1.2958,1.4139,0.7247,0.5295,1.4302,0.9495,1.6674,1.1467,0.2906,1.0053,0.7878,1.7843,0.9976,0.6151,0.6712,0.6962,1.2642,0.859,0.2738,0.7044,False
